ISO-10303-21;
HEADER;
FILE_DESCRIPTION (( 'STEP AP214' ),
    '1' );
FILE_NAME ('Base.STEP',
    '2026-08-15T21:55:35',
    ( '' ),
    ( '' ),
    'SwSTEP 2.0',
    'SolidWorks 2024',
    '' );
FILE_SCHEMA (( 'AUTOMOTIVE_DESIGN' ));
ENDSEC;

DATA;
#1 = VERTEX_POINT ( 'NONE', #664 ) ;
#2 = CARTESIAN_POINT ( 'NONE',  ( -37.25000000000000711, 8.300000000000000711, -41.80000000000000426 ) ) ;
#3 = DIRECTION ( 'NONE',  ( 0.000000000000000000, 0.000000000000000000, -1.000000000000000000 ) ) ;
#4 = CARTESIAN_POINT ( 'NONE',  ( 28.25000000000001066, -7.971890712546760405, -44.50000000000001421 ) ) ;
#5 = PLANE ( 'NONE',  #1249 ) ;
#6 = AXIS2_PLACEMENT_3D ( 'NONE', #966, #108, #972 ) ;
#7 = CIRCLE ( 'NONE', #485, 3.908339993328527218 ) ;
#8 = VERTEX_POINT ( 'NONE', #341 ) ;
#9 = DIRECTION ( 'NONE',  ( 0.000000000000000000, 0.000000000000000000, 1.000000000000000000 ) ) ;
#10 = CARTESIAN_POINT ( 'NONE',  ( -34.22053396746018450, -7.971890712546730207, 42.03069704954235419 ) ) ;
#11 = DIRECTION ( 'NONE',  ( 0.000000000000000000, -1.000000000000000000, 0.000000000000000000 ) ) ;
#12 = CARTESIAN_POINT ( 'NONE',  ( -34.19866236420062933, -8.999999999999998224, -36.09230479665473723 ) ) ;
#13 = AXIS2_PLACEMENT_3D ( 'NONE', #298, #938, #253 ) ;
#14 = EDGE_LOOP ( 'NONE', ( #602, #1180, #1016, #609, #1040 ) ) ;
#15 = EDGE_CURVE ( 'NONE', #1244, #402, #522, .T. ) ;
#16 = DIRECTION ( 'NONE',  ( -1.000000000000000000, 0.000000000000000000, -0.000000000000000000 ) ) ;
#17 = DIRECTION ( 'NONE',  ( -0.000000000000000000, -1.000000000000000000, -0.000000000000000000 ) ) ;
#18 = DIRECTION ( 'NONE',  ( -0.000000000000000000, 1.000000000000000000, -0.000000000000000000 ) ) ;
#19 = DIRECTION ( 'NONE',  ( -0.000000000000000000, -1.000000000000000000, -0.000000000000000000 ) ) ;
#20 = DIRECTION ( 'NONE',  ( 0.000000000000000000, 0.000000000000000000, 1.000000000000000000 ) ) ;
#21 = VERTEX_POINT ( 'NONE', #249 ) ;
#22 = DIRECTION ( 'NONE',  ( 0.000000000000000000, -1.000000000000000000, 0.000000000000000000 ) ) ;
#23 = DIRECTION ( 'NONE',  ( -0.000000000000000000, 1.000000000000000000, -0.000000000000000000 ) ) ;
#24 = CARTESIAN_POINT ( 'NONE',  ( -37.24999999999999289, -7.971890712546730207, 44.50000000000000000 ) ) ;
#25 = VECTOR ( 'NONE', #1140, 1000.000000000000000 ) ;
#26 = CIRCLE ( 'NONE', #621, 3.100883105749796531 ) ;
#27 = AXIS2_PLACEMENT_3D ( 'NONE', #802, #1359, #279 ) ;
#28 = EDGE_CURVE ( 'NONE', #883, #1205, #879, .T. ) ;
#29 = DIRECTION ( 'NONE',  ( 0.000000000000000000, 0.000000000000000000, 1.000000000000000000 ) ) ;
#30 = ORIENTED_EDGE ( 'NONE', *, *, #830, .T. ) ;
#31 = EDGE_LOOP ( 'NONE', ( #608, #520, #363, #1250, #1181 ) ) ;
#32 = FACE_OUTER_BOUND ( 'NONE', #1091, .T. ) ;
#33 = CARTESIAN_POINT ( 'NONE',  ( -32.07536587546775309, 0.000000000000000000, -43.61362441525814404 ) ) ;
#34 = ADVANCED_FACE ( 'NONE', ( #869 ), #971, .F. ) ;
#35 =( BOUNDED_SURFACE ( )  B_SPLINE_SURFACE ( 3, 1, ( 
 ( #1233, #1243 ),
 ( #266, #1126 ),
 ( #1014, #481 ),
 ( #906, #1343 ),
 ( #379, #595 ),
 ( #796, #367 ),
 ( #1338, #1238 ) ),
 .UNSPECIFIED., .T., .F., .F. ) 
 B_SPLINE_SURFACE_WITH_KNOTS ( ( 4, 3, 4 ),
 ( 2, 2 ),
 ( 0.000000000000000000, 0.5000000000000000000, 1.000000000000000000 ),
 ( 0.000000000000000000, 1.000000000000000000 ),
 .UNSPECIFIED. ) 
 GEOMETRIC_REPRESENTATION_ITEM ( )  RATIONAL_B_SPLINE_SURFACE ( (
 ( 1.000000000000000000, 1.000000000000000000),
 ( 0.3333333333333333703, 0.3333333333333332038),
 ( 0.3333333333333333703, 0.3333333333333332038),
 ( 1.000000000000000000, 1.000000000000000000),
 ( 0.3333333333333333703, 0.3333333333333333703),
 ( 0.3333333333333333703, 0.3333333333333333703),
 ( 1.000000000000000000, 1.000000000000000000) ) ) 
 REPRESENTATION_ITEM ( '' )  SURFACE ( )  );
#36 = CARTESIAN_POINT ( 'NONE',  ( -40.00281055417821818, -9.000000000000000000, -41.59792590501120202 ) ) ;
#37 = EDGE_CURVE ( 'NONE', #467, #1317, #876, .T. ) ;
#38 = ORIENTED_EDGE ( 'NONE', *, *, #929, .T. ) ;
#39 = EDGE_LOOP ( 'NONE', ( #1077, #1226, #721, #663 ) ) ;
#40 = DIRECTION ( 'NONE',  ( 0.000000000000000000, 1.000000000000000000, 0.000000000000000000 ) ) ;
#41 = VERTEX_POINT ( 'NONE', #143 ) ;
#42 = CARTESIAN_POINT ( 'NONE',  ( -37.24999999999999289, -9.000000000000000000, 44.50000000000000000 ) ) ;
#43 =( NAMED_UNIT ( * ) PLANE_ANGLE_UNIT ( ) SI_UNIT ( $, .RADIAN. ) );
#44 = CARTESIAN_POINT ( 'NONE',  ( 0.000000000000000000, 4.000000000000000000, 54.62500000000000000 ) ) ;
#45 = ORIENTED_EDGE ( 'NONE', *, *, #1037, .F. ) ;
#46 = DIRECTION ( 'NONE',  ( 0.000000000000000000, 1.000000000000000000, 0.000000000000000000 ) ) ;
#47 = CONICAL_SURFACE ( 'NONE', #709, 3.100883105749796531, 0.6657627660123547342 ) ;
#48 = CIRCLE ( 'NONE', #1322, 5.249999999999997335 ) ;
#49 = DIRECTION ( 'NONE',  ( 0.000000000000000000, 1.000000000000000000, 0.000000000000000000 ) ) ;
#50 = ADVANCED_FACE ( 'NONE', ( #759 ), #414, .T. ) ;
#51 = DIRECTION ( 'NONE',  ( 0.000000000000000000, 0.000000000000000000, 1.000000000000000000 ) ) ;
#52 = CARTESIAN_POINT ( 'NONE',  ( -37.25000000000000711, 8.300000000000000711, -44.50000000000000000 ) ) ;
#53 = VERTEX_POINT ( 'NONE', #514 ) ;
#54 = EDGE_CURVE ( 'NONE', #528, #197, #1049, .T. ) ;
#55 = CARTESIAN_POINT ( 'NONE',  ( -37.24999999999999289, -9.000000000000000000, -44.50000000000000000 ) ) ;
#56 = DIRECTION ( 'NONE',  ( 0.000000000000000000, 0.000000000000000000, -1.000000000000000000 ) ) ;
#57 = DIRECTION ( 'NONE',  ( 1.000000000000000000, 0.000000000000000000, 0.000000000000000000 ) ) ;
#58 = ORIENTED_EDGE ( 'NONE', *, *, #1315, .T. ) ;
#59 = ADVANCED_FACE ( 'NONE', ( #1271 ), #923, .T. ) ;
#60 = DIRECTION ( 'NONE',  ( 0.000000000000000000, 0.000000000000000000, 1.000000000000000000 ) ) ;
#61 = CARTESIAN_POINT ( 'NONE',  ( 23.07536587546777440, 0.000000000000000000, -45.38637558474186307 ) ) ;
#62 = FACE_OUTER_BOUND ( 'NONE', #1345, .T. ) ;
#63 = EDGE_LOOP ( 'NONE', ( #244, #797 ) ) ;
#64 = FACE_OUTER_BOUND ( 'NONE', #417, .T. ) ;
#65 = DIRECTION ( 'NONE',  ( 0.000000000000000000, -1.000000000000000000, 0.000000000000000000 ) ) ;
#66 = ADVANCED_FACE ( 'NONE', ( #217 ), #1184, .T. ) ;
#67 = CIRCLE ( 'NONE', #600, 3.908339993328534323 ) ;
#68 = CARTESIAN_POINT ( 'NONE',  ( 35.19738529401593752, 0.000000000000000000, -53.96289266432263076 ) ) ;
#69 = VERTEX_POINT ( 'NONE', #1159 ) ;
#70 = CIRCLE ( 'NONE', #489, 5.249999999999997335 ) ;
#71 = DIRECTION ( 'NONE',  ( 0.000000000000000000, -1.000000000000000000, 0.000000000000000000 ) ) ;
#72 = DIRECTION ( 'NONE',  ( 7.564143457625512654E-17, 0.7864458845212062288, -0.6176591865419452931 ) ) ;
#73 = EDGE_CURVE ( 'NONE', #1012, #1384, #508, .T. ) ;
#74 = DIRECTION ( 'NONE',  ( -0.000000000000000000, 1.000000000000000000, -0.000000000000000000 ) ) ;
#75 = ORIENTED_EDGE ( 'NONE', *, *, #310, .F. ) ;
#76 = EDGE_LOOP ( 'NONE', ( #1351, #918 ) ) ;
#77 = AXIS2_PLACEMENT_3D ( 'NONE', #389, #432, #1197 ) ;
#78 = FACE_OUTER_BOUND ( 'NONE', #778, .T. ) ;
#79 = CARTESIAN_POINT ( 'NONE',  ( -37.25000000000000711, -1.700000000000000178, -44.50000000000000000 ) ) ;
#80 = DIRECTION ( 'NONE',  ( 0.000000000000000000, -1.000000000000000000, 0.000000000000000000 ) ) ;
#81 = ORIENTED_EDGE ( 'NONE', *, *, #727, .F. ) ;
#82 = ORIENTED_EDGE ( 'NONE', *, *, #1270, .T. ) ;
#83 = ORIENTED_EDGE ( 'NONE', *, *, #1066, .F. ) ;
#84 = DIRECTION ( 'NONE',  ( 0.000000000000000000, 0.000000000000000000, -1.000000000000000000 ) ) ;
#85 = CARTESIAN_POINT ( 'NONE',  ( 28.25000000000001066, 4.000000000000000000, 39.24999999999998579 ) ) ;
#86 = PRODUCT_DEFINITION ( 'NON CONOSCIUTO', '', #1119, #204 ) ;
#87 = CARTESIAN_POINT ( 'NONE',  ( 33.42463412453224691, 0.000000000000000000, 45.38637558474184175 ) ) ;
#88 = AXIS2_PLACEMENT_3D ( 'NONE', #914, #392, #60 ) ;
#89 = CONICAL_SURFACE ( 'NONE', #263, 3.100883105749824509, 0.6657627660123536240 ) ;
#90 = VERTEX_POINT ( 'NONE', #626 ) ;
#91 = ORIENTED_EDGE ( 'NONE', *, *, #913, .T. ) ;
#92 = VECTOR ( 'NONE', #148, 1000.000000000000000 ) ;
#93 = ADVANCED_FACE ( 'NONE', ( #854 ), #265, .T. ) ;
#94 = EDGE_CURVE ( 'NONE', #570, #742, #327, .T. ) ;
#95 = CARTESIAN_POINT ( 'NONE',  ( 31.00281055417823595, -9.000000000000000000, -47.40207409498881219 ) ) ;
#96 = CARTESIAN_POINT ( 'NONE',  ( 28.24999999999999645, 8.300000000000000711, -44.50000000000000000 ) ) ;
#97 = EDGE_CURVE ( 'NONE', #210, #518, #529, .T. ) ;
#98 = FACE_OUTER_BOUND ( 'NONE', #76, .T. ) ;
#99 = EDGE_CURVE ( 'NONE', #1132, #126, #1279, .T. ) ;
#100 = EDGE_LOOP ( 'NONE', ( #1333, #142, #674, #306 ) ) ;
#101 = EDGE_LOOP ( 'NONE', ( #1057, #728, #393, #91 ) ) ;
#102 = CARTESIAN_POINT ( 'NONE',  ( -45.80695874415582125, -9.000000000000000000, 41.89645298663236161 ) ) ;
#103 = CARTESIAN_POINT ( 'NONE',  ( -37.25000000000000711, -1.700000000000000178, -44.50000000000000000 ) ) ;
#104 = DIRECTION ( 'NONE',  ( 0.000000000000000000, 0.000000000000000000, 1.000000000000000000 ) ) ;
#105 = ORIENTED_EDGE ( 'NONE', *, *, #837, .T. ) ;
#106 = VERTEX_POINT ( 'NONE', #703 ) ;
#107 = CARTESIAN_POINT ( 'NONE',  ( 25.19866236420064709, -9.000000000000000000, 36.09230479665474434 ) ) ;
#108 = DIRECTION ( 'NONE',  ( -0.000000000000000000, 1.000000000000000000, -0.000000000000000000 ) ) ;
#109 = DIRECTION ( 'NONE',  ( 0.000000000000000000, -1.000000000000000000, 0.000000000000000000 ) ) ;
#110 = VECTOR ( 'NONE', #546, 1000.000000000000114 ) ;
#111 = ORIENTED_EDGE ( 'NONE', *, *, #786, .T. ) ;
#112 = CARTESIAN_POINT ( 'NONE',  ( 36.80695874415582836, -8.999999999999998224, 47.10354701336763839 ) ) ;
#113 = DIRECTION ( 'NONE',  ( 0.000000000000000000, 0.000000000000000000, 1.000000000000000000 ) ) ;
#114 = VECTOR ( 'NONE', #1116, 1000.000000000000000 ) ;
#115 = AXIS2_PLACEMENT_3D ( 'NONE', #788, #40, #51 ) ;
#116 = CARTESIAN_POINT ( 'NONE',  ( -37.24999999999999289, -3.322323671374412868, 44.50000000000000000 ) ) ;
#117 = CARTESIAN_POINT ( 'NONE',  ( -37.24999999999999289, -7.971890712546728430, -44.50000000000000000 ) ) ;
#118 = AXIS2_PLACEMENT_3D ( 'NONE', #732, #523, #3 ) ;
#119 = ORIENTED_EDGE ( 'NONE', *, *, #422, .F. ) ;
#120 = CARTESIAN_POINT ( 'NONE',  ( -34.49718944582176761, -9.000000000000000000, 41.59792590501120202 ) ) ;
#121 = CARTESIAN_POINT ( 'NONE',  ( -42.42463412453222560, 0.000000000000000000, 43.61362441525814404 ) ) ;
#122 = PLANE ( 'NONE',  #639 ) ;
#123 =( BOUNDED_SURFACE ( )  B_SPLINE_SURFACE ( 3, 1, ( 
 ( #172, #1022 ),
 ( #589, #1349 ),
 ( #68, #698 ),
 ( #901, #706 ),
 ( #371, #1237 ),
 ( #1337, #1131 ),
 ( #61, #490 ) ),
 .UNSPECIFIED., .T., .F., .F. ) 
 B_SPLINE_SURFACE_WITH_KNOTS ( ( 4, 3, 4 ),
 ( 2, 2 ),
 ( 0.000000000000000000, 0.5000000000000000000, 1.000000000000000000 ),
 ( 0.000000000000000000, 1.000000000000000000 ),
 .UNSPECIFIED. ) 
 GEOMETRIC_REPRESENTATION_ITEM ( )  RATIONAL_B_SPLINE_SURFACE ( (
 ( 1.000000000000000000, 1.000000000000000000),
 ( 0.3333333333333333703, 0.3333333333333332038),
 ( 0.3333333333333333703, 0.3333333333333332038),
 ( 1.000000000000000000, 1.000000000000000000),
 ( 0.3333333333333333703, 0.3333333333333333703),
 ( 0.3333333333333333703, 0.3333333333333333703),
 ( 1.000000000000000000, 1.000000000000000000) ) ) 
 REPRESENTATION_ITEM ( '' )  SURFACE ( )  );
#124 = CARTESIAN_POINT ( 'NONE',  ( -45.87500000000001421, 4.000000000000000000, -54.62500000000000000 ) ) ;
#125 = SURFACE_SIDE_STYLE ('',( #997 ) ) ;
#126 = VERTEX_POINT ( 'NONE', #628 ) ;
#127 = CARTESIAN_POINT ( 'NONE',  ( 24.84811704495147566, 0.000000000000000000, -55.73564383380634979 ) ) ;
#128 = CARTESIAN_POINT ( 'NONE',  ( -37.25000000000000711, 8.300000000000000711, -39.25000000000000000 ) ) ;
#129 = CARTESIAN_POINT ( 'NONE',  ( -40.30133763579935646, -9.000000000000000000, 36.09230479665474434 ) ) ;
#130 = LINE ( 'NONE', #983, #960 ) ;
#131 = ORIENTED_EDGE ( 'NONE', *, *, #135, .F. ) ;
#132 = DIRECTION ( 'NONE',  ( 0.000000000000000000, 0.000000000000000000, -1.000000000000000000 ) ) ;
#133 = EDGE_CURVE ( 'NONE', #1371, #555, #500, .T. ) ;
#134 = CARTESIAN_POINT ( 'NONE',  ( -37.24999999999999289, -9.000000000000000000, 47.60088310574979431 ) ) ;
#135 = EDGE_CURVE ( 'NONE', #498, #1309, #1028, .T. ) ;
#136 = DIRECTION ( 'NONE',  ( 0.000000000000000000, 0.000000000000000000, -1.000000000000000000 ) ) ;
#137 = AXIS2_PLACEMENT_3D ( 'NONE', #199, #1255, #409 ) ;
#138 = AXIS2_PLACEMENT_3D ( 'NONE', #890, #258, #801 ) ;
#139 = AXIS2_PLACEMENT_3D ( 'NONE', #739, #23, #448 ) ;
#140 = EDGE_CURVE ( 'NONE', #1317, #853, #612, .T. ) ;
#141 = DIRECTION ( 'NONE',  ( 0.000000000000000000, -1.000000000000000000, 0.000000000000000000 ) ) ;
#142 = ORIENTED_EDGE ( 'NONE', *, *, #234, .T. ) ;
#143 = CARTESIAN_POINT ( 'NONE',  ( 28.25000000000001066, 4.000000000000000000, 49.74999999999997868 ) ) ;
#144 = DIRECTION ( 'NONE',  ( -0.000000000000000000, 1.000000000000000000, -0.000000000000000000 ) ) ;
#145 = ORIENTED_EDGE ( 'NONE', *, *, #830, .F. ) ;
#146 = DIRECTION ( 'NONE',  ( 0.000000000000000000, 0.000000000000000000, -1.000000000000000000 ) ) ;
#147 = AXIS2_PLACEMENT_3D ( 'NONE', #1374, #1112, #805 ) ;
#148 = DIRECTION ( 'NONE',  ( 1.270278060211849690E-16, 0.000000000000000000, -1.000000000000000000 ) ) ;
#149 = ORIENTED_EDGE ( 'NONE', *, *, #723, .T. ) ;
#150 = LINE ( 'NONE', #1105, #400 ) ;
#151 = DIRECTION ( 'NONE',  ( 0.000000000000000000, 0.000000000000000000, -1.000000000000000000 ) ) ;
#152 = CARTESIAN_POINT ( 'NONE',  ( -37.24999999999999289, -9.000000000000000000, -41.39911689425020569 ) ) ;
#153 = EDGE_CURVE ( 'NONE', #498, #1284, #885, .T. ) ;
#154 = CARTESIAN_POINT ( 'NONE',  ( 28.25000000000001066, 8.300000000000000711, 49.74999999999997868 ) ) ;
#155 = ORIENTED_EDGE ( 'NONE', *, *, #665, .F. ) ;
#156 = AXIS2_PLACEMENT_3D ( 'NONE', #117, #974, #441 ) ;
#157 = CONICAL_SURFACE ( 'NONE', #1187, 3.100883105749789426, 0.6657627660123640601 ) ;
#158 = CIRCLE ( 'NONE', #1190, 3.100883105749824509 ) ;
#159 = MECHANICAL_DESIGN_GEOMETRIC_PRESENTATION_REPRESENTATION (  '', ( #532 ), #179 ) ;
#160 = VECTOR ( 'NONE', #466, 1000.000000000000000 ) ;
#161 = CARTESIAN_POINT ( 'NONE',  ( 28.25000000000001066, -9.000000000000000000, -44.50000000000001421 ) ) ;
#162 = ADVANCED_FACE ( 'NONE', ( #1347, #98 ), #1060, .T. ) ;
#163 = LINE ( 'NONE', #1203, #942 ) ;
#164 = CARTESIAN_POINT ( 'NONE',  ( -37.25000000000000711, -1.700000000000000178, -47.19999999999999574 ) ) ;
#165 = ORIENTED_EDGE ( 'NONE', *, *, #479, .T. ) ;
#166 = ORIENTED_EDGE ( 'NONE', *, *, #94, .F. ) ;
#167 = CARTESIAN_POINT ( 'NONE',  ( 28.25000000000001066, -8.999999999999996447, 47.60088310574978721 ) ) ;
#168 = CARTESIAN_POINT ( 'NONE',  ( -34.22053396746017739, -7.971890712546728430, -46.96930295045763160 ) ) ;
#169 = ORIENTED_EDGE ( 'NONE', *, *, #99, .F. ) ;
#170 = EDGE_CURVE ( 'NONE', #210, #657, #556, .T. ) ;
#171 = CARTESIAN_POINT ( 'NONE',  ( -37.25000000000000711, 8.300000000000000711, -47.19999999999998863 ) ) ;
#172 = CARTESIAN_POINT ( 'NONE',  ( 23.07536587546777440, 0.000000000000000000, -45.38637558474186307 ) ) ;
#173 =( NAMED_UNIT ( * ) PLANE_ANGLE_UNIT ( ) SI_UNIT ( $, .RADIAN. ) );
#174 = ORIENTED_EDGE ( 'NONE', *, *, #1129, .F. ) ;
#175 = EDGE_CURVE ( 'NONE', #1165, #41, #606, .T. ) ;
#176 = DIRECTION ( 'NONE',  ( 0.000000000000000000, 0.000000000000000000, 1.000000000000000000 ) ) ;
#177 = CARTESIAN_POINT ( 'NONE',  ( -37.24999999999999289, 0.000000000000000000, -44.50000000000000000 ) ) ;
#178 = CARTESIAN_POINT ( 'NONE',  ( -37.24999999999999289, 8.300000000000000711, 44.50000000000000000 ) ) ;
#179 =( GEOMETRIC_REPRESENTATION_CONTEXT ( 3 ) GLOBAL_UNCERTAINTY_ASSIGNED_CONTEXT ( ( #1056 ) ) GLOBAL_UNIT_ASSIGNED_CONTEXT ( ( #1302, #43, #975 ) ) REPRESENTATION_CONTEXT ( 'NONE', 'WORKASPACE' ) );
#180 = CIRCLE ( 'NONE', #359, 5.249999999999997335 ) ;
#181 = SHAPE_DEFINITION_REPRESENTATION ( #587, #705 ) ;
#182 = VERTEX_POINT ( 'NONE', #184 ) ;
#183 = CARTESIAN_POINT ( 'NONE',  ( -37.24999999999999289, -7.971890712546728430, -44.50000000000000000 ) ) ;
#184 = CARTESIAN_POINT ( 'NONE',  ( 28.24999999999999645, 8.300000000000000711, -39.25000000000000000 ) ) ;
#185 = DIRECTION ( 'NONE',  ( 0.000000000000000000, 0.000000000000000000, -1.000000000000000000 ) ) ;
#186 = ORIENTED_EDGE ( 'NONE', *, *, #786, .F. ) ;
#187 = ORIENTED_EDGE ( 'NONE', *, *, #586, .F. ) ;
#188 = EDGE_CURVE ( 'NONE', #403, #555, #619, .T. ) ;
#189 = AXIS2_PLACEMENT_3D ( 'NONE', #1025, #71, #919 ) ;
#190 = FACE_OUTER_BOUND ( 'NONE', #100, .T. ) ;
#191 = CARTESIAN_POINT ( 'NONE',  ( -34.22053396746017739, -7.971890712546728430, -46.96930295045763160 ) ) ;
#192 = FACE_OUTER_BOUND ( 'NONE', #39, .T. ) ;
#193 = EDGE_CURVE ( 'NONE', #1032, #287, #427, .T. ) ;
#194 = EDGE_CURVE ( 'NONE', #459, #436, #1342, .T. ) ;
#195 = ORIENTED_EDGE ( 'NONE', *, *, #1381, .F. ) ;
#196 = ORIENTED_EDGE ( 'NONE', *, *, #54, .T. ) ;
#197 = VERTEX_POINT ( 'NONE', #85 ) ;
#198 = DIRECTION ( 'NONE',  ( 0.000000000000000000, 0.000000000000000000, 1.000000000000000000 ) ) ;
#199 = CARTESIAN_POINT ( 'NONE',  ( -37.25000000000000711, 8.300000000000000711, -44.50000000000000000 ) ) ;
#200 = AXIS2_PLACEMENT_3D ( 'NONE', #161, #713, #1247 ) ;
#201 = ADVANCED_FACE ( 'NONE', ( #397 ), #1148, .T. ) ;
#202 = AXIS2_PLACEMENT_3D ( 'NONE', #1000, #46, #884 ) ;
#203 = VERTEX_POINT ( 'NONE', #1246 ) ;
#204 = PRODUCT_DEFINITION_CONTEXT ( 'detailed design', #1290, 'design' ) ;
#205 = ORIENTED_EDGE ( 'NONE', *, *, #892, .T. ) ;
#206 = VECTOR ( 'NONE', #584, 1000.000000000000000 ) ;
#207 = CARTESIAN_POINT ( 'NONE',  ( 35.19738529401593752, 0.000000000000000000, 35.03710733567736213 ) ) ;
#208 = PLANE ( 'NONE',  #536 ) ;
#209 = DIRECTION ( 'NONE',  ( 0.000000000000000000, -1.000000000000000000, 0.000000000000000000 ) ) ;
#210 = VERTEX_POINT ( 'NONE', #277 ) ;
#211 = VERTEX_POINT ( 'NONE', #836 ) ;
#212 = CARTESIAN_POINT ( 'NONE',  ( 33.42463412453224691, 0.000000000000000000, -43.61362441525815825 ) ) ;
#213 = DIRECTION ( 'NONE',  ( -0.000000000000000000, 1.000000000000000000, -0.000000000000000000 ) ) ;
#214 = FACE_OUTER_BOUND ( 'NONE', #955, .T. ) ;
#215 = ADVANCED_FACE ( 'NONE', ( #920 ), #1267, .T. ) ;
#216 = ORIENTED_EDGE ( 'NONE', *, *, #1268, .T. ) ;
#217 = FACE_OUTER_BOUND ( 'NONE', #839, .T. ) ;
#218 = CARTESIAN_POINT ( 'NONE',  ( 28.25000000000001066, -7.971890712546760405, -44.50000000000001421 ) ) ;
#219 = CARTESIAN_POINT ( 'NONE',  ( -40.00281055417821818, -9.000000000000000000, 47.40207409498879798 ) ) ;
#220 = CARTESIAN_POINT ( 'NONE',  ( -42.42463412453222560, 0.000000000000000000, -45.38637558474184885 ) ) ;
#221 = AXIS2_PLACEMENT_3D ( 'NONE', #1363, #293, #1295 ) ;
#222 = ORIENTED_EDGE ( 'NONE', *, *, #1017, .T. ) ;
#223 = CARTESIAN_POINT ( 'NONE',  ( 21.30261470598407669, 0.000000000000000000, 53.96289266432260234 ) ) ;
#224 = DIRECTION ( 'NONE',  ( 0.000000000000000000, 0.000000000000000000, 1.000000000000000000 ) ) ;
#225 = VECTOR ( 'NONE', #482, 1000.000000000000000 ) ;
#226 = CARTESIAN_POINT ( 'NONE',  ( 25.22053396746020937, -7.971890712546730207, 46.96930295045763160 ) ) ;
#227 = CARTESIAN_POINT ( 'NONE',  ( -44.19738529401593041, 0.000000000000000000, -35.03710733567737634 ) ) ;
#228 = CARTESIAN_POINT ( 'NONE',  ( -40.30133763579935646, -9.000000000000000000, -52.90769520334524145 ) ) ;
#229 = ORIENTED_EDGE ( 'NONE', *, *, #1017, .F. ) ;
#230 = DIRECTION ( 'NONE',  ( 0.000000000000000000, 0.000000000000000000, -1.000000000000000000 ) ) ;
#231 = CARTESIAN_POINT ( 'NONE',  ( -37.25000000000000711, 8.300000000000000711, -44.50000000000000000 ) ) ;
#232 = CARTESIAN_POINT ( 'NONE',  ( -40.27946603253979418, -7.971890712546728430, -42.03069704954235419 ) ) ;
#233 = DIRECTION ( 'NONE',  ( 0.000000000000000000, 0.000000000000000000, 1.000000000000000000 ) ) ;
#234 = EDGE_CURVE ( 'NONE', #403, #810, #1262, .T. ) ;
#235 = ORIENTED_EDGE ( 'NONE', *, *, #37, .T. ) ;
#236 = ORIENTED_EDGE ( 'NONE', *, *, #1228, .F. ) ;
#237 = LINE ( 'NONE', #1006, #206 ) ;
#238 = ADVANCED_FACE ( 'NONE', ( #812 ), #554, .T. ) ;
#239 = DIRECTION ( 'NONE',  ( 1.270278060211849690E-16, 0.000000000000000000, 1.000000000000000000 ) ) ;
#240 = CARTESIAN_POINT ( 'NONE',  ( -37.25000000000000711, 4.000000000000000000, -39.25000000000000000 ) ) ;
#241 = ORIENTED_EDGE ( 'NONE', *, *, #823, .T. ) ;
#242 = EDGE_LOOP ( 'NONE', ( #791, #1100 ) ) ;
#243 = CYLINDRICAL_SURFACE ( 'NONE', #358, 2.699999999999993960 ) ;
#244 = ORIENTED_EDGE ( 'NONE', *, *, #1172, .F. ) ;
#245 = DIRECTION ( 'NONE',  ( 0.000000000000000000, 0.000000000000000000, 1.000000000000000000 ) ) ;
#246 = AXIS2_PLACEMENT_3D ( 'NONE', #627, #1088, #224 ) ;
#247 = FACE_OUTER_BOUND ( 'NONE', #1115, .T. ) ;
#248 = VECTOR ( 'NONE', #1380, 1000.000000000000000 ) ;
#249 = CARTESIAN_POINT ( 'NONE',  ( 28.24999999999999645, 8.300000000000000711, -49.74999999999999289 ) ) ;
#250 = DIRECTION ( 'NONE',  ( -0.000000000000000000, -1.000000000000000000, -0.000000000000000000 ) ) ;
#251 = EDGE_LOOP ( 'NONE', ( #229, #542, #765, #1175 ) ) ;
#252 = CARTESIAN_POINT ( 'NONE',  ( -40.00281055417821818, -9.000000000000000000, -41.59792590501120202 ) ) ;
#253 = DIRECTION ( 'NONE',  ( 0.000000000000000000, 0.000000000000000000, 1.000000000000000000 ) ) ;
#254 = CARTESIAN_POINT ( 'NONE',  ( -34.49718944582176761, -9.000000000000000000, -47.40207409498879798 ) ) ;
#255 = DIRECTION ( 'NONE',  ( 0.000000000000000000, 0.5150380749100539335, 0.8571673007021124446 ) ) ;
#256 = VERTEX_POINT ( 'NONE', #740 ) ;
#257 = CARTESIAN_POINT ( 'NONE',  ( -37.25000000000000711, 4.000000000000000000, -44.50000000000000000 ) ) ;
#258 = DIRECTION ( 'NONE',  ( -0.000000000000000000, 1.000000000000000000, -0.000000000000000000 ) ) ;
#259 = CARTESIAN_POINT ( 'NONE',  ( 0.000000000000000000, 0.000000000000000000, 0.000000000000000000 ) ) ;
#260 = ORIENTED_EDGE ( 'NONE', *, *, #517, .T. ) ;
#261 = EDGE_LOOP ( 'NONE', ( #205, #404 ) ) ;
#262 = AXIS2_PLACEMENT_3D ( 'NONE', #281, #717, #289 ) ;
#263 = AXIS2_PLACEMENT_3D ( 'NONE', #1107, #458, #20 ) ;
#264 = FACE_BOUND ( 'NONE', #852, .T. ) ;
#265 =( BOUNDED_SURFACE ( )  B_SPLINE_SURFACE ( 3, 1, ( 
 ( #303, #731 ),
 ( #1058, #102 ),
 ( #631, #521 ),
 ( #1285, #120 ),
 ( #951, #419 ),
 ( #840, #320 ),
 ( #738, #1064 ) ),
 .UNSPECIFIED., .T., .F., .F. ) 
 B_SPLINE_SURFACE_WITH_KNOTS ( ( 4, 3, 4 ),
 ( 2, 2 ),
 ( 0.000000000000000000, 0.5000000000000000000, 1.000000000000000000 ),
 ( 0.000000000000000000, 1.000000000000000000 ),
 .UNSPECIFIED. ) 
 GEOMETRIC_REPRESENTATION_ITEM ( )  RATIONAL_B_SPLINE_SURFACE ( (
 ( 1.000000000000000000, 1.000000000000000000),
 ( 0.3333333333333333703, 0.3333333333333332038),
 ( 0.3333333333333333703, 0.3333333333333332038),
 ( 1.000000000000000000, 1.000000000000000000),
 ( 0.3333333333333333703, 0.3333333333333333703),
 ( 0.3333333333333333703, 0.3333333333333333703),
 ( 1.000000000000000000, 1.000000000000000000) ) ) 
 REPRESENTATION_ITEM ( '' )  SURFACE ( )  );
#266 = CARTESIAN_POINT ( 'NONE',  ( 24.84811704495147566, 0.000000000000000000, 33.26435616619365732 ) ) ;
#267 = DIRECTION ( 'NONE',  ( -0.000000000000000000, 1.000000000000000000, -0.000000000000000000 ) ) ;
#268 = ORIENTED_EDGE ( 'NONE', *, *, #898, .F. ) ;
#269 = ADVANCED_FACE ( 'NONE', ( #214 ), #1067, .T. ) ;
#270 = DIRECTION ( 'NONE',  ( -0.000000000000000000, 1.000000000000000000, -0.000000000000000000 ) ) ;
#271 = EDGE_CURVE ( 'NONE', #8, #69, #7, .T. ) ;
#272 = FACE_OUTER_BOUND ( 'NONE', #31, .T. ) ;
#273 = FACE_OUTER_BOUND ( 'NONE', #833, .T. ) ;
#274 = EDGE_LOOP ( 'NONE', ( #1146, #931, #216, #149 ) ) ;
#275 = LINE ( 'NONE', #1261, #1108 ) ;
#276 = EDGE_CURVE ( 'NONE', #860, #1038, #70, .T. ) ;
#277 = CARTESIAN_POINT ( 'NONE',  ( -37.25000000000000711, -1.700000000000000178, -41.79999999999999716 ) ) ;
#278 = CARTESIAN_POINT ( 'NONE',  ( 28.25000000000001066, -7.971890712546760405, -44.50000000000001421 ) ) ;
#279 = DIRECTION ( 'NONE',  ( 0.000000000000000000, 0.000000000000000000, 1.000000000000000000 ) ) ;
#280 = ORIENTED_EDGE ( 'NONE', *, *, #649, .F. ) ;
#281 = CARTESIAN_POINT ( 'NONE',  ( 0.000000000000000000, 4.000000000000000000, 0.000000000000000000 ) ) ;
#282 = CARTESIAN_POINT ( 'NONE',  ( -40.00281055417821818, -9.000000000000000000, -41.59792590501120202 ) ) ;
#283 = AXIS2_PLACEMENT_3D ( 'NONE', #747, #318, #540 ) ;
#284 = DIRECTION ( 'NONE',  ( 0.000000000000000000, 0.000000000000000000, 1.000000000000000000 ) ) ;
#285 = CIRCLE ( 'NONE', #1252, 3.908339993328534323 ) ;
#286 = VECTOR ( 'NONE', #594, 1000.000000000000114 ) ;
#287 = VERTEX_POINT ( 'NONE', #953 ) ;
#288 = ORIENTED_EDGE ( 'NONE', *, *, #683, .F. ) ;
#289 = DIRECTION ( 'NONE',  ( 0.000000000000000000, 0.000000000000000000, 1.000000000000000000 ) ) ;
#290 = DIRECTION ( 'NONE',  ( -0.000000000000000000, 1.000000000000000000, -0.000000000000000000 ) ) ;
#291 = ADVANCED_FACE ( 'NONE', ( #1074 ), #47, .T. ) ;
#292 = EDGE_CURVE ( 'NONE', #287, #1032, #935, .T. ) ;
#293 = DIRECTION ( 'NONE',  ( -0.000000000000000000, -1.000000000000000000, -0.000000000000000000 ) ) ;
#294 = ORIENTED_EDGE ( 'NONE', *, *, #678, .T. ) ;
#295 = VERTEX_POINT ( 'NONE', #124 ) ;
#296 = ORIENTED_EDGE ( 'NONE', *, *, #396, .T. ) ;
#297 = CARTESIAN_POINT ( 'NONE',  ( 31.65188295504854921, 0.000000000000000000, 55.73564383380631426 ) ) ;
#298 = CARTESIAN_POINT ( 'NONE',  ( 28.24999999999999645, 4.000000000000000000, -44.50000000000000000 ) ) ;
#299 = CARTESIAN_POINT ( 'NONE',  ( -40.65188295504852789, 0.000000000000000000, -55.73564383380632847 ) ) ;
#300 = EDGE_CURVE ( 'NONE', #126, #203, #1364, .T. ) ;
#301 = EDGE_LOOP ( 'NONE', ( #999, #1152, #1376 ) ) ;
#302 = ORIENTED_EDGE ( 'NONE', *, *, #439, .F. ) ;
#303 = CARTESIAN_POINT ( 'NONE',  ( -42.42463412453222560, 0.000000000000000000, 43.61362441525814404 ) ) ;
#304 = CARTESIAN_POINT ( 'NONE',  ( -37.24999999999999289, 8.300000000000000711, 39.25000000000000000 ) ) ;
#305 = VECTOR ( 'NONE', #820, 1000.000000000000000 ) ;
#306 = ORIENTED_EDGE ( 'NONE', *, *, #416, .T. ) ;
#307 = ORIENTED_EDGE ( 'NONE', *, *, #73, .F. ) ;
#308 = CARTESIAN_POINT ( 'NONE',  ( 31.00281055417823595, -9.000000000000000000, 41.59792590501119491 ) ) ;
#309 = FACE_OUTER_BOUND ( 'NONE', #301, .T. ) ;
#310 = EDGE_CURVE ( 'NONE', #860, #991, #638, .T. ) ;
#311 = CARTESIAN_POINT ( 'NONE',  ( -28.69304125584417520, -8.999999999999998224, -41.89645298663234740 ) ) ;
#312 = ADVANCED_FACE ( 'NONE', ( #864 ), #325, .T. ) ;
#313 = ORIENTED_EDGE ( 'NONE', *, *, #1340, .F. ) ;
#314 = CARTESIAN_POINT ( 'NONE',  ( 25.19866236420064709, -9.000000000000000000, -52.90769520334525566 ) ) ;
#315 = CARTESIAN_POINT ( 'NONE',  ( -34.22053396746018450, -7.971890712546730207, 42.03069704954235419 ) ) ;
#316 = AXIS2_PLACEMENT_3D ( 'NONE', #395, #828, #84 ) ;
#317 = DIRECTION ( 'NONE',  ( 0.000000000000000000, 0.000000000000000000, -1.000000000000000000 ) ) ;
#318 = DIRECTION ( 'NONE',  ( 0.000000000000000000, 1.000000000000000000, 0.000000000000000000 ) ) ;
#319 = ORIENTED_EDGE ( 'NONE', *, *, #1106, .T. ) ;
#320 = CARTESIAN_POINT ( 'NONE',  ( -34.19866236420062933, -8.999999999999998224, 52.90769520334524145 ) ) ;
#321 = DIRECTION ( 'NONE',  ( 0.000000000000000000, 0.000000000000000000, -1.000000000000000000 ) ) ;
#322 = CARTESIAN_POINT ( 'NONE',  ( -40.65188295504852789, 0.000000000000000000, 33.26435616619367153 ) ) ;
#323 = CARTESIAN_POINT ( 'NONE',  ( -37.24999999999999289, -9.000000000000000000, 44.50000000000000000 ) ) ;
#324 = PRODUCT_RELATED_PRODUCT_CATEGORY ( 'part', '', ( #480 ) ) ;
#325 = CONICAL_SURFACE ( 'NONE', #283, 3.100883105749796531, 0.6657627660123605073 ) ;
#326 = CIRCLE ( 'NONE', #88, 5.249999999999997335 ) ;
#327 = CIRCLE ( 'NONE', #1298, 5.249999999999997335 ) ;
#328 = ORIENTED_EDGE ( 'NONE', *, *, #15, .F. ) ;
#329 = AXIS2_PLACEMENT_3D ( 'NONE', #967, #399, #863 ) ;
#330 = ORIENTED_EDGE ( 'NONE', *, *, #1084, .F. ) ;
#331 = CARTESIAN_POINT ( 'NONE',  ( -32.07536587546775309, 0.000000000000000000, 45.38637558474184885 ) ) ;
#332 = AXIS2_PLACEMENT_3D ( 'NONE', #380, #1015, #577 ) ;
#333 = DIRECTION ( 'NONE',  ( 1.000000000000000000, -0.000000000000000000, 0.000000000000000000 ) ) ;
#334 = FACE_OUTER_BOUND ( 'NONE', #261, .T. ) ;
#335 = EDGE_CURVE ( 'NONE', #497, #991, #1002, .T. ) ;
#336 = ADVANCED_FACE ( 'NONE', ( #334 ), #5, .T. ) ;
#337 = CARTESIAN_POINT ( 'NONE',  ( -37.24999999999999289, -7.971890712546730207, 40.59166000667146790 ) ) ;
#338 = ADVANCED_FACE ( 'NONE', ( #968 ), #655, .F. ) ;
#339 = B_SPLINE_CURVE_WITH_KNOTS ( 'NONE', 1,
 ( #637, #232 ),
 .UNSPECIFIED., .F., .F.,
 ( 2, 2 ),
 ( 0.000000000000000000, 0.8857656347274145414 ),
 .UNSPECIFIED. ) ;
#340 = ORIENTED_EDGE ( 'NONE', *, *, #1045, .T. ) ;
#341 = CARTESIAN_POINT ( 'NONE',  ( 28.25000000000001066, -7.971890712546760405, -40.59166000667148211 ) ) ;
#342 = LINE ( 'NONE', #44, #486 ) ;
#343 = CARTESIAN_POINT ( 'NONE',  ( -45.87500000000000711, 4.000000000000000000, 5.827400601221861804E-15 ) ) ;
#344 = ADVANCED_FACE ( 'NONE', ( #1101 ), #1043, .T. ) ;
#345 = DIRECTION ( 'NONE',  ( 1.270278060211849690E-16, 0.000000000000000000, 1.000000000000000000 ) ) ;
#346 = ORIENTED_EDGE ( 'NONE', *, *, #276, .F. ) ;
#347 = CARTESIAN_POINT ( 'NONE',  ( -37.24999999999999289, -1.700000000000000178, 41.79999999999999716 ) ) ;
#348 = DIRECTION ( 'NONE',  ( 0.000000000000000000, 0.000000000000000000, 1.000000000000000000 ) ) ;
#349 = ORIENTED_EDGE ( 'NONE', *, *, #276, .T. ) ;
#350 = CARTESIAN_POINT ( 'NONE',  ( 0.000000000000000000, 0.000000000000000000, 0.000000000000000000 ) ) ;
#351 = DIRECTION ( 'NONE',  ( 0.000000000000000000, 1.000000000000000000, 0.000000000000000000 ) ) ;
#352 = B_SPLINE_CURVE_WITH_KNOTS ( 'NONE', 1,
 ( #1135, #1236 ),
 .UNSPECIFIED., .F., .F.,
 ( 2, 2 ),
 ( 0.000000000000000000, 0.8857656347274147635 ),
 .UNSPECIFIED. ) ;
#353 = DIRECTION ( 'NONE',  ( 0.000000000000000000, -1.000000000000000000, 0.000000000000000000 ) ) ;
#354 = DIRECTION ( 'NONE',  ( -0.000000000000000000, 1.000000000000000000, -0.000000000000000000 ) ) ;
#355 = ORIENTED_EDGE ( 'NONE', *, *, #939, .T. ) ;
#356 = DIRECTION ( 'NONE',  ( 0.000000000000000000, -1.000000000000000000, 0.000000000000000000 ) ) ;
#357 = VECTOR ( 'NONE', #599, 1000.000000000000114 ) ;
#358 = AXIS2_PLACEMENT_3D ( 'NONE', #666, #564, #462 ) ;
#359 = AXIS2_PLACEMENT_3D ( 'NONE', #231, #745, #1161 ) ;
#360 = SURFACE_STYLE_USAGE ( .BOTH. , #125 ) ;
#361 = VECTOR ( 'NONE', #390, 1000.000000000000000 ) ;
#362 = LINE ( 'NONE', #1326, #889 ) ;
#363 = ORIENTED_EDGE ( 'NONE', *, *, #684, .T. ) ;
#364 = DIRECTION ( 'NONE',  ( 0.000000000000000000, 1.000000000000000000, 0.000000000000000000 ) ) ;
#365 = AXIS2_PLACEMENT_3D ( 'NONE', #572, #1041, #811 ) ;
#366 = CYLINDRICAL_SURFACE ( 'NONE', #1323, 2.699999999999993960 ) ;
#367 = CARTESIAN_POINT ( 'NONE',  ( 31.30133763579937778, -8.999999999999998224, 52.90769520334522724 ) ) ;
#368 = ORIENTED_EDGE ( 'NONE', *, *, #99, .T. ) ;
#369 = EDGE_LOOP ( 'NONE', ( #548, #1251, #492, #614 ) ) ;
#370 = FACE_BOUND ( 'NONE', #964, .T. ) ;
#371 = CARTESIAN_POINT ( 'NONE',  ( 31.65188295504854921, 0.000000000000000000, -33.26435616619369284 ) ) ;
#372 = CARTESIAN_POINT ( 'NONE',  ( -40.27946603253979418, -7.971890712546730207, 46.96930295045763870 ) ) ;
#373 = ORIENTED_EDGE ( 'NONE', *, *, #915, .T. ) ;
#374 = AXIS2_PLACEMENT_3D ( 'NONE', #257, #1013, #1242 ) ;
#375 = EDGE_CURVE ( 'NONE', #1309, #203, #339, .T. ) ;
#376 = AXIS2_PLACEMENT_3D ( 'NONE', #789, #603, #590 ) ;
#377 = PLANE ( 'NONE',  #865 ) ;
#378 = EDGE_CURVE ( 'NONE', #295, #810, #426, .T. ) ;
#379 = CARTESIAN_POINT ( 'NONE',  ( 31.65188295504854921, 0.000000000000000000, 55.73564383380631426 ) ) ;
#380 = CARTESIAN_POINT ( 'NONE',  ( -37.24999999999999289, -7.971890712546730207, 44.50000000000000000 ) ) ;
#381 = ORIENTED_EDGE ( 'NONE', *, *, #1300, .F. ) ;
#382 = DIRECTION ( 'NONE',  ( -0.000000000000000000, 1.000000000000000000, -0.000000000000000000 ) ) ;
#383 = DIRECTION ( 'NONE',  ( -0.000000000000000000, 1.000000000000000000, -0.000000000000000000 ) ) ;
#384 = CARTESIAN_POINT ( 'NONE',  ( 28.25000000000001066, -7.971890712546730207, 40.59166000667145369 ) ) ;
#385 = CIRCLE ( 'NONE', #13, 5.249999999999997335 ) ;
#386 = CARTESIAN_POINT ( 'NONE',  ( 28.25000000000001066, -7.971890712546760405, -48.40833999332853921 ) ) ;
#387 = DIRECTION ( 'NONE',  ( 0.000000000000000000, 0.000000000000000000, 1.000000000000000000 ) ) ;
#388 = ORIENTED_EDGE ( 'NONE', *, *, #517, .F. ) ;
#389 = CARTESIAN_POINT ( 'NONE',  ( 28.25000000000001066, 0.000000000000000000, 44.49999999999999289 ) ) ;
#390 = DIRECTION ( 'NONE',  ( 1.270278060211849690E-16, 0.000000000000000000, -1.000000000000000000 ) ) ;
#391 = ADVANCED_FACE ( 'NONE', ( #450 ), #122, .T. ) ;
#392 = DIRECTION ( 'NONE',  ( 0.000000000000000000, 1.000000000000000000, 0.000000000000000000 ) ) ;
#393 = ORIENTED_EDGE ( 'NONE', *, *, #1166, .T. ) ;
#394 = EDGE_LOOP ( 'NONE', ( #1263, #418 ) ) ;
#395 = CARTESIAN_POINT ( 'NONE',  ( -37.24999999999999289, 8.300000000000000711, 44.50000000000000000 ) ) ;
#396 = EDGE_CURVE ( 'NONE', #402, #729, #1306, .T. ) ;
#397 = FACE_OUTER_BOUND ( 'NONE', #944, .T. ) ;
#398 = AXIS2_PLACEMENT_3D ( 'NONE', #4, #613, #958 ) ;
#399 = DIRECTION ( 'NONE',  ( -0.000000000000000000, 1.000000000000000000, -0.000000000000000000 ) ) ;
#400 = VECTOR ( 'NONE', #566, 1000.000000000000000 ) ;
#401 = AXIS2_PLACEMENT_3D ( 'NONE', #278, #793, #696 ) ;
#402 = VERTEX_POINT ( 'NONE', #1185 ) ;
#403 = VERTEX_POINT ( 'NONE', #1072 ) ;
#404 = ORIENTED_EDGE ( 'NONE', *, *, #629, .T. ) ;
#405 = DIRECTION ( 'NONE',  ( -0.000000000000000000, 1.000000000000000000, -0.000000000000000000 ) ) ;
#406 =( BOUNDED_SURFACE ( )  B_SPLINE_SURFACE ( 3, 1, ( 
 ( #675, #252 ),
 ( #988, #1307 ),
 ( #859, #228 ),
 ( #1113, #254 ),
 ( #662, #650 ),
 ( #561, #763 ),
 ( #1083, #36 ) ),
 .UNSPECIFIED., .T., .F., .F. ) 
 B_SPLINE_SURFACE_WITH_KNOTS ( ( 4, 3, 4 ),
 ( 2, 2 ),
 ( 0.000000000000000000, 0.5000000000000000000, 1.000000000000000000 ),
 ( 0.000000000000000000, 1.000000000000000000 ),
 .UNSPECIFIED. ) 
 GEOMETRIC_REPRESENTATION_ITEM ( )  RATIONAL_B_SPLINE_SURFACE ( (
 ( 1.000000000000000000, 1.000000000000000000),
 ( 0.3333333333333333703, 0.3333333333333332038),
 ( 0.3333333333333333703, 0.3333333333333332038),
 ( 1.000000000000000000, 1.000000000000000000),
 ( 0.3333333333333333703, 0.3333333333333333703),
 ( 0.3333333333333333703, 0.3333333333333333703),
 ( 1.000000000000000000, 1.000000000000000000) ) ) 
 REPRESENTATION_ITEM ( '' )  SURFACE ( )  );
#407 = CARTESIAN_POINT ( 'NONE',  ( 31.27946603253981550, -7.971890712546730207, 42.03069704954234709 ) ) ;
#408 = EDGE_CURVE ( 'NONE', #211, #824, #1021, .T. ) ;
#409 = DIRECTION ( 'NONE',  ( 0.000000000000000000, -0.000000000000000000, 1.000000000000000000 ) ) ;
#410 = ORIENTED_EDGE ( 'NONE', *, *, #1106, .F. ) ;
#411 = ORIENTED_EDGE ( 'NONE', *, *, #1340, .T. ) ;
#412 = CARTESIAN_POINT ( 'NONE',  ( 23.07536587546777440, 0.000000000000000000, -45.38637558474186307 ) ) ;
#413 = CARTESIAN_POINT ( 'NONE',  ( 28.25000000000001066, -9.000000000000000000, -47.60088310574983694 ) ) ;
#414 =( BOUNDED_SURFACE ( )  B_SPLINE_SURFACE ( 3, 1, ( 
 ( #437, #1087 ),
 ( #127, #956 ),
 ( #1070, #314 ),
 ( #212, #95 ),
 ( #1079, #827 ),
 ( #1385, #645 ),
 ( #412, #617 ) ),
 .UNSPECIFIED., .T., .F., .F. ) 
 B_SPLINE_SURFACE_WITH_KNOTS ( ( 4, 3, 4 ),
 ( 2, 2 ),
 ( 0.000000000000000000, 0.5000000000000000000, 1.000000000000000000 ),
 ( 0.000000000000000000, 1.000000000000000000 ),
 .UNSPECIFIED. ) 
 GEOMETRIC_REPRESENTATION_ITEM ( )  RATIONAL_B_SPLINE_SURFACE ( (
 ( 1.000000000000000000, 1.000000000000000000),
 ( 0.3333333333333333703, 0.3333333333333332038),
 ( 0.3333333333333333703, 0.3333333333333332038),
 ( 1.000000000000000000, 1.000000000000000000),
 ( 0.3333333333333333703, 0.3333333333333333703),
 ( 0.3333333333333333703, 0.3333333333333333703),
 ( 1.000000000000000000, 1.000000000000000000) ) ) 
 REPRESENTATION_ITEM ( '' )  SURFACE ( )  );
#415 = DIRECTION ( 'NONE',  ( 0.000000000000000000, 0.000000000000000000, -1.000000000000000000 ) ) ;
#416 = EDGE_CURVE ( 'NONE', #295, #1153, #1198, .T. ) ;
#417 = EDGE_LOOP ( 'NONE', ( #75, #950, #1264, #1206 ) ) ;
#418 = ORIENTED_EDGE ( 'NONE', *, *, #905, .F. ) ;
#419 = CARTESIAN_POINT ( 'NONE',  ( -28.69304125584417520, -8.999999999999998224, 47.10354701336765260 ) ) ;
#420 = DIRECTION ( 'NONE',  ( -0.000000000000000000, 1.000000000000000000, -0.000000000000000000 ) ) ;
#421 = DIRECTION ( 'NONE',  ( -0.000000000000000000, 1.000000000000000000, -0.000000000000000000 ) ) ;
#422 = EDGE_CURVE ( 'NONE', #1293, #256, #465, .T. ) ;
#423 = ORIENTED_EDGE ( 'NONE', *, *, #678, .F. ) ;
#424 = CIRCLE ( 'NONE', #139, 2.699999999999987299 ) ;
#425 = LINE ( 'NONE', #1280, #779 ) ;
#426 = LINE ( 'NONE', #647, #1321 ) ;
#427 = CIRCLE ( 'NONE', #1215, 5.249999999999997335 ) ;
#428 = CARTESIAN_POINT ( 'NONE',  ( 28.25000000000001066, 8.300000000000000711, 44.49999999999998579 ) ) ;
#429 = ORIENTED_EDGE ( 'NONE', *, *, #416, .F. ) ;
#430 = B_SPLINE_CURVE_WITH_KNOTS ( 'NONE', 1,
 ( #1127, #372 ),
 .UNSPECIFIED., .F., .F.,
 ( 2, 2 ),
 ( 0.000000000000000000, 0.8857656347274146524 ),
 .UNSPECIFIED. ) ;
#431 = CARTESIAN_POINT ( 'NONE',  ( 31.30133763579937778, -8.999999999999998224, 52.90769520334522724 ) ) ;
#432 = DIRECTION ( 'NONE',  ( 0.000000000000000000, -1.000000000000000000, 0.000000000000000000 ) ) ;
#433 = AXIS2_PLACEMENT_3D ( 'NONE', #677, #382, #198 ) ;
#434 = CARTESIAN_POINT ( 'NONE',  ( -30.30261470598404827, 0.000000000000000000, 35.03710733567737634 ) ) ;
#435 = DIRECTION ( 'NONE',  ( 0.000000000000000000, 0.000000000000000000, -1.000000000000000000 ) ) ;
#436 = VERTEX_POINT ( 'NONE', #719 ) ;
#437 = CARTESIAN_POINT ( 'NONE',  ( 23.07536587546777440, 0.000000000000000000, -45.38637558474186307 ) ) ;
#438 = DIRECTION ( 'NONE',  ( 1.775406928709322734E-15, 0.000000000000000000, -1.000000000000000000 ) ) ;
#439 = EDGE_CURVE ( 'NONE', #1085, #563, #1186, .T. ) ;
#440 = DIRECTION ( 'NONE',  ( 1.775406928709322734E-15, 0.000000000000000000, -1.000000000000000000 ) ) ;
#441 = DIRECTION ( 'NONE',  ( 0.000000000000000000, 0.000000000000000000, -1.000000000000000000 ) ) ;
#442 = ADVANCED_FACE ( 'NONE', ( #1089 ), #849, .T. ) ;
#443 = CARTESIAN_POINT ( 'NONE',  ( -37.25000000000000711, 8.300000000000000711, -39.25000000000000000 ) ) ;
#444 = AXIS2_PLACEMENT_3D ( 'NONE', #894, #787, #1336 ) ;
#445 = ORIENTED_EDGE ( 'NONE', *, *, #408, .T. ) ;
#446 = CONICAL_SURFACE ( 'NONE', #755, 2.700000000000001066, 1.029744258676654756 ) ;
#447 = CARTESIAN_POINT ( 'NONE',  ( -37.24999999999999289, -9.000000000000000000, 44.50000000000000000 ) ) ;
#448 = DIRECTION ( 'NONE',  ( 0.000000000000000000, 0.000000000000000000, 1.000000000000000000 ) ) ;
#449 = VECTOR ( 'NONE', #250, 1000.000000000000000 ) ;
#450 = FACE_OUTER_BOUND ( 'NONE', #949, .T. ) ;
#451 = EDGE_CURVE ( 'NONE', #518, #816, #1003, .T. ) ;
#452 = CARTESIAN_POINT ( 'NONE',  ( 28.25000000000001066, 4.000000000000000000, 44.49999999999998579 ) ) ;
#453 = EDGE_LOOP ( 'NONE', ( #1360, #715, #302, #681, #388 ) ) ;
#454 = ORIENTED_EDGE ( 'NONE', *, *, #170, .T. ) ;
#455 = CARTESIAN_POINT ( 'NONE',  ( -37.25000000000000711, 8.300000000000000711, -44.50000000000000000 ) ) ;
#456 = FACE_BOUND ( 'NONE', #1327, .T. ) ;
#457 = AXIS2_PLACEMENT_3D ( 'NONE', #1093, #132, #16 ) ;
#458 = DIRECTION ( 'NONE',  ( 0.000000000000000000, 1.000000000000000000, 0.000000000000000000 ) ) ;
#459 = VERTEX_POINT ( 'NONE', #226 ) ;
#460 = ADVANCED_FACE ( 'NONE', ( #192 ), #1281, .T. ) ;
#461 = ORIENTED_EDGE ( 'NONE', *, *, #1283, .F. ) ;
#462 = DIRECTION ( 'NONE',  ( 0.000000000000000000, 0.000000000000000000, 1.000000000000000000 ) ) ;
#463 = EDGE_LOOP ( 'NONE', ( #1383, #1062, #1174, #625, #1151 ) ) ;
#464 = LINE ( 'NONE', #878, #940 ) ;
#465 = CIRCLE ( 'NONE', #398, 3.908339993328527218 ) ;
#466 = DIRECTION ( 'NONE',  ( 1.000000000000000000, -0.000000000000000000, 0.000000000000000000 ) ) ;
#467 = VERTEX_POINT ( 'NONE', #116 ) ;
#468 = FACE_BOUND ( 'NONE', #242, .T. ) ;
#469 = CYLINDRICAL_SURFACE ( 'NONE', #444, 5.249999999999997335 ) ;
#470 = CARTESIAN_POINT ( 'NONE',  ( 36.87500000000000000, 0.000000000000000000, 4.684150347031194692E-15 ) ) ;
#471 = CARTESIAN_POINT ( 'NONE',  ( -37.24999999999999289, -1.700000000000000178, 41.79999999999999716 ) ) ;
#472 = ORIENTED_EDGE ( 'NONE', *, *, #837, .F. ) ;
#473 = APPLICATION_CONTEXT ( 'automotive_design' ) ;
#474 = DIRECTION ( 'NONE',  ( 0.000000000000000000, -1.000000000000000000, 0.000000000000000000 ) ) ;
#475 = CARTESIAN_POINT ( 'NONE',  ( -42.42463412453222560, 0.000000000000000000, -45.38637558474184885 ) ) ;
#476 = ORIENTED_EDGE ( 'NONE', *, *, #1300, .T. ) ;
#477 = ADVANCED_FACE ( 'NONE', ( #746 ), #695, .T. ) ;
#478 = CARTESIAN_POINT ( 'NONE',  ( 28.25000000000001066, -9.000000000000000000, 44.49999999999999289 ) ) ;
#479 = EDGE_CURVE ( 'NONE', #814, #897, #158, .T. ) ;
#480 = PRODUCT ( 'Base', 'Base', '', ( #707 ) ) ;
#481 = CARTESIAN_POINT ( 'NONE',  ( 25.19866236420064709, -9.000000000000000000, 36.09230479665474434 ) ) ;
#482 = DIRECTION ( 'NONE',  ( 1.049727191138618819E-16, 0.5150380749100539335, -0.8571673007021124446 ) ) ;
#483 = ORIENTED_EDGE ( 'NONE', *, *, #954, .T. ) ;
#484 = CYLINDRICAL_SURFACE ( 'NONE', #316, 5.249999999999997335 ) ;
#485 = AXIS2_PLACEMENT_3D ( 'NONE', #547, #1179, #435 ) ;
#486 = VECTOR ( 'NONE', #1120, 1000.000000000000000 ) ;
#487 = DIRECTION ( 'NONE',  ( 0.000000000000000000, 0.000000000000000000, -1.000000000000000000 ) ) ;
#488 = CONICAL_SURFACE ( 'NONE', #912, 2.700000000000001066, 1.029744258676654756 ) ;
#489 = AXIS2_PLACEMENT_3D ( 'NONE', #762, #1082, #233 ) ;
#490 = CARTESIAN_POINT ( 'NONE',  ( 25.49718944582178537, -9.000000000000000000, -41.59792590501120912 ) ) ;
#491 = DIRECTION ( 'NONE',  ( 0.000000000000000000, 0.000000000000000000, 1.000000000000000000 ) ) ;
#492 = ORIENTED_EDGE ( 'NONE', *, *, #1193, .T. ) ;
#493 = DIRECTION ( 'NONE',  ( 0.000000000000000000, 0.7864458845212125571, 0.6176591865419371885 ) ) ;
#494 = CARTESIAN_POINT ( 'NONE',  ( -37.24999999999999289, 8.300000000000000711, 41.80000000000000426 ) ) ;
#495 = DIRECTION ( 'NONE',  ( 0.000000000000000000, 0.000000000000000000, -1.000000000000000000 ) ) ;
#496 = CIRCLE ( 'NONE', #77, 5.249999999999997335 ) ;
#497 = VERTEX_POINT ( 'NONE', #774 ) ;
#498 = VERTEX_POINT ( 'NONE', #33 ) ;
#499 = CARTESIAN_POINT ( 'NONE',  ( 28.25000000000001066, -7.971890712546730207, 44.49999999999999289 ) ) ;
#500 = LINE ( 'NONE', #1134, #670 ) ;
#501 = CARTESIAN_POINT ( 'NONE',  ( -40.00281055417821818, -9.000000000000000000, 47.40207409498879798 ) ) ;
#502 = ORIENTED_EDGE ( 'NONE', *, *, #892, .F. ) ;
#503 = ORIENTED_EDGE ( 'NONE', *, *, #1210, .T. ) ;
#504 = ORIENTED_EDGE ( 'NONE', *, *, #408, .F. ) ;
#505 = CARTESIAN_POINT ( 'NONE',  ( -37.24999999999999289, -9.000000000000000000, 41.39911689425019858 ) ) ;
#506 = DIRECTION ( 'NONE',  ( 0.000000000000000000, -1.000000000000000000, 0.000000000000000000 ) ) ;
#507 = CIRCLE ( 'NONE', #374, 5.249999999999997335 ) ;
#508 = CIRCLE ( 'NONE', #1366, 5.249999999999997335 ) ;
#509 = CARTESIAN_POINT ( 'NONE',  ( 31.27946603253981550, -7.971890712546730207, 42.03069704954234709 ) ) ;
#510 = AXIS2_PLACEMENT_3D ( 'NONE', #672, #49, #29 ) ;
#511 = CIRCLE ( 'NONE', #138, 3.908339993328534323 ) ;
#512 = ORIENTED_EDGE ( 'NONE', *, *, #1149, .F. ) ;
#513 = ORIENTED_EDGE ( 'NONE', *, *, #15, .T. ) ;
#514 = CARTESIAN_POINT ( 'NONE',  ( 23.07536587546777440, 0.000000000000000000, -45.38637558474186307 ) ) ;
#515 = DIRECTION ( 'NONE',  ( -0.000000000000000000, 1.000000000000000000, -0.000000000000000000 ) ) ;
#516 = CARTESIAN_POINT ( 'NONE',  ( 36.87500000000000000, 4.000000000000000000, 54.62500000000000000 ) ) ;
#517 = EDGE_CURVE ( 'NONE', #1205, #845, #464, .T. ) ;
#518 = VERTEX_POINT ( 'NONE', #571 ) ;
#519 = UNCERTAINTY_MEASURE_WITH_UNIT (LENGTH_MEASURE( 1.000000000000000082E-05 ), #1350, 'distance_accuracy_value', 'NONE');
#520 = ORIENTED_EDGE ( 'NONE', *, *, #1143, .T. ) ;
#521 = CARTESIAN_POINT ( 'NONE',  ( -40.30133763579935646, -9.000000000000000000, 36.09230479665474434 ) ) ;
#522 = CIRCLE ( 'NONE', #996, 3.100883105749796531 ) ;
#523 = DIRECTION ( 'NONE',  ( -0.000000000000000000, 1.000000000000000000, -0.000000000000000000 ) ) ;
#524 = ADVANCED_FACE ( 'NONE', ( #669, #893, #456, #468, #1111 ), #1313, .F. ) ;
#525 = DIRECTION ( 'NONE',  ( 0.000000000000000000, 0.000000000000000000, -1.000000000000000000 ) ) ;
#526 = EDGE_CURVE ( 'NONE', #883, #563, #150, .T. ) ;
#527 = EDGE_LOOP ( 'NONE', ( #1339, #990, #722, #1145 ) ) ;
#528 = VERTEX_POINT ( 'NONE', #1095 ) ;
#529 = LINE ( 'NONE', #2, #1173 ) ;
#530 = CARTESIAN_POINT ( 'NONE',  ( 28.24999999999999645, 8.300000000000000711, -44.50000000000000000 ) ) ;
#531 = CARTESIAN_POINT ( 'NONE',  ( -37.24999999999999289, 8.300000000000000711, 49.74999999999999289 ) ) ;
#532 = STYLED_ITEM ( 'NONE', ( #1218 ), #601 ) ;
#533 = VECTOR ( 'NONE', #1224, 1000.000000000000000 ) ;
#534 = ORIENTED_EDGE ( 'NONE', *, *, #702, .T. ) ;
#535 = VERTEX_POINT ( 'NONE', #995 ) ;
#536 = AXIS2_PLACEMENT_3D ( 'NONE', #760, #653, #1170 ) ;
#537 = CARTESIAN_POINT ( 'NONE',  ( 24.84811704495147566, 0.000000000000000000, 33.26435616619365732 ) ) ;
#538 = CARTESIAN_POINT ( 'NONE',  ( 28.25000000000001066, -7.971890712546730207, 44.49999999999999289 ) ) ;
#539 = CARTESIAN_POINT ( 'NONE',  ( -45.80695874415582125, -9.000000000000000000, 41.89645298663236161 ) ) ;
#540 = DIRECTION ( 'NONE',  ( 0.000000000000000000, 0.000000000000000000, 1.000000000000000000 ) ) ;
#541 = EDGE_CURVE ( 'NONE', #1205, #883, #26, .T. ) ;
#542 = ORIENTED_EDGE ( 'NONE', *, *, #140, .T. ) ;
#543 = ADVANCED_FACE ( 'NONE', ( #559 ), #780, .T. ) ;
#544 = ORIENTED_EDGE ( 'NONE', *, *, #1020, .F. ) ;
#545 = DIRECTION ( 'NONE',  ( 0.000000000000000000, 0.000000000000000000, -1.000000000000000000 ) ) ;
#546 = DIRECTION ( 'NONE',  ( 7.564143457625479374E-17, 0.7864458845212082272, -0.6176591865419426286 ) ) ;
#547 = CARTESIAN_POINT ( 'NONE',  ( 28.25000000000001066, -7.971890712546760405, -44.50000000000001421 ) ) ;
#548 = ORIENTED_EDGE ( 'NONE', *, *, #133, .F. ) ;
#549 = ADVANCED_FACE ( 'NONE', ( #1320 ), #406, .T. ) ;
#550 = ORIENTED_EDGE ( 'NONE', *, *, #97, .F. ) ;
#551 = FACE_OUTER_BOUND ( 'NONE', #1167, .T. ) ;
#552 = CARTESIAN_POINT ( 'NONE',  ( -33.84811704495145790, 0.000000000000000000, 55.73564383380632847 ) ) ;
#553 = FACE_OUTER_BOUND ( 'NONE', #1110, .T. ) ;
#554 =( BOUNDED_SURFACE ( )  B_SPLINE_SURFACE ( 3, 1, ( 
 ( #1375, #282 ),
 ( #299, #726 ),
 ( #733, #1164 ),
 ( #712, #1142 ),
 ( #1034, #311 ),
 ( #227, #12 ),
 ( #220, #1171 ) ),
 .UNSPECIFIED., .T., .F., .F. ) 
 B_SPLINE_SURFACE_WITH_KNOTS ( ( 4, 3, 4 ),
 ( 2, 2 ),
 ( 0.000000000000000000, 0.5000000000000000000, 1.000000000000000000 ),
 ( 0.000000000000000000, 1.000000000000000000 ),
 .UNSPECIFIED. ) 
 GEOMETRIC_REPRESENTATION_ITEM ( )  RATIONAL_B_SPLINE_SURFACE ( (
 ( 1.000000000000000000, 1.000000000000000000),
 ( 0.3333333333333333703, 0.3333333333333332038),
 ( 0.3333333333333333703, 0.3333333333333332038),
 ( 1.000000000000000000, 1.000000000000000000),
 ( 0.3333333333333333703, 0.3333333333333333703),
 ( 0.3333333333333333703, 0.3333333333333333703),
 ( 1.000000000000000000, 1.000000000000000000) ) ) 
 REPRESENTATION_ITEM ( '' )  SURFACE ( )  );
#555 = VERTEX_POINT ( 'NONE', #782 ) ;
#556 = CIRCLE ( 'NONE', #1276, 2.700000000000001066 ) ;
#557 = VERTEX_POINT ( 'NONE', #152 ) ;
#558 = CARTESIAN_POINT ( 'NONE',  ( -45.87500000000000000, 4.000000000000000000, 54.62500000000000000 ) ) ;
#559 = FACE_OUTER_BOUND ( 'NONE', #926, .T. ) ;
#560 = EDGE_CURVE ( 'NONE', #211, #1, #579, .T. ) ;
#561 = CARTESIAN_POINT ( 'NONE',  ( -44.19738529401593041, 0.000000000000000000, -35.03710733567737634 ) ) ;
#562 = ORIENTED_EDGE ( 'NONE', *, *, #335, .F. ) ;
#563 = VERTEX_POINT ( 'NONE', #337 ) ;
#564 = DIRECTION ( 'NONE',  ( -0.000000000000000000, 1.000000000000000000, -0.000000000000000000 ) ) ;
#565 = ORIENTED_EDGE ( 'NONE', *, *, #378, .T. ) ;
#566 = DIRECTION ( 'NONE',  ( 7.564143457625425139E-17, 0.7864458845212118909, -0.6176591865419381877 ) ) ;
#567 = CIRCLE ( 'NONE', #433, 2.699999999999987299 ) ;
#568 = ADVANCED_FACE ( 'NONE', ( #553 ), #446, .F. ) ;
#569 = DIRECTION ( 'NONE',  ( -0.000000000000000000, 1.000000000000000000, -0.000000000000000000 ) ) ;
#570 = VERTEX_POINT ( 'NONE', #240 ) ;
#571 = CARTESIAN_POINT ( 'NONE',  ( -37.25000000000000711, 8.300000000000002487, -41.80000000000001137 ) ) ;
#572 = CARTESIAN_POINT ( 'NONE',  ( -37.25000000000000711, 8.300000000000000711, -44.50000000000000000 ) ) ;
#573 = CARTESIAN_POINT ( 'NONE',  ( 36.87500000000000000, 4.000000000000000000, 4.684150347031194692E-15 ) ) ;
#574 = AXIS2_PLACEMENT_3D ( 'NONE', #24, #18, #440 ) ;
#575 = CARTESIAN_POINT ( 'NONE',  ( -45.87500000000001421, 0.000000000000000000, -54.62500000000000000 ) ) ;
#576 = AXIS2_PLACEMENT_3D ( 'NONE', #499, #515, #151 ) ;
#577 = DIRECTION ( 'NONE',  ( 0.000000000000000000, 0.000000000000000000, -1.000000000000000000 ) ) ;
#578 = ORIENTED_EDGE ( 'NONE', *, *, #768, .F. ) ;
#579 = CIRCLE ( 'NONE', #1367, 5.249999999999997335 ) ;
#580 =( GEOMETRIC_REPRESENTATION_CONTEXT ( 3 ) GLOBAL_UNCERTAINTY_ASSIGNED_CONTEXT ( ( #519 ) ) GLOBAL_UNIT_ASSIGNED_CONTEXT ( ( #1350, #173, #680 ) ) REPRESENTATION_CONTEXT ( 'NONE', 'WORKASPACE' ) );
#581 = EDGE_CURVE ( 'NONE', #1038, #860, #1118, .T. ) ;
#582 = CARTESIAN_POINT ( 'NONE',  ( -37.24999999999999289, -9.000000000000000000, -44.50000000000000000 ) ) ;
#583 = ADVANCED_FACE ( 'NONE', ( #1291 ), #89, .T. ) ;
#584 = DIRECTION ( 'NONE',  ( -0.000000000000000000, -1.000000000000000000, -0.000000000000000000 ) ) ;
#585 = ORIENTED_EDGE ( 'NONE', *, *, #671, .T. ) ;
#586 = EDGE_CURVE ( 'NONE', #41, #197, #689, .T. ) ;
#587 = PRODUCT_DEFINITION_SHAPE ( 'NONE', 'NONE',  #86 ) ;
#588 = CARTESIAN_POINT ( 'NONE',  ( -37.25000000000000711, -1.700000000000000178, -47.19999999999999574 ) ) ;
#589 = CARTESIAN_POINT ( 'NONE',  ( 24.84811704495147566, 0.000000000000000000, -55.73564383380634979 ) ) ;
#590 = DIRECTION ( 'NONE',  ( -1.270278060211849936E-16, 0.000000000000000000, -1.000000000000000000 ) ) ;
#591 = ORIENTED_EDGE ( 'NONE', *, *, #1084, .T. ) ;
#592 = ADVANCED_FACE ( 'NONE', ( #247 ), #1097, .F. ) ;
#593 = DIRECTION ( 'NONE',  ( 0.000000000000000000, 0.000000000000000000, 1.000000000000000000 ) ) ;
#594 = DIRECTION ( 'NONE',  ( 0.000000000000000000, 0.7864458845212062288, 0.6176591865419452931 ) ) ;
#595 = CARTESIAN_POINT ( 'NONE',  ( 36.80695874415582836, -8.999999999999998224, 47.10354701336763839 ) ) ;
#596 = ORIENTED_EDGE ( 'NONE', *, *, #727, .T. ) ;
#597 = CARTESIAN_POINT ( 'NONE',  ( 36.87500000000000000, 0.000000000000000000, -54.62500000000000000 ) ) ;
#598 = DIRECTION ( 'NONE',  ( 0.000000000000000000, 0.000000000000000000, -1.000000000000000000 ) ) ;
#599 = DIRECTION ( 'NONE',  ( 0.000000000000000000, 0.7864458845212082272, 0.6176591865419426286 ) ) ;
#600 = AXIS2_PLACEMENT_3D ( 'NONE', #538, #1386, #438 ) ;
#601 = MANIFOLD_SOLID_BREP ( 'Foro per Vite M3-1', #1355 ) ;
#602 = ORIENTED_EDGE ( 'NONE', *, *, #1037, .T. ) ;
#603 = DIRECTION ( 'NONE',  ( 1.000000000000000000, 0.000000000000000000, -1.270278060211849936E-16 ) ) ;
#604 = ORIENTED_EDGE ( 'NONE', *, *, #1228, .T. ) ;
#605 = DIRECTION ( 'NONE',  ( 0.000000000000000000, 1.000000000000000000, 0.000000000000000000 ) ) ;
#606 = LINE ( 'NONE', #806, #248 ) ;
#607 = FACE_OUTER_BOUND ( 'NONE', #1055, .T. ) ;
#608 = ORIENTED_EDGE ( 'NONE', *, *, #1172, .T. ) ;
#609 = ORIENTED_EDGE ( 'NONE', *, *, #300, .T. ) ;
#610 = ORIENTED_EDGE ( 'NONE', *, *, #768, .T. ) ;
#611 = CARTESIAN_POINT ( 'NONE',  ( -37.24999999999999289, -7.971890712546730207, 48.40833999332852500 ) ) ;
#612 = LINE ( 'NONE', #494, #305 ) ;
#613 = DIRECTION ( 'NONE',  ( -0.000000000000000000, 1.000000000000000000, -0.000000000000000000 ) ) ;
#614 = ORIENTED_EDGE ( 'NONE', *, *, #1223, .F. ) ;
#615 = ORIENTED_EDGE ( 'NONE', *, *, #439, .T. ) ;
#616 = ORIENTED_EDGE ( 'NONE', *, *, #1193, .F. ) ;
#617 = CARTESIAN_POINT ( 'NONE',  ( 25.49718944582178537, -9.000000000000000000, -41.59792590501120912 ) ) ;
#618 = CARTESIAN_POINT ( 'NONE',  ( -45.87500000000000000, 4.000000000000000000, 54.62500000000000000 ) ) ;
#619 = LINE ( 'NONE', #516, #963 ) ;
#620 = AXIS2_PLACEMENT_3D ( 'NONE', #835, #605, #1018 ) ;
#621 = AXIS2_PLACEMENT_3D ( 'NONE', #42, #356, #136 ) ;
#622 = CONICAL_SURFACE ( 'NONE', #27, 3.100883105749796531, 0.6657627660123605073 ) ;
#623 = ORIENTED_EDGE ( 'NONE', *, *, #194, .T. ) ;
#624 = EDGE_CURVE ( 'NONE', #1012, #570, #1324, .T. ) ;
#625 = ORIENTED_EDGE ( 'NONE', *, *, #1129, .T. ) ;
#626 = CARTESIAN_POINT ( 'NONE',  ( 33.42463412453224691, 0.000000000000000000, -43.61362441525815825 ) ) ;
#627 = CARTESIAN_POINT ( 'NONE',  ( -37.24999999999999289, -1.700000000000000178, 44.50000000000000000 ) ) ;
#628 = CARTESIAN_POINT ( 'NONE',  ( -37.24999999999999289, -7.971890712546728430, -48.40833999332853210 ) ) ;
#629 = EDGE_CURVE ( 'NONE', #1165, #528, #48, .T. ) ;
#630 = ORIENTED_EDGE ( 'NONE', *, *, #153, .F. ) ;
#631 = CARTESIAN_POINT ( 'NONE',  ( -30.30261470598404827, 0.000000000000000000, 35.03710733567737634 ) ) ;
#632 = CARTESIAN_POINT ( 'NONE',  ( -37.24999999999999289, 4.000000000000000000, 49.74999999999999289 ) ) ;
#633 = CARTESIAN_POINT ( 'NONE',  ( 0.000000000000000000, 4.000000000000000000, -54.62500000000000000 ) ) ;
#634 = ORIENTED_EDGE ( 'NONE', *, *, #541, .F. ) ;
#635 = CARTESIAN_POINT ( 'NONE',  ( 19.69304125584418586, -9.000000000000000000, 41.89645298663236161 ) ) ;
#636 = CARTESIAN_POINT ( 'NONE',  ( 33.42463412453224691, 0.000000000000000000, -43.61362441525815825 ) ) ;
#637 = CARTESIAN_POINT ( 'NONE',  ( -42.42463412453222560, 0.000000000000000000, -45.38637558474184885 ) ) ;
#638 = LINE ( 'NONE', #531, #1117 ) ;
#639 = AXIS2_PLACEMENT_3D ( 'NONE', #751, #80, #654 ) ;
#640 = EDGE_CURVE ( 'NONE', #1208, #1371, #130, .T. ) ;
#641 = CIRCLE ( 'NONE', #1004, 3.100883105749789426 ) ;
#642 = CIRCLE ( 'NONE', #1139, 2.700000000000001066 ) ;
#643 = ORIENTED_EDGE ( 'NONE', *, *, #175, .F. ) ;
#644 = ORIENTED_EDGE ( 'NONE', *, *, #1192, .F. ) ;
#645 = CARTESIAN_POINT ( 'NONE',  ( 31.30133763579937778, -8.999999999999998224, -36.09230479665475855 ) ) ;
#646 = DIRECTION ( 'NONE',  ( 0.000000000000000000, 0.000000000000000000, 1.000000000000000000 ) ) ;
#647 = CARTESIAN_POINT ( 'NONE',  ( 0.000000000000000000, 4.000000000000000000, -54.62500000000000000 ) ) ;
#648 = DIRECTION ( 'NONE',  ( 0.000000000000000000, 0.000000000000000000, -1.000000000000000000 ) ) ;
#649 = EDGE_CURVE ( 'NONE', #1244, #436, #682, .T. ) ;
#650 = CARTESIAN_POINT ( 'NONE',  ( -28.69304125584417520, -8.999999999999998224, -41.89645298663234740 ) ) ;
#651 = EDGE_LOOP ( 'NONE', ( #410, #1195, #411, #58, #943 ) ) ;
#652 = DIRECTION ( 'NONE',  ( 0.000000000000000000, 0.000000000000000000, -1.000000000000000000 ) ) ;
#653 = DIRECTION ( 'NONE',  ( 0.000000000000000000, -1.000000000000000000, 0.000000000000000000 ) ) ;
#654 = DIRECTION ( 'NONE',  ( 0.000000000000000000, -0.000000000000000000, -1.000000000000000000 ) ) ;
#655 = CYLINDRICAL_SURFACE ( 'NONE', #887, 2.699999999999993960 ) ;
#656 = DIRECTION ( 'NONE',  ( -0.000000000000000000, -1.000000000000000000, -0.000000000000000000 ) ) ;
#657 = VERTEX_POINT ( 'NONE', #588 ) ;
#658 = CARTESIAN_POINT ( 'NONE',  ( 28.25000000000001066, -9.000000000000000000, 44.49999999999999289 ) ) ;
#659 = CARTESIAN_POINT ( 'NONE',  ( 28.25000000000001066, 0.000000000000000000, -44.50000000000001421 ) ) ;
#660 = CARTESIAN_POINT ( 'NONE',  ( -42.42463412453222560, 0.000000000000000000, 43.61362441525814404 ) ) ;
#661 = EDGE_CURVE ( 'NONE', #991, #497, #1370, .T. ) ;
#662 = CARTESIAN_POINT ( 'NONE',  ( -33.84811704495145790, 0.000000000000000000, -33.26435616619367153 ) ) ;
#663 = ORIENTED_EDGE ( 'NONE', *, *, #54, .F. ) ;
#664 = CARTESIAN_POINT ( 'NONE',  ( 23.07536587546777440, 0.000000000000000000, 43.61362441525813693 ) ) ;
#665 = EDGE_CURVE ( 'NONE', #295, #1208, #807, .T. ) ;
#666 = CARTESIAN_POINT ( 'NONE',  ( -37.24999999999999289, 8.300000000000000711, 44.50000000000000000 ) ) ;
#667 = EDGE_LOOP ( 'NONE', ( #694, #1202 ) ) ;
#668 = VECTOR ( 'NONE', #1059, 1000.000000000000000 ) ;
#669 = FACE_BOUND ( 'NONE', #63, .T. ) ;
#670 = VECTOR ( 'NONE', #1053, 1000.000000000000000 ) ;
#671 = EDGE_CURVE ( 'NONE', #657, #816, #1029, .T. ) ;
#672 = CARTESIAN_POINT ( 'NONE',  ( -37.24999999999999289, 8.300000000000000711, 44.50000000000000000 ) ) ;
#673 = CARTESIAN_POINT ( 'NONE',  ( -37.24999999999999289, -7.971890712546728430, -44.50000000000000000 ) ) ;
#674 = ORIENTED_EDGE ( 'NONE', *, *, #378, .F. ) ;
#675 = CARTESIAN_POINT ( 'NONE',  ( -42.42463412453222560, 0.000000000000000000, -45.38637558474184885 ) ) ;
#676 = AXIS2_PLACEMENT_3D ( 'NONE', #96, #911, #1155 ) ;
#677 = CARTESIAN_POINT ( 'NONE',  ( -37.24999999999999289, 8.300000000000002487, 44.50000000000000000 ) ) ;
#678 = EDGE_CURVE ( 'NONE', #563, #1235, #285, .T. ) ;
#679 = DIRECTION ( 'NONE',  ( 0.000000000000000000, 0.000000000000000000, -1.000000000000000000 ) ) ;
#680 =( NAMED_UNIT ( * ) SI_UNIT ( $, .STERADIAN. ) SOLID_ANGLE_UNIT ( ) );
#681 = ORIENTED_EDGE ( 'NONE', *, *, #1092, .F. ) ;
#682 = LINE ( 'NONE', #167, #357 ) ;
#683 = EDGE_CURVE ( 'NONE', #557, #1132, #641, .T. ) ;
#684 = EDGE_CURVE ( 'NONE', #69, #1293, #1075, .T. ) ;
#685 = DIRECTION ( 'NONE',  ( -0.000000000000000000, -1.000000000000000000, -0.000000000000000000 ) ) ;
#686 = AXIS2_PLACEMENT_3D ( 'NONE', #1341, #704, #1009 ) ;
#687 = DIRECTION ( 'NONE',  ( 0.000000000000000000, 0.000000000000000000, 1.000000000000000000 ) ) ;
#688 = ORIENTED_EDGE ( 'NONE', *, *, #823, .F. ) ;
#689 = CIRCLE ( 'NONE', #818, 5.249999999999997335 ) ;
#690 = ORIENTED_EDGE ( 'NONE', *, *, #1045, .F. ) ;
#691 = FACE_BOUND ( 'NONE', #1069, .T. ) ;
#692 = ADVANCED_FACE ( 'NONE', ( #1348 ), #157, .T. ) ;
#693 = LINE ( 'NONE', #794, #286 ) ;
#694 = ORIENTED_EDGE ( 'NONE', *, *, #939, .F. ) ;
#695 =( BOUNDED_SURFACE ( )  B_SPLINE_SURFACE ( 3, 1, ( 
 ( #660, #501 ),
 ( #322, #539 ),
 ( #434, #129 ),
 ( #930, #1178 ),
 ( #552, #856 ),
 ( #822, #1256 ),
 ( #1081, #219 ) ),
 .UNSPECIFIED., .T., .F., .F. ) 
 B_SPLINE_SURFACE_WITH_KNOTS ( ( 4, 3, 4 ),
 ( 2, 2 ),
 ( 0.000000000000000000, 0.5000000000000000000, 1.000000000000000000 ),
 ( 0.000000000000000000, 1.000000000000000000 ),
 .UNSPECIFIED. ) 
 GEOMETRIC_REPRESENTATION_ITEM ( )  RATIONAL_B_SPLINE_SURFACE ( (
 ( 1.000000000000000000, 1.000000000000000000),
 ( 0.3333333333333333703, 0.3333333333333332038),
 ( 0.3333333333333333703, 0.3333333333333332038),
 ( 1.000000000000000000, 1.000000000000000000),
 ( 0.3333333333333333703, 0.3333333333333333703),
 ( 0.3333333333333333703, 0.3333333333333333703),
 ( 1.000000000000000000, 1.000000000000000000) ) ) 
 REPRESENTATION_ITEM ( '' )  SURFACE ( )  );
#696 = DIRECTION ( 'NONE',  ( 8.877034643546630433E-16, 0.000000000000000000, -1.000000000000000000 ) ) ;
#697 = VECTOR ( 'NONE', #749, 1000.000000000000000 ) ;
#698 = CARTESIAN_POINT ( 'NONE',  ( 25.19866236420064709, -9.000000000000000000, -52.90769520334525566 ) ) ;
#699 = DIRECTION ( 'NONE',  ( -0.000000000000000000, -1.000000000000000000, -0.000000000000000000 ) ) ;
#700 = ORIENTED_EDGE ( 'NONE', *, *, #723, .F. ) ;
#701 = CARTESIAN_POINT ( 'NONE',  ( -37.25000000000000711, 8.300000000000002487, -47.19999999999998153 ) ) ;
#702 = EDGE_CURVE ( 'NONE', #402, #1244, #754, .T. ) ;
#703 = CARTESIAN_POINT ( 'NONE',  ( -37.24999999999999289, -7.971890712546728430, -40.59166000667146079 ) ) ;
#704 = DIRECTION ( 'NONE',  ( 0.000000000000000000, 1.000000000000000000, 0.000000000000000000 ) ) ;
#705 = ADVANCED_BREP_SHAPE_REPRESENTATION ( 'Base', ( #601, #1301 ), #580 ) ;
#706 = CARTESIAN_POINT ( 'NONE',  ( 31.00281055417823595, -9.000000000000000000, -47.40207409498881219 ) ) ;
#707 = PRODUCT_CONTEXT ( 'NONE', #473, 'mechanical' ) ;
#708 = ORIENTED_EDGE ( 'NONE', *, *, #375, .T. ) ;
#709 = AXIS2_PLACEMENT_3D ( 'NONE', #323, #752, #857 ) ;
#710 = CARTESIAN_POINT ( 'NONE',  ( 36.87500000000000000, 4.000000000000000000, -54.62500000000000000 ) ) ;
#711 = AXIS2_PLACEMENT_3D ( 'NONE', #1329, #904, #593 ) ;
#712 = CARTESIAN_POINT ( 'NONE',  ( -32.07536587546775309, 0.000000000000000000, -43.61362441525814404 ) ) ;
#713 = DIRECTION ( 'NONE',  ( 0.000000000000000000, -1.000000000000000000, 0.000000000000000000 ) ) ;
#714 = AXIS2_PLACEMENT_3D ( 'NONE', #1065, #1177, #1294 ) ;
#715 = ORIENTED_EDGE ( 'NONE', *, *, #526, .T. ) ;
#716 = ORIENTED_EDGE ( 'NONE', *, *, #28, .T. ) ;
#717 = DIRECTION ( 'NONE',  ( 0.000000000000000000, 1.000000000000000000, -0.000000000000000000 ) ) ;
#718 = CARTESIAN_POINT ( 'NONE',  ( -37.24999999999999289, 0.000000000000000000, 44.50000000000000000 ) ) ;
#719 = CARTESIAN_POINT ( 'NONE',  ( 28.25000000000001066, -7.971890712546730207, 48.40833999332852500 ) ) ;
#720 = ORIENTED_EDGE ( 'NONE', *, *, #188, .T. ) ;
#721 = ORIENTED_EDGE ( 'NONE', *, *, #586, .T. ) ;
#722 = ORIENTED_EDGE ( 'NONE', *, *, #97, .T. ) ;
#723 = EDGE_CURVE ( 'NONE', #742, #570, #507, .T. ) ;
#724 = CARTESIAN_POINT ( 'NONE',  ( 23.07536587546777440, 0.000000000000000000, 43.61362441525813693 ) ) ;
#725 = CARTESIAN_POINT ( 'NONE',  ( 28.24999999999999645, 8.300000000000000711, -44.50000000000000000 ) ) ;
#726 = CARTESIAN_POINT ( 'NONE',  ( -45.80695874415582125, -9.000000000000000000, -47.10354701336763839 ) ) ;
#727 = EDGE_CURVE ( 'NONE', #897, #814, #937, .T. ) ;
#728 = ORIENTED_EDGE ( 'NONE', *, *, #954, .F. ) ;
#729 = VERTEX_POINT ( 'NONE', #384 ) ;
#730 = EDGE_CURVE ( 'NONE', #1132, #557, #982, .T. ) ;
#731 = CARTESIAN_POINT ( 'NONE',  ( -40.00281055417821818, -9.000000000000000000, 47.40207409498879798 ) ) ;
#732 = CARTESIAN_POINT ( 'NONE',  ( 28.25000000000001066, -7.971890712546730207, 44.49999999999999289 ) ) ;
#733 = CARTESIAN_POINT ( 'NONE',  ( -30.30261470598404827, 0.000000000000000000, -53.96289266432260945 ) ) ;
#734 = AXIS2_PLACEMENT_3D ( 'NONE', #177, #209, #1156 ) ;
#735 = AXIS2_PLACEMENT_3D ( 'NONE', #218, #420, #321 ) ;
#736 = ORIENTED_EDGE ( 'NONE', *, *, #1315, .F. ) ;
#737 = ORIENTED_EDGE ( 'NONE', *, *, #135, .T. ) ;
#738 = CARTESIAN_POINT ( 'NONE',  ( -42.42463412453222560, 0.000000000000000000, 43.61362441525814404 ) ) ;
#739 = CARTESIAN_POINT ( 'NONE',  ( -37.25000000000000711, 8.300000000000002487, -44.50000000000000000 ) ) ;
#740 = CARTESIAN_POINT ( 'NONE',  ( 25.22053396746022003, -7.971890712546760405, -42.03069704954236130 ) ) ;
#741 = CIRCLE ( 'NONE', #147, 2.699999999999987299 ) ;
#742 = VERTEX_POINT ( 'NONE', #1124 ) ;
#743 = CARTESIAN_POINT ( 'NONE',  ( 28.25000000000001066, 8.300000000000000711, 39.24999999999998579 ) ) ;
#744 = AXIS2_PLACEMENT_3D ( 'NONE', #447, #353, #652 ) ;
#745 = DIRECTION ( 'NONE',  ( 0.000000000000000000, 1.000000000000000000, 0.000000000000000000 ) ) ;
#746 = FACE_OUTER_BOUND ( 'NONE', #1257, .T. ) ;
#747 = CARTESIAN_POINT ( 'NONE',  ( 28.25000000000001066, -8.999999999999996447, 44.49999999999999289 ) ) ;
#748 = EDGE_LOOP ( 'NONE', ( #145, #268 ) ) ;
#749 = DIRECTION ( 'NONE',  ( -0.000000000000000000, -1.000000000000000000, -0.000000000000000000 ) ) ;
#750 = CARTESIAN_POINT ( 'NONE',  ( 28.24999999999999645, 4.000000000000000000, -39.25000000000000000 ) ) ;
#751 = CARTESIAN_POINT ( 'NONE',  ( 28.25000000000001066, -9.000000000000000000, 44.49999999999999289 ) ) ;
#752 = DIRECTION ( 'NONE',  ( 0.000000000000000000, 1.000000000000000000, 0.000000000000000000 ) ) ;
#753 = AXIS2_PLACEMENT_3D ( 'NONE', #1288, #109, #1189 ) ;
#754 = CIRCLE ( 'NONE', #1365, 3.100883105749796531 ) ;
#755 = AXIS2_PLACEMENT_3D ( 'NONE', #1001, #880, #989 ) ;
#756 = DIRECTION ( 'NONE',  ( -1.000000000000000000, 0.000000000000000000, -1.270278060211849936E-16 ) ) ;
#757 = PRESENTATION_LAYER_ASSIGNMENT (  '', '', ( #532 ) ) ;
#758 = ORIENTED_EDGE ( 'NONE', *, *, #396, .F. ) ;
#759 = FACE_OUTER_BOUND ( 'NONE', #463, .T. ) ;
#760 = CARTESIAN_POINT ( 'NONE',  ( -37.24999999999999289, -9.000000000000000000, 44.50000000000000000 ) ) ;
#761 = DIRECTION ( 'NONE',  ( 0.000000000000000000, -1.000000000000000000, 0.000000000000000000 ) ) ;
#762 = CARTESIAN_POINT ( 'NONE',  ( -37.24999999999999289, 8.300000000000000711, 44.50000000000000000 ) ) ;
#763 = CARTESIAN_POINT ( 'NONE',  ( -34.19866236420062933, -8.999999999999998224, -36.09230479665473723 ) ) ;
#764 = EDGE_LOOP ( 'NONE', ( #1358, #349 ) ) ;
#765 = ORIENTED_EDGE ( 'NONE', *, *, #905, .T. ) ;
#766 = DIRECTION ( 'NONE',  ( 0.000000000000000000, 0.000000000000000000, 1.000000000000000000 ) ) ;
#767 = CARTESIAN_POINT ( 'NONE',  ( 28.25000000000001066, 8.300000000000000711, 44.49999999999998579 ) ) ;
#768 = EDGE_CURVE ( 'NONE', #197, #41, #326, .T. ) ;
#769 = EDGE_LOOP ( 'NONE', ( #1046, #296, #330, #690, #280 ) ) ;
#770 = ORIENTED_EDGE ( 'NONE', *, *, #624, .T. ) ;
#771 = CARTESIAN_POINT ( 'NONE',  ( -40.27946603253979418, -7.971890712546730207, 46.96930295045763870 ) ) ;
#772 = ORIENTED_EDGE ( 'NONE', *, *, #193, .T. ) ;
#773 = ADVANCED_FACE ( 'NONE', ( #607 ), #1160, .T. ) ;
#774 = CARTESIAN_POINT ( 'NONE',  ( -37.24999999999999289, 4.000000000000000000, 39.25000000000000000 ) ) ;
#775 = DIRECTION ( 'NONE',  ( -1.270278060211849936E-16, 0.000000000000000000, 1.000000000000000000 ) ) ;
#776 = ORIENTED_EDGE ( 'NONE', *, *, #1168, .T. ) ;
#777 = CARTESIAN_POINT ( 'NONE',  ( -37.25000000000000711, -3.322323671374412868, -44.50000000000000000 ) ) ;
#778 = EDGE_LOOP ( 'NONE', ( #861, #875, #503, #30 ) ) ;
#779 = VECTOR ( 'NONE', #17, 1000.000000000000000 ) ;
#780 = PLANE ( 'NONE',  #202 ) ;
#781 = AXIS2_PLACEMENT_3D ( 'NONE', #633, #648, #1199 ) ;
#782 = CARTESIAN_POINT ( 'NONE',  ( 36.87500000000000000, 0.000000000000000000, 54.62500000000000000 ) ) ;
#783 = DIRECTION ( 'NONE',  ( 0.000000000000000000, -1.000000000000000000, 0.000000000000000000 ) ) ;
#784 = ORIENTED_EDGE ( 'NONE', *, *, #188, .F. ) ;
#785 = CONICAL_SURFACE ( 'NONE', #969, 2.700000000000001066, 1.029744258676654756 ) ;
#786 = EDGE_CURVE ( 'NONE', #1, #459, #352, .T. ) ;
#787 = DIRECTION ( 'NONE',  ( -0.000000000000000000, -1.000000000000000000, -0.000000000000000000 ) ) ;
#788 = CARTESIAN_POINT ( 'NONE',  ( 28.25000000000001066, -8.999999999999996447, -44.50000000000001421 ) ) ;
#789 = CARTESIAN_POINT ( 'NONE',  ( -45.87500000000000711, 4.000000000000000000, 5.827400601221861804E-15 ) ) ;
#790 = ORIENTED_EDGE ( 'NONE', *, *, #310, .T. ) ;
#791 = ORIENTED_EDGE ( 'NONE', *, *, #193, .F. ) ;
#792 = ADVANCED_FACE ( 'NONE', ( #900, #1144 ), #377, .T. ) ;
#793 = DIRECTION ( 'NONE',  ( -0.000000000000000000, 1.000000000000000000, -0.000000000000000000 ) ) ;
#794 = CARTESIAN_POINT ( 'NONE',  ( -37.24999999999999289, -8.999999999999996447, -41.39911689425020569 ) ) ;
#795 = CIRCLE ( 'NONE', #1191, 3.908339993328534323 ) ;
#796 = CARTESIAN_POINT ( 'NONE',  ( 21.30261470598407669, 0.000000000000000000, 53.96289266432260234 ) ) ;
#797 = ORIENTED_EDGE ( 'NONE', *, *, #934, .F. ) ;
#798 = AXIS2_PLACEMENT_3D ( 'NONE', #350, #1328, #245 ) ;
#799 = AXIS2_PLACEMENT_3D ( 'NONE', #673, #569, #679 ) ;
#800 = CARTESIAN_POINT ( 'NONE',  ( -37.24999999999999289, -7.971890712546730207, 44.50000000000000000 ) ) ;
#801 = DIRECTION ( 'NONE',  ( 0.000000000000000000, 0.000000000000000000, -1.000000000000000000 ) ) ;
#802 = CARTESIAN_POINT ( 'NONE',  ( 28.25000000000001066, -8.999999999999996447, 44.49999999999999289 ) ) ;
#803 = ORIENTED_EDGE ( 'NONE', *, *, #730, .F. ) ;
#804 = ADVANCED_FACE ( 'NONE', ( #1036 ), #469, .T. ) ;
#805 = DIRECTION ( 'NONE',  ( 0.000000000000000000, 0.000000000000000000, 1.000000000000000000 ) ) ;
#806 = CARTESIAN_POINT ( 'NONE',  ( 28.25000000000001066, 8.300000000000000711, 49.74999999999997868 ) ) ;
#807 = LINE ( 'NONE', #1019, #114 ) ;
#808 = ADVANCED_FACE ( 'NONE', ( #370, #1227, #264, #691, #190 ), #1245, .T. ) ;
#809 = CARTESIAN_POINT ( 'NONE',  ( -45.87500000000000000, 0.000000000000000000, 54.62500000000000000 ) ) ;
#810 = VERTEX_POINT ( 'NONE', #710 ) ;
#811 = DIRECTION ( 'NONE',  ( 0.000000000000000000, 0.000000000000000000, -1.000000000000000000 ) ) ;
#812 = FACE_OUTER_BOUND ( 'NONE', #977, .T. ) ;
#813 = DIRECTION ( 'NONE',  ( 0.000000000000000000, -0.000000000000000000, 1.000000000000000000 ) ) ;
#814 = VERTEX_POINT ( 'NONE', #1147 ) ;
#815 = PLANE ( 'NONE',  #376 ) ;
#816 = VERTEX_POINT ( 'NONE', #701 ) ;
#817 = LINE ( 'NONE', #618, #25 ) ;
#818 = AXIS2_PLACEMENT_3D ( 'NONE', #452, #351, #1194 ) ;
#819 = COLOUR_RGB ( '',0.7921568627450980005, 0.8196078431372548767, 0.9333333333333333481 ) ;
#820 = DIRECTION ( 'NONE',  ( -0.000000000000000000, 1.000000000000000000, -0.000000000000000000 ) ) ;
#821 = AXIS2_PLACEMENT_3D ( 'NONE', #52, #699, #1031 ) ;
#822 = CARTESIAN_POINT ( 'NONE',  ( -44.19738529401593041, 0.000000000000000000, 53.96289266432260945 ) ) ;
#823 = EDGE_CURVE ( 'NONE', #729, #459, #1297, .T. ) ;
#824 = VERTEX_POINT ( 'NONE', #407 ) ;
#825 = ORIENTED_EDGE ( 'NONE', *, *, #661, .F. ) ;
#826 = ORIENTED_EDGE ( 'NONE', *, *, #94, .T. ) ;
#827 = CARTESIAN_POINT ( 'NONE',  ( 36.80695874415582836, -8.999999999999998224, -41.89645298663236872 ) ) ;
#828 = DIRECTION ( 'NONE',  ( -0.000000000000000000, -1.000000000000000000, -0.000000000000000000 ) ) ;
#829 = CARTESIAN_POINT ( 'NONE',  ( -32.07536587546775309, 0.000000000000000000, -43.61362441525814404 ) ) ;
#830 = EDGE_CURVE ( 'NONE', #1196, #1128, #1050, .T. ) ;
#831 = EDGE_CURVE ( 'NONE', #1153, #1371, #817, .T. ) ;
#832 = EDGE_LOOP ( 'NONE', ( #355, #445, #591, #241, #186 ) ) ;
#833 = EDGE_LOOP ( 'NONE', ( #83, #235, #222 ) ) ;
#834 = CARTESIAN_POINT ( 'NONE',  ( -37.25000000000000711, 8.300000000000000711, -44.50000000000000000 ) ) ;
#835 = CARTESIAN_POINT ( 'NONE',  ( 28.24999999999999645, 4.000000000000000000, -44.50000000000000000 ) ) ;
#836 = CARTESIAN_POINT ( 'NONE',  ( 33.42463412453224691, 0.000000000000000000, 45.38637558474184175 ) ) ;
#837 = EDGE_CURVE ( 'NONE', #203, #106, #795, .T. ) ;
#838 = EDGE_LOOP ( 'NONE', ( #1024, #1332 ) ) ;
#839 = EDGE_LOOP ( 'NONE', ( #504, #1316, #111, #623, #340 ) ) ;
#840 = CARTESIAN_POINT ( 'NONE',  ( -44.19738529401593041, 0.000000000000000000, 53.96289266432260945 ) ) ;
#841 = CARTESIAN_POINT ( 'NONE',  ( 23.07536587546777440, 0.000000000000000000, -45.38637558474186307 ) ) ;
#842 = DIRECTION ( 'NONE',  ( 0.000000000000000000, 0.000000000000000000, 1.000000000000000000 ) ) ;
#843 = CIRCLE ( 'NONE', #246, 2.700000000000001066 ) ;
#844 = AXIS2_PLACEMENT_3D ( 'NONE', #1150, #761, #973 ) ;
#845 = VERTEX_POINT ( 'NONE', #611 ) ;
#846 = DIRECTION ( 'NONE',  ( 0.000000000000000000, 0.000000000000000000, 1.000000000000000000 ) ) ;
#847 = DIRECTION ( 'NONE',  ( -0.000000000000000000, 1.000000000000000000, -0.000000000000000000 ) ) ;
#848 = ADVANCED_FACE ( 'NONE', ( #1254 ), #1240, .T. ) ;
#849 = PLANE ( 'NONE',  #844 ) ;
#850 = DIRECTION ( 'NONE',  ( 0.000000000000000000, 1.000000000000000000, 0.000000000000000000 ) ) ;
#851 = CIRCLE ( 'NONE', #6, 2.700000000000001066 ) ;
#852 = EDGE_LOOP ( 'NONE', ( #562, #825 ) ) ;
#853 = VERTEX_POINT ( 'NONE', #927 ) ;
#854 = FACE_OUTER_BOUND ( 'NONE', #651, .T. ) ;
#855 = CARTESIAN_POINT ( 'NONE',  ( 25.22053396746022003, -7.971890712546760405, -42.03069704954236130 ) ) ;
#856 = CARTESIAN_POINT ( 'NONE',  ( -28.69304125584417520, -8.999999999999998224, 47.10354701336765260 ) ) ;
#857 = DIRECTION ( 'NONE',  ( 0.000000000000000000, 0.000000000000000000, 1.000000000000000000 ) ) ;
#858 = B_SPLINE_CURVE_WITH_KNOTS ( 'NONE', 1,
 ( #636, #1071 ),
 .UNSPECIFIED., .F., .F.,
 ( 2, 2 ),
 ( 0.000000000000000000, 0.8857656347274178721 ),
 .UNSPECIFIED. ) ;
#859 = CARTESIAN_POINT ( 'NONE',  ( -30.30261470598404827, 0.000000000000000000, -53.96289266432260945 ) ) ;
#860 = VERTEX_POINT ( 'NONE', #946 ) ;
#861 = ORIENTED_EDGE ( 'NONE', *, *, #1270, .F. ) ;
#862 = CARTESIAN_POINT ( 'NONE',  ( -37.24999999999999289, -7.971890712546730207, 44.50000000000000000 ) ) ;
#863 = DIRECTION ( 'NONE',  ( 0.000000000000000000, 0.000000000000000000, 1.000000000000000000 ) ) ;
#864 = FACE_OUTER_BOUND ( 'NONE', #1292, .T. ) ;
#865 = AXIS2_PLACEMENT_3D ( 'NONE', #178, #922, #813 ) ;
#866 = CARTESIAN_POINT ( 'NONE',  ( 28.25000000000001066, 8.300000000000000711, 44.49999999999998579 ) ) ;
#867 = CONICAL_SURFACE ( 'NONE', #115, 3.100883105749824509, 0.6657627660123536240 ) ;
#868 = EDGE_LOOP ( 'NONE', ( #346, #790, #1104, #970 ) ) ;
#869 = FACE_OUTER_BOUND ( 'NONE', #1369, .T. ) ;
#870 = CARTESIAN_POINT ( 'NONE',  ( 0.000000000000000000, 0.000000000000000000, -54.62500000000000000 ) ) ;
#871 = DIRECTION ( 'NONE',  ( -0.000000000000000000, -1.000000000000000000, -0.000000000000000000 ) ) ;
#872 = ADVANCED_FACE ( 'NONE', ( #64 ), #484, .T. ) ;
#873 = DIRECTION ( 'NONE',  ( 0.000000000000000000, 1.000000000000000000, 0.000000000000000000 ) ) ;
#874 = ADVANCED_FACE ( 'NONE', ( #78 ), #1051, .T. ) ;
#875 = ORIENTED_EDGE ( 'NONE', *, *, #929, .F. ) ;
#876 = LINE ( 'NONE', #347, #1308 ) ;
#877 = CARTESIAN_POINT ( 'NONE',  ( 28.24999999999999645, 4.000000000000000000, -49.74999999999999289 ) ) ;
#878 = CARTESIAN_POINT ( 'NONE',  ( -37.24999999999999289, -9.000000000000000000, 47.60088310574979431 ) ) ;
#879 = CIRCLE ( 'NONE', #744, 3.100883105749796531 ) ;
#880 = DIRECTION ( 'NONE',  ( -0.000000000000000000, 1.000000000000000000, -0.000000000000000000 ) ) ;
#881 = ORIENTED_EDGE ( 'NONE', *, *, #683, .T. ) ;
#882 = CARTESIAN_POINT ( 'NONE',  ( -37.24999999999999289, -1.700000000000000178, 47.19999999999999574 ) ) ;
#883 = VERTEX_POINT ( 'NONE', #505 ) ;
#884 = DIRECTION ( 'NONE',  ( 0.000000000000000000, -0.000000000000000000, 1.000000000000000000 ) ) ;
#885 = B_SPLINE_CURVE_WITH_KNOTS ( 'NONE', 1,
 ( #829, #191 ),
 .UNSPECIFIED., .F., .F.,
 ( 2, 2 ),
 ( 0.000000000000000000, 0.8857656347274142083 ),
 .UNSPECIFIED. ) ;
#886 = DIRECTION ( 'NONE',  ( 0.000000000000000000, 0.000000000000000000, -1.000000000000000000 ) ) ;
#887 = AXIS2_PLACEMENT_3D ( 'NONE', #1387, #421, #1273 ) ;
#888 = VECTOR ( 'NONE', #270, 1000.000000000000000 ) ;
#889 = VECTOR ( 'NONE', #1103, 1000.000000000000000 ) ;
#890 = CARTESIAN_POINT ( 'NONE',  ( -37.24999999999999289, -7.971890712546728430, -44.50000000000000000 ) ) ;
#891 = ORIENTED_EDGE ( 'NONE', *, *, #271, .F. ) ;
#892 = EDGE_CURVE ( 'NONE', #528, #1165, #1353, .T. ) ;
#893 = FACE_BOUND ( 'NONE', #667, .T. ) ;
#894 = CARTESIAN_POINT ( 'NONE',  ( 28.25000000000001066, 8.300000000000000711, 44.49999999999998579 ) ) ;
#895 = CARTESIAN_POINT ( 'NONE',  ( -37.25000000000000711, 8.300000000000000711, -49.74999999999999289 ) ) ;
#896 = CARTESIAN_POINT ( 'NONE',  ( -37.24999999999999289, -1.700000000000000178, 44.50000000000000000 ) ) ;
#897 = VERTEX_POINT ( 'NONE', #413 ) ;
#898 = EDGE_CURVE ( 'NONE', #1128, #1196, #385, .T. ) ;
#899 = EDGE_LOOP ( 'NONE', ( #169, #288, #476, #472, #976 ) ) ;
#900 = FACE_BOUND ( 'NONE', #394, .T. ) ;
#901 = CARTESIAN_POINT ( 'NONE',  ( 33.42463412453224691, 0.000000000000000000, -43.61362441525815825 ) ) ;
#902 = APPLICATION_PROTOCOL_DEFINITION ( 'draft international standard', 'automotive_design', 1998, #473 ) ;
#903 = ORIENTED_EDGE ( 'NONE', *, *, #1210, .F. ) ;
#904 = DIRECTION ( 'NONE',  ( 0.000000000000000000, 1.000000000000000000, 0.000000000000000000 ) ) ;
#905 = EDGE_CURVE ( 'NONE', #853, #535, #567, .T. ) ;
#906 = CARTESIAN_POINT ( 'NONE',  ( 33.42463412453224691, 0.000000000000000000, 45.38637558474184175 ) ) ;
#907 = DIRECTION ( 'NONE',  ( -0.000000000000000000, 1.000000000000000000, -0.000000000000000000 ) ) ;
#908 = EDGE_LOOP ( 'NONE', ( #932, #1123, #429, #1158 ) ) ;
#909 = AXIS2_PLACEMENT_3D ( 'NONE', #1027, #383, #598 ) ;
#910 = CIRCLE ( 'NONE', #332, 3.908339993328534323 ) ;
#911 = DIRECTION ( 'NONE',  ( -0.000000000000000000, -1.000000000000000000, -0.000000000000000000 ) ) ;
#912 = AXIS2_PLACEMENT_3D ( 'NONE', #1080, #213, #113 ) ;
#913 = EDGE_CURVE ( 'NONE', #535, #853, #741, .T. ) ;
#914 = CARTESIAN_POINT ( 'NONE',  ( 28.25000000000001066, 4.000000000000000000, 44.49999999999998579 ) ) ;
#915 = EDGE_CURVE ( 'NONE', #814, #8, #275, .T. ) ;
#916 = FACE_OUTER_BOUND ( 'NONE', #832, .T. ) ;
#917 = CYLINDRICAL_SURFACE ( 'NONE', #1098, 2.699999999999993960 ) ;
#918 = ORIENTED_EDGE ( 'NONE', *, *, #73, .T. ) ;
#919 = DIRECTION ( 'NONE',  ( 0.000000000000000000, 0.000000000000000000, -1.000000000000000000 ) ) ;
#920 = FACE_OUTER_BOUND ( 'NONE', #868, .T. ) ;
#921 = CIRCLE ( 'NONE', #1035, 5.249999999999997335 ) ;
#922 = DIRECTION ( 'NONE',  ( 0.000000000000000000, 1.000000000000000000, 0.000000000000000000 ) ) ;
#923 = CONICAL_SURFACE ( 'NONE', #1188, 3.100883105749789426, 0.6657627660123640601 ) ;
#924 = ORIENTED_EDGE ( 'NONE', *, *, #730, .T. ) ;
#925 = CYLINDRICAL_SURFACE ( 'NONE', #821, 5.249999999999997335 ) ;
#926 = EDGE_LOOP ( 'NONE', ( #38, #1039 ) ) ;
#927 = CARTESIAN_POINT ( 'NONE',  ( -37.24999999999999289, 8.300000000000002487, 41.80000000000001137 ) ) ;
#928 = CARTESIAN_POINT ( 'NONE',  ( -37.24999999999999289, 8.300000000000000711, 44.50000000000000000 ) ) ;
#929 = EDGE_CURVE ( 'NONE', #21, #182, #921, .T. ) ;
#930 = CARTESIAN_POINT ( 'NONE',  ( -32.07536587546775309, 0.000000000000000000, 45.38637558474184885 ) ) ;
#931 = ORIENTED_EDGE ( 'NONE', *, *, #1125, .F. ) ;
#932 = ORIENTED_EDGE ( 'NONE', *, *, #640, .T. ) ;
#933 = VERTEX_POINT ( 'NONE', #597 ) ;
#934 = EDGE_CURVE ( 'NONE', #90, #53, #1219, .T. ) ;
#935 = CIRCLE ( 'NONE', #753, 5.249999999999997335 ) ;
#936 = DIRECTION ( 'NONE',  ( 0.000000000000000000, 1.000000000000000000, 0.000000000000000000 ) ) ;
#937 = CIRCLE ( 'NONE', #200, 3.100883105749824509 ) ;
#938 = DIRECTION ( 'NONE',  ( 0.000000000000000000, 1.000000000000000000, 0.000000000000000000 ) ) ;
#939 = EDGE_CURVE ( 'NONE', #1, #211, #496, .T. ) ;
#940 = VECTOR ( 'NONE', #1209, 1000.000000000000000 ) ;
#941 = DIRECTION ( 'NONE',  ( 0.000000000000000000, -1.000000000000000000, 0.000000000000000000 ) ) ;
#942 = VECTOR ( 'NONE', #144, 1000.000000000000000 ) ;
#943 = ORIENTED_EDGE ( 'NONE', *, *, #1092, .T. ) ;
#944 = EDGE_LOOP ( 'NONE', ( #881, #924 ) ) ;
#945 = CARTESIAN_POINT ( 'NONE',  ( 23.07536587546777440, 0.000000000000000000, 43.61362441525813693 ) ) ;
#946 = CARTESIAN_POINT ( 'NONE',  ( -37.24999999999999289, 8.300000000000000711, 49.74999999999999289 ) ) ;
#947 = ADVANCED_FACE ( 'NONE', ( #551 ), #785, .F. ) ;
#948 = DIRECTION ( 'NONE',  ( -0.000000000000000000, -1.000000000000000000, -0.000000000000000000 ) ) ;
#949 = EDGE_LOOP ( 'NONE', ( #513, #534 ) ) ;
#950 = ORIENTED_EDGE ( 'NONE', *, *, #581, .F. ) ;
#951 = CARTESIAN_POINT ( 'NONE',  ( -33.84811704495145790, 0.000000000000000000, 55.73564383380632847 ) ) ;
#952 = CARTESIAN_POINT ( 'NONE',  ( -37.24999999999999289, -1.700000000000000178, 47.19999999999999574 ) ) ;
#953 = CARTESIAN_POINT ( 'NONE',  ( -32.07536587546775309, 0.000000000000000000, 45.38637558474184885 ) ) ;
#954 = EDGE_CURVE ( 'NONE', #1259, #1317, #851, .T. ) ;
#955 = EDGE_LOOP ( 'NONE', ( #616, #155, #565, #776 ) ) ;
#956 = CARTESIAN_POINT ( 'NONE',  ( 19.69304125584418586, -9.000000000000000000, -47.10354701336763839 ) ) ;
#957 = DIRECTION ( 'NONE',  ( -0.000000000000000000, 1.000000000000000000, -0.000000000000000000 ) ) ;
#958 = DIRECTION ( 'NONE',  ( 0.000000000000000000, 0.000000000000000000, -1.000000000000000000 ) ) ;
#959 = CARTESIAN_POINT ( 'NONE',  ( -37.24999999999999289, 4.000000000000000000, 44.50000000000000000 ) ) ;
#960 = VECTOR ( 'NONE', #345, 1000.000000000000000 ) ;
#961 = ADVANCED_FACE ( 'NONE', ( #309 ), #488, .F. ) ;
#962 = CIRCLE ( 'NONE', #118, 3.908339993328534323 ) ;
#963 = VECTOR ( 'NONE', #1042, 1000.000000000000000 ) ;
#964 = EDGE_LOOP ( 'NONE', ( #700, #166 ) ) ;
#965 = CARTESIAN_POINT ( 'NONE',  ( 25.49718944582178537, -9.000000000000000000, 47.40207409498879088 ) ) ;
#966 = CARTESIAN_POINT ( 'NONE',  ( -37.24999999999999289, -1.700000000000000178, 44.50000000000000000 ) ) ;
#967 = CARTESIAN_POINT ( 'NONE',  ( -37.25000000000000711, 8.300000000000002487, -44.50000000000000000 ) ) ;
#968 = FACE_OUTER_BOUND ( 'NONE', #251, .T. ) ;
#969 = AXIS2_PLACEMENT_3D ( 'NONE', #103, #957, #978 ) ;
#970 = ORIENTED_EDGE ( 'NONE', *, *, #1061, .F. ) ;
#971 = PLANE ( 'NONE',  #457 ) ;
#972 = DIRECTION ( 'NONE',  ( 0.000000000000000000, 0.000000000000000000, 1.000000000000000000 ) ) ;
#973 = DIRECTION ( 'NONE',  ( 0.000000000000000000, -0.000000000000000000, -1.000000000000000000 ) ) ;
#974 = DIRECTION ( 'NONE',  ( -0.000000000000000000, 1.000000000000000000, -0.000000000000000000 ) ) ;
#975 =( NAMED_UNIT ( * ) SI_UNIT ( $, .STERADIAN. ) SOLID_ANGLE_UNIT ( ) );
#976 = ORIENTED_EDGE ( 'NONE', *, *, #300, .F. ) ;
#977 = EDGE_LOOP ( 'NONE', ( #630, #737, #708, #105, #1213 ) ) ;
#978 = DIRECTION ( 'NONE',  ( 0.000000000000000000, 0.000000000000000000, 1.000000000000000000 ) ) ;
#979 = EDGE_CURVE ( 'NONE', #816, #518, #424, .T. ) ;
#980 = CARTESIAN_POINT ( 'NONE',  ( 28.25000000000001066, -8.999999999999996447, 41.39911689425019148 ) ) ;
#981 = ADVANCED_FACE ( 'NONE', ( #1286 ), #208, .T. ) ;
#982 = CIRCLE ( 'NONE', #1229, 3.100883105749789426 ) ;
#983 = CARTESIAN_POINT ( 'NONE',  ( -45.87500000000000711, 0.000000000000000000, 5.827400601221861804E-15 ) ) ;
#984 = AXIS2_PLACEMENT_3D ( 'NONE', #896, #267, #491 ) ;
#985 = ORIENTED_EDGE ( 'NONE', *, *, #979, .T. ) ;
#986 = ORIENTED_EDGE ( 'NONE', *, *, #1268, .F. ) ;
#987 = LINE ( 'NONE', #1305, #1005 ) ;
#988 = CARTESIAN_POINT ( 'NONE',  ( -40.65188295504852789, 0.000000000000000000, -55.73564383380632847 ) ) ;
#989 = DIRECTION ( 'NONE',  ( 0.000000000000000000, 0.000000000000000000, 1.000000000000000000 ) ) ;
#990 = ORIENTED_EDGE ( 'NONE', *, *, #170, .F. ) ;
#991 = VERTEX_POINT ( 'NONE', #632 ) ;
#992 = AXIS2_PLACEMENT_3D ( 'NONE', #1361, #1346, #1379 ) ;
#993 = LINE ( 'NONE', #1220, #1274 ) ;
#994 = EDGE_LOOP ( 'NONE', ( #307, #770, #826, #986 ) ) ;
#995 = CARTESIAN_POINT ( 'NONE',  ( -37.24999999999999289, 8.300000000000002487, 47.19999999999998153 ) ) ;
#996 = AXIS2_PLACEMENT_3D ( 'NONE', #658, #22, #230 ) ;
#997 = SURFACE_STYLE_FILL_AREA ( #1211 ) ;
#998 = CARTESIAN_POINT ( 'NONE',  ( 28.24999999999999645, 8.300000000000000711, -39.25000000000000000 ) ) ;
#999 = ORIENTED_EDGE ( 'NONE', *, *, #1200, .F. ) ;
#1000 = CARTESIAN_POINT ( 'NONE',  ( 28.24999999999999645, 8.300000000000000711, -44.50000000000000000 ) ) ;
#1001 = CARTESIAN_POINT ( 'NONE',  ( -37.24999999999999289, -1.700000000000000178, 44.50000000000000000 ) ) ;
#1002 = CIRCLE ( 'NONE', #1296, 5.249999999999997335 ) ;
#1003 = CIRCLE ( 'NONE', #329, 2.699999999999987299 ) ;
#1004 = AXIS2_PLACEMENT_3D ( 'NONE', #55, #65, #495 ) ;
#1005 = VECTOR ( 'NONE', #685, 1000.000000000000000 ) ;
#1006 = CARTESIAN_POINT ( 'NONE',  ( 36.87500000000000000, 4.000000000000000000, -54.62500000000000000 ) ) ;
#1007 = FACE_OUTER_BOUND ( 'NONE', #274, .T. ) ;
#1008 = ORIENTED_EDGE ( 'NONE', *, *, #898, .T. ) ;
#1009 = DIRECTION ( 'NONE',  ( 0.000000000000000000, 0.000000000000000000, 1.000000000000000000 ) ) ;
#1010 = LINE ( 'NONE', #870, #160 ) ;
#1011 = CARTESIAN_POINT ( 'NONE',  ( -37.25000000000000711, 8.300000000000000711, -44.50000000000000000 ) ) ;
#1012 = VERTEX_POINT ( 'NONE', #128 ) ;
#1013 = DIRECTION ( 'NONE',  ( 0.000000000000000000, 1.000000000000000000, 0.000000000000000000 ) ) ;
#1014 = CARTESIAN_POINT ( 'NONE',  ( 35.19738529401593752, 0.000000000000000000, 35.03710733567736213 ) ) ;
#1015 = DIRECTION ( 'NONE',  ( -0.000000000000000000, 1.000000000000000000, -0.000000000000000000 ) ) ;
#1016 = ORIENTED_EDGE ( 'NONE', *, *, #1283, .T. ) ;
#1017 = EDGE_CURVE ( 'NONE', #1317, #1259, #843, .T. ) ;
#1018 = DIRECTION ( 'NONE',  ( 0.000000000000000000, 0.000000000000000000, 1.000000000000000000 ) ) ;
#1019 = CARTESIAN_POINT ( 'NONE',  ( -45.87500000000001421, 4.000000000000000000, -54.62500000000000000 ) ) ;
#1020 = EDGE_CURVE ( 'NONE', #182, #21, #1141, .T. ) ;
#1021 = B_SPLINE_CURVE_WITH_KNOTS ( 'NONE', 1,
 ( #87, #509 ),
 .UNSPECIFIED., .F., .F.,
 ( 2, 2 ),
 ( 0.000000000000000000, 0.8857656347274146524 ),
 .UNSPECIFIED. ) ;
#1022 = CARTESIAN_POINT ( 'NONE',  ( 25.49718944582178537, -9.000000000000000000, -41.59792590501120912 ) ) ;
#1023 = LINE ( 'NONE', #164, #225 ) ;
#1024 = ORIENTED_EDGE ( 'NONE', *, *, #451, .F. ) ;
#1025 = CARTESIAN_POINT ( 'NONE',  ( 28.25000000000001066, 0.000000000000000000, -44.50000000000001421 ) ) ;
#1026 = AXIS2_PLACEMENT_3D ( 'NONE', #530, #1266, #646 ) ;
#1027 = CARTESIAN_POINT ( 'NONE',  ( 28.25000000000001066, -7.971890712546730207, 44.49999999999999289 ) ) ;
#1028 = CIRCLE ( 'NONE', #734, 5.249999999999997335 ) ;
#1029 = LINE ( 'NONE', #171, #888 ) ;
#1030 = ORIENTED_EDGE ( 'NONE', *, *, #1168, .F. ) ;
#1031 = DIRECTION ( 'NONE',  ( 0.000000000000000000, 0.000000000000000000, -1.000000000000000000 ) ) ;
#1032 = VERTEX_POINT ( 'NONE', #121 ) ;
#1033 = DIRECTION ( 'NONE',  ( -0.000000000000000000, 1.000000000000000000, -0.000000000000000000 ) ) ;
#1034 = CARTESIAN_POINT ( 'NONE',  ( -33.84811704495145790, 0.000000000000000000, -33.26435616619367153 ) ) ;
#1035 = AXIS2_PLACEMENT_3D ( 'NONE', #725, #1133, #176 ) ;
#1036 = FACE_OUTER_BOUND ( 'NONE', #1221, .T. ) ;
#1037 = EDGE_CURVE ( 'NONE', #1309, #498, #1099, .T. ) ;
#1038 = VERTEX_POINT ( 'NONE', #304 ) ;
#1039 = ORIENTED_EDGE ( 'NONE', *, *, #1020, .T. ) ;
#1040 = ORIENTED_EDGE ( 'NONE', *, *, #375, .F. ) ;
#1041 = DIRECTION ( 'NONE',  ( -0.000000000000000000, -1.000000000000000000, -0.000000000000000000 ) ) ;
#1042 = DIRECTION ( 'NONE',  ( -0.000000000000000000, -1.000000000000000000, -0.000000000000000000 ) ) ;
#1043 = CYLINDRICAL_SURFACE ( 'NONE', #221, 5.249999999999997335 ) ;
#1044 = B_SPLINE_CURVE_WITH_KNOTS ( 'NONE', 1,
 ( #331, #315 ),
 .UNSPECIFIED., .F., .F.,
 ( 2, 2 ),
 ( 0.000000000000000000, 0.8857656347274146524 ),
 .UNSPECIFIED. ) ;
#1045 = EDGE_CURVE ( 'NONE', #436, #824, #962, .T. ) ;
#1046 = ORIENTED_EDGE ( 'NONE', *, *, #702, .F. ) ;
#1047 = EDGE_LOOP ( 'NONE', ( #165, #596 ) ) ;
#1048 = ORIENTED_EDGE ( 'NONE', *, *, #1223, .T. ) ;
#1049 = LINE ( 'NONE', #743, #697 ) ;
#1050 = CIRCLE ( 'NONE', #620, 5.249999999999997335 ) ;
#1051 = CYLINDRICAL_SURFACE ( 'NONE', #676, 5.249999999999997335 ) ;
#1052 = AXIS2_PLACEMENT_3D ( 'NONE', #767, #871, #317 ) ;
#1053 = DIRECTION ( 'NONE',  ( 1.000000000000000000, -0.000000000000000000, 0.000000000000000000 ) ) ;
#1054 = AXIS2_PLACEMENT_3D ( 'NONE', #659, #783, #56 ) ;
#1055 = EDGE_LOOP ( 'NONE', ( #1122, #634, #260, #736, #423 ) ) ;
#1056 = UNCERTAINTY_MEASURE_WITH_UNIT (LENGTH_MEASURE( 1.000000000000000082E-05 ), #1302, 'distance_accuracy_value', 'NONE');
#1057 = ORIENTED_EDGE ( 'NONE', *, *, #140, .F. ) ;
#1058 = CARTESIAN_POINT ( 'NONE',  ( -40.65188295504852789, 0.000000000000000000, 33.26435616619367153 ) ) ;
#1059 = DIRECTION ( 'NONE',  ( 0.000000000000000000, 0.5150380749100539335, 0.8571673007021124446 ) ) ;
#1060 = PLANE ( 'NONE',  #137 ) ;
#1061 = EDGE_CURVE ( 'NONE', #1038, #497, #425, .T. ) ;
#1062 = ORIENTED_EDGE ( 'NONE', *, *, #934, .T. ) ;
#1063 = ORIENTED_EDGE ( 'NONE', *, *, #133, .T. ) ;
#1064 = CARTESIAN_POINT ( 'NONE',  ( -40.00281055417821818, -9.000000000000000000, 47.40207409498879798 ) ) ;
#1065 = CARTESIAN_POINT ( 'NONE',  ( -37.24999999999999289, 0.000000000000000000, -44.50000000000000000 ) ) ;
#1066 = EDGE_CURVE ( 'NONE', #467, #1259, #1183, .T. ) ;
#1067 = PLANE ( 'NONE',  #781 ) ;
#1068 = ORIENTED_EDGE ( 'NONE', *, *, #1200, .T. ) ;
#1069 = EDGE_LOOP ( 'NONE', ( #578, #187 ) ) ;
#1070 = CARTESIAN_POINT ( 'NONE',  ( 35.19738529401593752, 0.000000000000000000, -53.96289266432263076 ) ) ;
#1071 = CARTESIAN_POINT ( 'NONE',  ( 31.27946603253980129, -7.971890712546760405, -46.96930295045766002 ) ) ;
#1072 = CARTESIAN_POINT ( 'NONE',  ( 36.87500000000000000, 4.000000000000000000, 54.62500000000000000 ) ) ;
#1073 = VECTOR ( 'NONE', #239, 1000.000000000000000 ) ;
#1074 = FACE_OUTER_BOUND ( 'NONE', #453, .T. ) ;
#1075 = CIRCLE ( 'NONE', #401, 3.908339993328527218 ) ;
#1076 = CIRCLE ( 'NONE', #799, 3.908339993328534323 ) ;
#1077 = ORIENTED_EDGE ( 'NONE', *, *, #629, .F. ) ;
#1078 = ORIENTED_EDGE ( 'NONE', *, *, #1162, .F. ) ;
#1079 = CARTESIAN_POINT ( 'NONE',  ( 31.65188295504854921, 0.000000000000000000, -33.26435616619369284 ) ) ;
#1080 = CARTESIAN_POINT ( 'NONE',  ( -37.25000000000000711, -1.700000000000000178, -44.50000000000000000 ) ) ;
#1081 = CARTESIAN_POINT ( 'NONE',  ( -42.42463412453222560, 0.000000000000000000, 43.61362441525814404 ) ) ;
#1082 = DIRECTION ( 'NONE',  ( 0.000000000000000000, 1.000000000000000000, 0.000000000000000000 ) ) ;
#1083 = CARTESIAN_POINT ( 'NONE',  ( -42.42463412453222560, 0.000000000000000000, -45.38637558474184885 ) ) ;
#1084 = EDGE_CURVE ( 'NONE', #824, #729, #67, .T. ) ;
#1085 = VERTEX_POINT ( 'NONE', #10 ) ;
#1086 = EDGE_CURVE ( 'NONE', #53, #256, #1230, .T. ) ;
#1087 = CARTESIAN_POINT ( 'NONE',  ( 25.49718944582178537, -9.000000000000000000, -41.59792590501120912 ) ) ;
#1088 = DIRECTION ( 'NONE',  ( -0.000000000000000000, 1.000000000000000000, -0.000000000000000000 ) ) ;
#1089 = FACE_OUTER_BOUND ( 'NONE', #1047, .T. ) ;
#1090 = DIRECTION ( 'NONE',  ( 0.000000000000000000, 0.000000000000000000, 1.000000000000000000 ) ) ;
#1091 = EDGE_LOOP ( 'NONE', ( #81, #604, #1319, #891, #1137 ) ) ;
#1092 = EDGE_CURVE ( 'NONE', #845, #1085, #1212, .T. ) ;
#1093 = CARTESIAN_POINT ( 'NONE',  ( 0.000000000000000000, 4.000000000000000000, 54.62500000000000000 ) ) ;
#1094 = CARTESIAN_POINT ( 'NONE',  ( -37.25000000000000711, -1.700000000000000178, -44.50000000000000000 ) ) ;
#1095 = CARTESIAN_POINT ( 'NONE',  ( 28.25000000000001066, 8.300000000000000711, 39.24999999999998579 ) ) ;
#1096 = AXIS2_PLACEMENT_3D ( 'NONE', #1241, #941, #1362 ) ;
#1097 = PLANE ( 'NONE',  #1231 ) ;
#1098 = AXIS2_PLACEMENT_3D ( 'NONE', #1011, #907, #387 ) ;
#1099 = CIRCLE ( 'NONE', #714, 5.249999999999997335 ) ;
#1100 = ORIENTED_EDGE ( 'NONE', *, *, #292, .F. ) ;
#1101 = FACE_OUTER_BOUND ( 'NONE', #1258, .T. ) ;
#1102 = AXIS2_PLACEMENT_3D ( 'NONE', #928, #948, #415 ) ;
#1103 = DIRECTION ( 'NONE',  ( 7.564143457625412814E-17, 0.7864458845212125571, -0.6176591865419371885 ) ) ;
#1104 = ORIENTED_EDGE ( 'NONE', *, *, #661, .T. ) ;
#1105 = CARTESIAN_POINT ( 'NONE',  ( -37.24999999999999289, -9.000000000000000000, 41.39911689425019858 ) ) ;
#1106 = EDGE_CURVE ( 'NONE', #287, #1085, #1044, .T. ) ;
#1107 = CARTESIAN_POINT ( 'NONE',  ( 28.25000000000001066, -8.999999999999996447, -44.50000000000001421 ) ) ;
#1108 = VECTOR ( 'NONE', #493, 1000.000000000000000 ) ;
#1109 = LINE ( 'NONE', #998, #533 ) ;
#1110 = EDGE_LOOP ( 'NONE', ( #1239, #1269, #483 ) ) ;
#1111 = FACE_OUTER_BOUND ( 'NONE', #369, .T. ) ;
#1112 = DIRECTION ( 'NONE',  ( -0.000000000000000000, 1.000000000000000000, -0.000000000000000000 ) ) ;
#1113 = CARTESIAN_POINT ( 'NONE',  ( -32.07536587546775309, 0.000000000000000000, -43.61362441525814404 ) ) ;
#1114 = LINE ( 'NONE', #470, #92 ) ;
#1115 = EDGE_LOOP ( 'NONE', ( #1048, #1030, #1217, #720 ) ) ;
#1116 = DIRECTION ( 'NONE',  ( -0.000000000000000000, -1.000000000000000000, -0.000000000000000000 ) ) ;
#1117 = VECTOR ( 'NONE', #19, 1000.000000000000000 ) ;
#1118 = CIRCLE ( 'NONE', #510, 5.249999999999997335 ) ;
#1119 = PRODUCT_DEFINITION_FORMATION_WITH_SPECIFIED_SOURCE ( 'TUTTO', '', #480, .NOT_KNOWN. ) ;
#1120 = DIRECTION ( 'NONE',  ( 1.000000000000000000, -0.000000000000000000, 0.000000000000000000 ) ) ;
#1121 = FACE_OUTER_BOUND ( 'NONE', #908, .T. ) ;
#1122 = ORIENTED_EDGE ( 'NONE', *, *, #526, .F. ) ;
#1123 = ORIENTED_EDGE ( 'NONE', *, *, #831, .F. ) ;
#1124 = CARTESIAN_POINT ( 'NONE',  ( -37.25000000000000711, 4.000000000000000000, -49.74999999999999289 ) ) ;
#1125 = EDGE_CURVE ( 'NONE', #1384, #1012, #180, .T. ) ;
#1126 = CARTESIAN_POINT ( 'NONE',  ( 19.69304125584418586, -9.000000000000000000, 41.89645298663236161 ) ) ;
#1127 = CARTESIAN_POINT ( 'NONE',  ( -42.42463412453222560, 0.000000000000000000, 43.61362441525814404 ) ) ;
#1128 = VERTEX_POINT ( 'NONE', #750 ) ;
#1129 = EDGE_CURVE ( 'NONE', #256, #8, #1325, .T. ) ;
#1130 = CARTESIAN_POINT ( 'NONE',  ( -37.24999999999999289, -8.999999999999996447, -44.50000000000000000 ) ) ;
#1131 = CARTESIAN_POINT ( 'NONE',  ( 31.30133763579937778, -8.999999999999998224, -36.09230479665475855 ) ) ;
#1132 = VERTEX_POINT ( 'NONE', #1272 ) ;
#1133 = DIRECTION ( 'NONE',  ( 0.000000000000000000, 1.000000000000000000, 0.000000000000000000 ) ) ;
#1134 = CARTESIAN_POINT ( 'NONE',  ( 0.000000000000000000, 0.000000000000000000, 54.62500000000000000 ) ) ;
#1135 = CARTESIAN_POINT ( 'NONE',  ( 23.07536587546777440, 0.000000000000000000, 43.61362441525813693 ) ) ;
#1136 = APPLICATION_PROTOCOL_DEFINITION ( 'draft international standard', 'automotive_design', 1998, #1290 ) ;
#1137 = ORIENTED_EDGE ( 'NONE', *, *, #915, .F. ) ;
#1138 = VECTOR ( 'NONE', #656, 1000.000000000000000 ) ;
#1139 = AXIS2_PLACEMENT_3D ( 'NONE', #1094, #354, #766 ) ;
#1140 = DIRECTION ( 'NONE',  ( -0.000000000000000000, -1.000000000000000000, -0.000000000000000000 ) ) ;
#1141 = CIRCLE ( 'NONE', #1026, 5.249999999999997335 ) ;
#1142 = CARTESIAN_POINT ( 'NONE',  ( -34.49718944582176761, -9.000000000000000000, -47.40207409498879798 ) ) ;
#1143 = EDGE_CURVE ( 'NONE', #90, #69, #858, .T. ) ;
#1144 = FACE_OUTER_BOUND ( 'NONE', #764, .T. ) ;
#1145 = ORIENTED_EDGE ( 'NONE', *, *, #451, .T. ) ;
#1146 = ORIENTED_EDGE ( 'NONE', *, *, #624, .F. ) ;
#1147 = CARTESIAN_POINT ( 'NONE',  ( 28.25000000000001066, -9.000000000000000000, -41.39911689425018437 ) ) ;
#1148 = PLANE ( 'NONE',  #1096 ) ;
#1149 = EDGE_CURVE ( 'NONE', #657, #210, #642, .T. ) ;
#1150 = CARTESIAN_POINT ( 'NONE',  ( 28.25000000000001066, -9.000000000000000000, -44.50000000000001421 ) ) ;
#1151 = ORIENTED_EDGE ( 'NONE', *, *, #271, .T. ) ;
#1152 = ORIENTED_EDGE ( 'NONE', *, *, #1381, .T. ) ;
#1153 = VERTEX_POINT ( 'NONE', #558 ) ;
#1154 = CARTESIAN_POINT ( 'NONE',  ( -37.24999999999999289, -8.999999999999996447, -44.50000000000000000 ) ) ;
#1155 = DIRECTION ( 'NONE',  ( 0.000000000000000000, 0.000000000000000000, -1.000000000000000000 ) ) ;
#1156 = DIRECTION ( 'NONE',  ( 0.000000000000000000, 0.000000000000000000, -1.000000000000000000 ) ) ;
#1157 = EDGE_LOOP ( 'NONE', ( #1304, #716 ) ) ;
#1158 = ORIENTED_EDGE ( 'NONE', *, *, #665, .T. ) ;
#1159 = CARTESIAN_POINT ( 'NONE',  ( 31.27946603253980129, -7.971890712546760405, -46.96930295045766002 ) ) ;
#1160 = CONICAL_SURFACE ( 'NONE', #686, 3.100883105749796531, 0.6657627660123547342 ) ;
#1161 = DIRECTION ( 'NONE',  ( 0.000000000000000000, 0.000000000000000000, 1.000000000000000000 ) ) ;
#1162 = EDGE_CURVE ( 'NONE', #1153, #403, #342, .T. ) ;
#1163 = VECTOR ( 'NONE', #72, 1000.000000000000114 ) ;
#1164 = CARTESIAN_POINT ( 'NONE',  ( -40.30133763579935646, -9.000000000000000000, -52.90769520334524145 ) ) ;
#1165 = VERTEX_POINT ( 'NONE', #154 ) ;
#1166 = EDGE_CURVE ( 'NONE', #1259, #535, #163, .T. ) ;
#1167 = EDGE_LOOP ( 'NONE', ( #195, #1068, #454 ) ) ;
#1168 = EDGE_CURVE ( 'NONE', #810, #933, #237, .T. ) ;
#1169 = CARTESIAN_POINT ( 'NONE',  ( -37.25000000000000711, 4.000000000000000000, -44.50000000000000000 ) ) ;
#1170 = DIRECTION ( 'NONE',  ( 0.000000000000000000, -0.000000000000000000, -1.000000000000000000 ) ) ;
#1171 = CARTESIAN_POINT ( 'NONE',  ( -40.00281055417821818, -9.000000000000000000, -41.59792590501120202 ) ) ;
#1172 = EDGE_CURVE ( 'NONE', #53, #90, #1372, .T. ) ;
#1173 = VECTOR ( 'NONE', #405, 1000.000000000000000 ) ;
#1174 = ORIENTED_EDGE ( 'NONE', *, *, #1086, .T. ) ;
#1175 = ORIENTED_EDGE ( 'NONE', *, *, #1166, .F. ) ;
#1176 = DIRECTION ( 'NONE',  ( 0.000000000000000000, 1.000000000000000000, 0.000000000000000000 ) ) ;
#1177 = DIRECTION ( 'NONE',  ( 0.000000000000000000, -1.000000000000000000, 0.000000000000000000 ) ) ;
#1178 = CARTESIAN_POINT ( 'NONE',  ( -34.49718944582176761, -9.000000000000000000, 41.59792590501120202 ) ) ;
#1179 = DIRECTION ( 'NONE',  ( -0.000000000000000000, 1.000000000000000000, -0.000000000000000000 ) ) ;
#1180 = ORIENTED_EDGE ( 'NONE', *, *, #153, .T. ) ;
#1181 = ORIENTED_EDGE ( 'NONE', *, *, #1086, .F. ) ;
#1182 = CARTESIAN_POINT ( 'NONE',  ( 33.42463412453224691, 0.000000000000000000, 45.38637558474184175 ) ) ;
#1183 = LINE ( 'NONE', #952, #668 ) ;
#1184 =( BOUNDED_SURFACE ( )  B_SPLINE_SURFACE ( 3, 1, ( 
 ( #945, #1378 ),
 ( #537, #635 ),
 ( #207, #107 ),
 ( #1182, #308 ),
 ( #297, #112 ),
 ( #223, #431 ),
 ( #724, #965 ) ),
 .UNSPECIFIED., .T., .F., .F. ) 
 B_SPLINE_SURFACE_WITH_KNOTS ( ( 4, 3, 4 ),
 ( 2, 2 ),
 ( 0.000000000000000000, 0.5000000000000000000, 1.000000000000000000 ),
 ( 0.000000000000000000, 1.000000000000000000 ),
 .UNSPECIFIED. ) 
 GEOMETRIC_REPRESENTATION_ITEM ( )  RATIONAL_B_SPLINE_SURFACE ( (
 ( 1.000000000000000000, 1.000000000000000000),
 ( 0.3333333333333333703, 0.3333333333333332038),
 ( 0.3333333333333333703, 0.3333333333333332038),
 ( 1.000000000000000000, 1.000000000000000000),
 ( 0.3333333333333333703, 0.3333333333333333703),
 ( 0.3333333333333333703, 0.3333333333333333703),
 ( 1.000000000000000000, 1.000000000000000000) ) ) 
 REPRESENTATION_ITEM ( '' )  SURFACE ( )  );
#1185 = CARTESIAN_POINT ( 'NONE',  ( 28.25000000000001066, -9.000000000000000000, 41.39911689425019148 ) ) ;
#1186 = CIRCLE ( 'NONE', #574, 3.908339993328534323 ) ;
#1187 = AXIS2_PLACEMENT_3D ( 'NONE', #1130, #364, #284 ) ;
#1188 = AXIS2_PLACEMENT_3D ( 'NONE', #1154, #1176, #9 ) ;
#1189 = DIRECTION ( 'NONE',  ( 0.000000000000000000, 0.000000000000000000, -1.000000000000000000 ) ) ;
#1190 = AXIS2_PLACEMENT_3D ( 'NONE', #1287, #11, #146 ) ;
#1191 = AXIS2_PLACEMENT_3D ( 'NONE', #183, #1033, #1354 ) ;
#1192 = EDGE_CURVE ( 'NONE', #106, #1284, #1076, .T. ) ;
#1193 = EDGE_CURVE ( 'NONE', #1208, #933, #1010, .T. ) ;
#1194 = DIRECTION ( 'NONE',  ( 0.000000000000000000, 0.000000000000000000, 1.000000000000000000 ) ) ;
#1195 = ORIENTED_EDGE ( 'NONE', *, *, #292, .T. ) ;
#1196 = VERTEX_POINT ( 'NONE', #877 ) ;
#1197 = DIRECTION ( 'NONE',  ( 0.000000000000000000, 0.000000000000000000, -1.000000000000000000 ) ) ;
#1198 = LINE ( 'NONE', #343, #1073 ) ;
#1199 = DIRECTION ( 'NONE',  ( -1.000000000000000000, 0.000000000000000000, -0.000000000000000000 ) ) ;
#1200 = EDGE_CURVE ( 'NONE', #1225, #210, #993, .T. ) ;
#1201 = ORIENTED_EDGE ( 'NONE', *, *, #831, .T. ) ;
#1202 = ORIENTED_EDGE ( 'NONE', *, *, #560, .F. ) ;
#1203 = CARTESIAN_POINT ( 'NONE',  ( -37.24999999999999289, 8.300000000000000711, 47.19999999999998863 ) ) ;
#1204 = FILL_AREA_STYLE_COLOUR ( '', #819 ) ;
#1205 = VERTEX_POINT ( 'NONE', #134 ) ;
#1206 = ORIENTED_EDGE ( 'NONE', *, *, #335, .T. ) ;
#1207 = CARTESIAN_POINT ( 'NONE',  ( 28.25000000000001066, -9.000000000000000000, 47.60088310574978721 ) ) ;
#1208 = VERTEX_POINT ( 'NONE', #575 ) ;
#1209 = DIRECTION ( 'NONE',  ( 0.000000000000000000, 0.7864458845212118909, 0.6176591865419381877 ) ) ;
#1210 = EDGE_CURVE ( 'NONE', #21, #1196, #987, .T. ) ;
#1211 = FILL_AREA_STYLE ('',( #1204 ) ) ;
#1212 = CIRCLE ( 'NONE', #1275, 3.908339993328534323 ) ;
#1213 = ORIENTED_EDGE ( 'NONE', *, *, #1192, .T. ) ;
#1214 = ADVANCED_FACE ( 'NONE', ( #32 ), #867, .T. ) ;
#1215 = AXIS2_PLACEMENT_3D ( 'NONE', #718, #506, #525 ) ;
#1216 = FACE_OUTER_BOUND ( 'NONE', #527, .T. ) ;
#1217 = ORIENTED_EDGE ( 'NONE', *, *, #234, .F. ) ;
#1218 = PRESENTATION_STYLE_ASSIGNMENT (( #360 ) ) ;
#1219 = CIRCLE ( 'NONE', #189, 5.249999999999997335 ) ;
#1220 = CARTESIAN_POINT ( 'NONE',  ( -37.25000000000000711, -1.700000000000000178, -41.79999999999999716 ) ) ;
#1221 = EDGE_LOOP ( 'NONE', ( #643, #502, #196, #610 ) ) ;
#1222 = DIRECTION ( 'NONE',  ( 0.000000000000000000, -1.000000000000000000, 0.000000000000000000 ) ) ;
#1223 = EDGE_CURVE ( 'NONE', #555, #933, #1114, .T. ) ;
#1224 = DIRECTION ( 'NONE',  ( -0.000000000000000000, -1.000000000000000000, -0.000000000000000000 ) ) ;
#1225 = VERTEX_POINT ( 'NONE', #777 ) ;
#1226 = ORIENTED_EDGE ( 'NONE', *, *, #175, .T. ) ;
#1227 = FACE_BOUND ( 'NONE', #748, .T. ) ;
#1228 = EDGE_CURVE ( 'NONE', #897, #1293, #362, .T. ) ;
#1229 = AXIS2_PLACEMENT_3D ( 'NONE', #582, #474, #487 ) ;
#1230 = B_SPLINE_CURVE_WITH_KNOTS ( 'NONE', 1,
 ( #841, #855 ),
 .UNSPECIFIED., .F., .F.,
 ( 2, 2 ),
 ( 0.000000000000000000, 0.8857656347274178721 ),
 .UNSPECIFIED. ) ;
#1231 = AXIS2_PLACEMENT_3D ( 'NONE', #573, #756, #775 ) ;
#1232 = ADVANCED_FACE ( 'NONE', ( #1216 ), #366, .F. ) ;
#1233 = CARTESIAN_POINT ( 'NONE',  ( 23.07536587546777440, 0.000000000000000000, 43.61362441525813693 ) ) ;
#1234 = FACE_OUTER_BOUND ( 'NONE', #769, .T. ) ;
#1235 = VERTEX_POINT ( 'NONE', #771 ) ;
#1236 = CARTESIAN_POINT ( 'NONE',  ( 25.22053396746020937, -7.971890712546730207, 46.96930295045763160 ) ) ;
#1237 = CARTESIAN_POINT ( 'NONE',  ( 36.80695874415582836, -8.999999999999998224, -41.89645298663236872 ) ) ;
#1238 = CARTESIAN_POINT ( 'NONE',  ( 25.49718944582178537, -9.000000000000000000, 47.40207409498879088 ) ) ;
#1239 = ORIENTED_EDGE ( 'NONE', *, *, #37, .F. ) ;
#1240 = CYLINDRICAL_SURFACE ( 'NONE', #365, 5.249999999999997335 ) ;
#1241 = CARTESIAN_POINT ( 'NONE',  ( -37.24999999999999289, -9.000000000000000000, -44.50000000000000000 ) ) ;
#1242 = DIRECTION ( 'NONE',  ( 0.000000000000000000, 0.000000000000000000, 1.000000000000000000 ) ) ;
#1243 = CARTESIAN_POINT ( 'NONE',  ( 25.49718944582178537, -9.000000000000000000, 47.40207409498879088 ) ) ;
#1244 = VERTEX_POINT ( 'NONE', #1207 ) ;
#1245 = PLANE ( 'NONE',  #262 ) ;
#1246 = CARTESIAN_POINT ( 'NONE',  ( -40.27946603253979418, -7.971890712546728430, -42.03069704954235419 ) ) ;
#1247 = DIRECTION ( 'NONE',  ( 0.000000000000000000, 0.000000000000000000, -1.000000000000000000 ) ) ;
#1248 = ADVANCED_FACE ( 'NONE', ( #1331 ), #243, .F. ) ;
#1249 = AXIS2_PLACEMENT_3D ( 'NONE', #428, #850, #1282 ) ;
#1250 = ORIENTED_EDGE ( 'NONE', *, *, #422, .T. ) ;
#1251 = ORIENTED_EDGE ( 'NONE', *, *, #640, .F. ) ;
#1252 = AXIS2_PLACEMENT_3D ( 'NONE', #800, #74, #1357 ) ;
#1253 = CONICAL_SURFACE ( 'NONE', #984, 2.700000000000001066, 1.029744258676654756 ) ;
#1254 = FACE_OUTER_BOUND ( 'NONE', #994, .T. ) ;
#1255 = DIRECTION ( 'NONE',  ( 0.000000000000000000, 1.000000000000000000, 0.000000000000000000 ) ) ;
#1256 = CARTESIAN_POINT ( 'NONE',  ( -34.19866236420062933, -8.999999999999998224, 52.90769520334524145 ) ) ;
#1257 = EDGE_LOOP ( 'NONE', ( #772, #319, #615, #294, #313 ) ) ;
#1258 = EDGE_LOOP ( 'NONE', ( #544, #82, #1008, #903 ) ) ;
#1259 = VERTEX_POINT ( 'NONE', #882 ) ;
#1260 = CARTESIAN_POINT ( 'NONE',  ( -37.24999999999999289, -8.999999999999996447, -47.60088310574978721 ) ) ;
#1261 = CARTESIAN_POINT ( 'NONE',  ( 28.25000000000001066, -8.999999999999996447, -41.39911689425018437 ) ) ;
#1262 = LINE ( 'NONE', #1356, #361 ) ;
#1263 = ORIENTED_EDGE ( 'NONE', *, *, #913, .F. ) ;
#1264 = ORIENTED_EDGE ( 'NONE', *, *, #1061, .T. ) ;
#1265 = DIRECTION ( 'NONE',  ( 0.000000000000000000, 1.000000000000000000, 0.000000000000000000 ) ) ;
#1266 = DIRECTION ( 'NONE',  ( 0.000000000000000000, 1.000000000000000000, 0.000000000000000000 ) ) ;
#1267 = CYLINDRICAL_SURFACE ( 'NONE', #1102, 5.249999999999997335 ) ;
#1268 = EDGE_CURVE ( 'NONE', #1384, #742, #1318, .T. ) ;
#1269 = ORIENTED_EDGE ( 'NONE', *, *, #1066, .T. ) ;
#1270 = EDGE_CURVE ( 'NONE', #182, #1128, #1109, .T. ) ;
#1271 = FACE_OUTER_BOUND ( 'NONE', #899, .T. ) ;
#1272 = CARTESIAN_POINT ( 'NONE',  ( -37.24999999999999289, -9.000000000000000000, -47.60088310574978721 ) ) ;
#1273 = DIRECTION ( 'NONE',  ( 0.000000000000000000, 0.000000000000000000, 1.000000000000000000 ) ) ;
#1274 = VECTOR ( 'NONE', #255, 1000.000000000000000 ) ;
#1275 = AXIS2_PLACEMENT_3D ( 'NONE', #862, #847, #545 ) ;
#1276 = AXIS2_PLACEMENT_3D ( 'NONE', #79, #290, #104 ) ;
#1277 = EDGE_LOOP ( 'NONE', ( #236, #1278, #373, #174, #119 ) ) ;
#1278 = ORIENTED_EDGE ( 'NONE', *, *, #479, .F. ) ;
#1279 = LINE ( 'NONE', #1260, #1163 ) ;
#1280 = CARTESIAN_POINT ( 'NONE',  ( -37.24999999999999289, 8.300000000000000711, 39.25000000000000000 ) ) ;
#1281 = CYLINDRICAL_SURFACE ( 'NONE', #1052, 5.249999999999997335 ) ;
#1282 = DIRECTION ( 'NONE',  ( 0.000000000000000000, -0.000000000000000000, 1.000000000000000000 ) ) ;
#1283 = EDGE_CURVE ( 'NONE', #1284, #126, #511, .T. ) ;
#1284 = VERTEX_POINT ( 'NONE', #168 ) ;
#1285 = CARTESIAN_POINT ( 'NONE',  ( -32.07536587546775309, 0.000000000000000000, 45.38637558474184885 ) ) ;
#1286 = FACE_OUTER_BOUND ( 'NONE', #1157, .T. ) ;
#1287 = CARTESIAN_POINT ( 'NONE',  ( 28.25000000000001066, -9.000000000000000000, -44.50000000000001421 ) ) ;
#1288 = CARTESIAN_POINT ( 'NONE',  ( -37.24999999999999289, 0.000000000000000000, 44.50000000000000000 ) ) ;
#1289 = ADVANCED_FACE ( 'NONE', ( #272 ), #123, .T. ) ;
#1290 = APPLICATION_CONTEXT ( 'automotive_design' ) ;
#1291 = FACE_OUTER_BOUND ( 'NONE', #1277, .T. ) ;
#1292 = EDGE_LOOP ( 'NONE', ( #758, #328, #1303, #1377, #688 ) ) ;
#1293 = VERTEX_POINT ( 'NONE', #386 ) ;
#1294 = DIRECTION ( 'NONE',  ( 0.000000000000000000, 0.000000000000000000, -1.000000000000000000 ) ) ;
#1295 = DIRECTION ( 'NONE',  ( 0.000000000000000000, 0.000000000000000000, -1.000000000000000000 ) ) ;
#1296 = AXIS2_PLACEMENT_3D ( 'NONE', #959, #1299, #842 ) ;
#1297 = CIRCLE ( 'NONE', #576, 3.908339993328534323 ) ;
#1298 = AXIS2_PLACEMENT_3D ( 'NONE', #1169, #936, #1373 ) ;
#1299 = DIRECTION ( 'NONE',  ( 0.000000000000000000, 1.000000000000000000, 0.000000000000000000 ) ) ;
#1300 = EDGE_CURVE ( 'NONE', #557, #106, #693, .T. ) ;
#1301 = AXIS2_PLACEMENT_3D ( 'NONE', #259, #687, #57 ) ;
#1302 =( LENGTH_UNIT ( ) NAMED_UNIT ( * ) SI_UNIT ( .MILLI., .METRE. ) );
#1303 = ORIENTED_EDGE ( 'NONE', *, *, #649, .T. ) ;
#1304 = ORIENTED_EDGE ( 'NONE', *, *, #541, .T. ) ;
#1305 = CARTESIAN_POINT ( 'NONE',  ( 28.24999999999999645, 8.300000000000000711, -49.74999999999999289 ) ) ;
#1306 = LINE ( 'NONE', #980, #110 ) ;
#1307 = CARTESIAN_POINT ( 'NONE',  ( -45.80695874415582125, -9.000000000000000000, -47.10354701336763839 ) ) ;
#1308 = VECTOR ( 'NONE', #1311, 1000.000000000000000 ) ;
#1309 = VERTEX_POINT ( 'NONE', #475 ) ;
#1310 = ADVANCED_FACE ( 'NONE', ( #916 ), #35, .T. ) ;
#1311 = DIRECTION ( 'NONE',  ( 1.049727191138618819E-16, 0.5150380749100539335, -0.8571673007021124446 ) ) ;
#1312 = DIRECTION ( 'NONE',  ( -0.000000000000000000, 1.000000000000000000, -0.000000000000000000 ) ) ;
#1313 = PLANE ( 'NONE',  #798 ) ;
#1314 = CARTESIAN_POINT ( 'NONE',  ( 28.25000000000001066, 0.000000000000000000, 44.49999999999999289 ) ) ;
#1315 = EDGE_CURVE ( 'NONE', #1235, #845, #910, .T. ) ;
#1316 = ORIENTED_EDGE ( 'NONE', *, *, #560, .T. ) ;
#1317 = VERTEX_POINT ( 'NONE', #471 ) ;
#1318 = LINE ( 'NONE', #895, #449 ) ;
#1319 = ORIENTED_EDGE ( 'NONE', *, *, #684, .F. ) ;
#1320 = FACE_OUTER_BOUND ( 'NONE', #14, .T. ) ;
#1321 = VECTOR ( 'NONE', #333, 1000.000000000000000 ) ;
#1322 = AXIS2_PLACEMENT_3D ( 'NONE', #866, #873, #1090 ) ;
#1323 = AXIS2_PLACEMENT_3D ( 'NONE', #455, #1312, #348 ) ;
#1324 = LINE ( 'NONE', #443, #1138 ) ;
#1325 = CIRCLE ( 'NONE', #735, 3.908339993328527218 ) ;
#1326 = CARTESIAN_POINT ( 'NONE',  ( 28.25000000000001066, -8.999999999999996447, -47.60088310574983694 ) ) ;
#1327 = EDGE_LOOP ( 'NONE', ( #45, #131 ) ) ;
#1328 = DIRECTION ( 'NONE',  ( 0.000000000000000000, 1.000000000000000000, -0.000000000000000000 ) ) ;
#1329 = CARTESIAN_POINT ( 'NONE',  ( -37.24999999999999289, 4.000000000000000000, 44.50000000000000000 ) ) ;
#1330 = ADVANCED_FACE ( 'NONE', ( #273 ), #1253, .F. ) ;
#1331 = FACE_OUTER_BOUND ( 'NONE', #101, .T. ) ;
#1332 = ORIENTED_EDGE ( 'NONE', *, *, #979, .F. ) ;
#1333 = ORIENTED_EDGE ( 'NONE', *, *, #1162, .T. ) ;
#1334 = ADVANCED_FACE ( 'NONE', ( #1121 ), #815, .F. ) ;
#1335 = ADVANCED_FACE ( 'NONE', ( #62 ), #917, .F. ) ;
#1336 = DIRECTION ( 'NONE',  ( 0.000000000000000000, 0.000000000000000000, -1.000000000000000000 ) ) ;
#1337 = CARTESIAN_POINT ( 'NONE',  ( 21.30261470598407669, 0.000000000000000000, -35.03710733567739766 ) ) ;
#1338 = CARTESIAN_POINT ( 'NONE',  ( 23.07536587546777440, 0.000000000000000000, 43.61362441525813693 ) ) ;
#1339 = ORIENTED_EDGE ( 'NONE', *, *, #671, .F. ) ;
#1340 = EDGE_CURVE ( 'NONE', #1032, #1235, #430, .T. ) ;
#1341 = CARTESIAN_POINT ( 'NONE',  ( -37.24999999999999289, -9.000000000000000000, 44.50000000000000000 ) ) ;
#1342 = CIRCLE ( 'NONE', #909, 3.908339993328534323 ) ;
#1343 = CARTESIAN_POINT ( 'NONE',  ( 31.00281055417823595, -9.000000000000000000, 41.59792590501119491 ) ) ;
#1344 = CARTESIAN_POINT ( 'NONE',  ( -37.25000000000000711, 8.300000000000000711, -49.74999999999999289 ) ) ;
#1345 = EDGE_LOOP ( 'NONE', ( #512, #585, #985, #550 ) ) ;
#1346 = DIRECTION ( 'NONE',  ( 0.000000000000000000, 1.000000000000000000, 0.000000000000000000 ) ) ;
#1347 = FACE_BOUND ( 'NONE', #838, .T. ) ;
#1348 = FACE_OUTER_BOUND ( 'NONE', #1368, .T. ) ;
#1349 = CARTESIAN_POINT ( 'NONE',  ( 19.69304125584418586, -9.000000000000000000, -47.10354701336763839 ) ) ;
#1350 =( LENGTH_UNIT ( ) NAMED_UNIT ( * ) SI_UNIT ( .MILLI., .METRE. ) );
#1351 = ORIENTED_EDGE ( 'NONE', *, *, #1125, .T. ) ;
#1352 = ADVANCED_FACE ( 'NONE', ( #1007 ), #925, .T. ) ;
#1353 = CIRCLE ( 'NONE', #992, 5.249999999999997335 ) ;
#1354 = DIRECTION ( 'NONE',  ( 0.000000000000000000, 0.000000000000000000, -1.000000000000000000 ) ) ;
#1355 = CLOSED_SHELL ( 'NONE', ( #1335, #961, #338, #1330, #291, #692, #1214, #1382, #1289, #1310, #549, #477, #848, #344, #215, #460, #34, #592, #269, #1334, #808, #524, #804, #336, #872, #792, #874, #543, #1352, #162, #981, #93, #201, #238, #391, #66, #442, #50, #312, #583, #59, #773, #568, #1248, #947, #1232 ) ) ;
#1356 = CARTESIAN_POINT ( 'NONE',  ( 36.87500000000000000, 4.000000000000000000, 4.684150347031194692E-15 ) ) ;
#1357 = DIRECTION ( 'NONE',  ( 0.000000000000000000, 0.000000000000000000, -1.000000000000000000 ) ) ;
#1358 = ORIENTED_EDGE ( 'NONE', *, *, #581, .T. ) ;
#1359 = DIRECTION ( 'NONE',  ( 0.000000000000000000, 1.000000000000000000, 0.000000000000000000 ) ) ;
#1360 = ORIENTED_EDGE ( 'NONE', *, *, #28, .F. ) ;
#1361 = CARTESIAN_POINT ( 'NONE',  ( 28.25000000000001066, 8.300000000000000711, 44.49999999999998579 ) ) ;
#1362 = DIRECTION ( 'NONE',  ( 0.000000000000000000, -0.000000000000000000, -1.000000000000000000 ) ) ;
#1363 = CARTESIAN_POINT ( 'NONE',  ( 28.24999999999999645, 8.300000000000000711, -44.50000000000000000 ) ) ;
#1364 = CIRCLE ( 'NONE', #156, 3.908339993328534323 ) ;
#1365 = AXIS2_PLACEMENT_3D ( 'NONE', #478, #1222, #185 ) ;
#1366 = AXIS2_PLACEMENT_3D ( 'NONE', #834, #1265, #846 ) ;
#1367 = AXIS2_PLACEMENT_3D ( 'NONE', #1314, #141, #886 ) ;
#1368 = EDGE_LOOP ( 'NONE', ( #803, #368, #461, #644, #381 ) ) ;
#1369 = EDGE_LOOP ( 'NONE', ( #1063, #784, #1078, #1201 ) ) ;
#1370 = CIRCLE ( 'NONE', #711, 5.249999999999997335 ) ;
#1371 = VERTEX_POINT ( 'NONE', #809 ) ;
#1372 = CIRCLE ( 'NONE', #1054, 5.249999999999997335 ) ;
#1373 = DIRECTION ( 'NONE',  ( 0.000000000000000000, 0.000000000000000000, 1.000000000000000000 ) ) ;
#1374 = CARTESIAN_POINT ( 'NONE',  ( -37.24999999999999289, 8.300000000000002487, 44.50000000000000000 ) ) ;
#1375 = CARTESIAN_POINT ( 'NONE',  ( -42.42463412453222560, 0.000000000000000000, -45.38637558474184885 ) ) ;
#1376 = ORIENTED_EDGE ( 'NONE', *, *, #1149, .T. ) ;
#1377 = ORIENTED_EDGE ( 'NONE', *, *, #194, .F. ) ;
#1378 = CARTESIAN_POINT ( 'NONE',  ( 25.49718944582178537, -9.000000000000000000, 47.40207409498879088 ) ) ;
#1379 = DIRECTION ( 'NONE',  ( 0.000000000000000000, 0.000000000000000000, 1.000000000000000000 ) ) ;
#1380 = DIRECTION ( 'NONE',  ( -0.000000000000000000, -1.000000000000000000, -0.000000000000000000 ) ) ;
#1381 = EDGE_CURVE ( 'NONE', #1225, #657, #1023, .T. ) ;
#1382 = ADVANCED_FACE ( 'NONE', ( #1234 ), #622, .T. ) ;
#1383 = ORIENTED_EDGE ( 'NONE', *, *, #1143, .F. ) ;
#1384 = VERTEX_POINT ( 'NONE', #1344 ) ;
#1385 = CARTESIAN_POINT ( 'NONE',  ( 21.30261470598407669, 0.000000000000000000, -35.03710733567739766 ) ) ;
#1386 = DIRECTION ( 'NONE',  ( -0.000000000000000000, 1.000000000000000000, -0.000000000000000000 ) ) ;
#1387 = CARTESIAN_POINT ( 'NONE',  ( -37.24999999999999289, 8.300000000000000711, 44.50000000000000000 ) ) ;
ENDSEC;
END-ISO-10303-21;
