ISO-10303-21;
HEADER;
FILE_DESCRIPTION (( 'STEP AP214' ),
    '1' );
FILE_NAME ('top v.2.STEP',
    '2026-08-15T21:55:57',
    ( '' ),
    ( '' ),
    'SwSTEP 2.0',
    'SolidWorks 2024',
    '' );
FILE_SCHEMA (( 'AUTOMOTIVE_DESIGN' ));
ENDSEC;

DATA;
#1 = CARTESIAN_POINT ( 'NONE',  ( -4.549999999999991829, 0.000000000000000000, 0.000000000000000000 ) ) ;
#2 = VERTEX_POINT ( 'NONE', #3589 ) ;
#3 = VECTOR ( 'NONE', #4275, 1000.000000000000000 ) ;
#4 = CARTESIAN_POINT ( 'NONE',  ( 20.05000000000001137, 4.000000000000000000, 24.04999999999998650 ) ) ;
#5 = CARTESIAN_POINT ( 'NONE',  ( -24.89158124226813840, 4.000000000000000000, -11.39610632923070810 ) ) ;
#6 = CARTESIAN_POINT ( 'NONE',  ( 20.05000000000001137, 4.000000000000000000, 4.499999999999990230 ) ) ;
#7 = DIRECTION ( 'NONE',  ( 0.000000000000000000, 0.000000000000000000, 1.000000000000000000 ) ) ;
#8 = VECTOR ( 'NONE', #4876, 1000.000000000000000 ) ;
#9 = VECTOR ( 'NONE', #4531, 1000.000000000000000 ) ;
#10 = CARTESIAN_POINT ( 'NONE',  ( -36.36700498121759750, -15.00000000000000355, 8.759851914714646526 ) ) ;
#11 = FACE_OUTER_BOUND ( 'NONE', #903, .T. ) ;
#12 = CARTESIAN_POINT ( 'NONE',  ( -23.79090670959995535, 4.000000000000000000, -18.45952300626248999 ) ) ;
#13 = DIRECTION ( 'NONE',  ( 0.000000000000000000, 0.000000000000000000, 1.000000000000000000 ) ) ;
#14 = CARTESIAN_POINT ( 'NONE',  ( -25.82275618771045345, -15.00000000000000355, 15.61533861353128394 ) ) ;
#15 = ORIENTED_EDGE ( 'NONE', *, *, #3563, .F. ) ;
#16 = VECTOR ( 'NONE', #5550, 1000.000000000000000 ) ;
#17 = EDGE_LOOP ( 'NONE', ( #2644, #4575, #4693, #2410 ) ) ;
#18 = EDGE_CURVE ( 'NONE', #5592, #2072, #5087, .T. ) ;
#19 = DIRECTION ( 'NONE',  ( 0.000000000000000000, 1.000000000000000000, 0.000000000000000000 ) ) ;
#20 = AXIS2_PLACEMENT_3D ( 'NONE', #838, #6177, #5091 ) ;
#21 = EDGE_CURVE ( 'NONE', #5521, #3098, #4956, .T. ) ;
#22 = ORIENTED_EDGE ( 'NONE', *, *, #661, .F. ) ;
#23 = CARTESIAN_POINT ( 'NONE',  ( -7.747391014371412865, 0.000000000000000000, -13.41887486299387966 ) ) ;
#24 = VERTEX_POINT ( 'NONE', #4005 ) ;
#25 = AXIS2_PLACEMENT_3D ( 'NONE', #265, #3051, #1940 ) ;
#26 = ORIENTED_EDGE ( 'NONE', *, *, #2423, .F. ) ;
#27 = DIRECTION ( 'NONE',  ( -1.000000000000000000, 0.000000000000000000, 0.000000000000000000 ) ) ;
#28 = ORIENTED_EDGE ( 'NONE', *, *, #2484, .F. ) ;
#29 = DIRECTION ( 'NONE',  ( -0.3645726552835132916, 0.000000000000000000, 0.9311749454423312589 ) ) ;
#30 = EDGE_LOOP ( 'NONE', ( #1314, #5565, #3485, #2641 ) ) ;
#31 = CARTESIAN_POINT ( 'NONE',  ( -36.36700498121759750, -15.00000000000000355, -18.61616568333077026 ) ) ;
#32 = PLANE ( 'NONE',  #645 ) ;
#33 = ORIENTED_EDGE ( 'NONE', *, *, #495, .F. ) ;
#34 = AXIS2_PLACEMENT_3D ( 'NONE', #6170, #969, #3094 ) ;
#35 = EDGE_LOOP ( 'NONE', ( #3687, #2945, #6533, #5696 ) ) ;
#36 = PLANE ( 'NONE',  #4136 ) ;
#37 = VERTEX_POINT ( 'NONE', #1389 ) ;
#38 = DIRECTION ( 'NONE',  ( -0.3645726552835140688, 0.000000000000000000, 0.9311749454423309258 ) ) ;
#39 = DIRECTION ( 'NONE',  ( 0.000000000000000000, 0.000000000000000000, 1.000000000000000000 ) ) ;
#40 = CIRCLE ( 'NONE', #1592, 0.5000000000000004441 ) ;
#41 = DIRECTION ( 'NONE',  ( -0.000000000000000000, 1.000000000000000000, -0.000000000000000000 ) ) ;
#42 = CARTESIAN_POINT ( 'NONE',  ( 33.87499999999999289, -15.00000000000000355, -37.44957351945705426 ) ) ;
#43 = ADVANCED_FACE ( 'NONE', ( #2504 ), #799, .F. ) ;
#44 = EDGE_CURVE ( 'NONE', #3600, #3765, #5157, .T. ) ;
#45 = CIRCLE ( 'NONE', #4271, 0.9999999999999940048 ) ;
#46 = CARTESIAN_POINT ( 'NONE',  ( -36.15909329039983788, -15.00000000000000355, -3.950009283574258845 ) ) ;
#47 = AXIS2_PLACEMENT_3D ( 'NONE', #211, #6625, #6179 ) ;
#48 = CARTESIAN_POINT ( 'NONE',  ( 14.00000000000001243, -15.00000000000000355, 10.54999999999999005 ) ) ;
#49 = CARTESIAN_POINT ( 'NONE',  ( 33.05000000000001137, 0.000000000000000000, -14.05000000000001315 ) ) ;
#50 = LINE ( 'NONE', #4331, #4961 ) ;
#51 = PLANE ( 'NONE',  #4376 ) ;
#52 = AXIS2_PLACEMENT_3D ( 'NONE', #3339, #5402, #5471 ) ;
#53 = ORIENTED_EDGE ( 'NONE', *, *, #1349, .T. ) ;
#54 = VECTOR ( 'NONE', #5438, 1000.000000000000000 ) ;
#55 = EDGE_CURVE ( 'NONE', #4687, #5733, #3508, .T. ) ;
#56 = DIRECTION ( 'NONE',  ( 0.000000000000000000, 1.000000000000000000, 0.000000000000000000 ) ) ;
#57 = ORIENTED_EDGE ( 'NONE', *, *, #6769, .F. ) ;
#58 = DIRECTION ( 'NONE',  ( -0.000000000000000000, 1.000000000000000000, -0.000000000000000000 ) ) ;
#59 = ORIENTED_EDGE ( 'NONE', *, *, #3507, .F. ) ;
#60 = EDGE_LOOP ( 'NONE', ( #6789, #4471, #1936, #3128, #2940, #1621, #2267, #3444 ) ) ;
#61 = DIRECTION ( 'NONE',  ( 0.000000000000000000, -0.000000000000000000, 1.000000000000000000 ) ) ;
#62 = ORIENTED_EDGE ( 'NONE', *, *, #6196, .T. ) ;
#63 = CARTESIAN_POINT ( 'NONE',  ( 14.00000000000001243, 0.000000000000000000, 4.999999999999990230 ) ) ;
#64 = ORIENTED_EDGE ( 'NONE', *, *, #4715, .F. ) ;
#65 = CARTESIAN_POINT ( 'NONE',  ( -18.54999999999999005, 0.000000000000000000, 0.000000000000000000 ) ) ;
#66 = DIRECTION ( 'NONE',  ( 0.000000000000000000, 1.000000000000000000, -0.000000000000000000 ) ) ;
#67 = AXIS2_PLACEMENT_3D ( 'NONE', #4036, #3513, #445 ) ;
#68 = VERTEX_POINT ( 'NONE', #5056 ) ;
#69 = ORIENTED_EDGE ( 'NONE', *, *, #3562, .F. ) ;
#70 = EDGE_CURVE ( 'NONE', #5078, #24, #347, .T. ) ;
#71 = DIRECTION ( 'NONE',  ( -0.000000000000000000, 1.000000000000000000, -0.000000000000000000 ) ) ;
#72 = EDGE_LOOP ( 'NONE', ( #2888, #4402, #64, #1630 ) ) ;
#73 = EDGE_CURVE ( 'NONE', #6047, #3375, #4638, .T. ) ;
#74 = CARTESIAN_POINT ( 'NONE',  ( -24.89158124226813840, -15.00000000000000355, -11.39610632923070810 ) ) ;
#75 = EDGE_CURVE ( 'NONE', #2931, #6047, #5908, .T. ) ;
#76 = DIRECTION ( 'NONE',  ( 0.000000000000000000, 0.000000000000000000, 1.000000000000000000 ) ) ;
#77 = LINE ( 'NONE', #3307, #6052 ) ;
#78 = DIRECTION ( 'NONE',  ( -0.000000000000000000, 1.000000000000000000, -0.000000000000000000 ) ) ;
#79 = EDGE_CURVE ( 'NONE', #1549, #6539, #6770, .T. ) ;
#80 = VECTOR ( 'NONE', #5273, 1000.000000000000000 ) ;
#81 = VECTOR ( 'NONE', #6096, 1000.000000000000114 ) ;
#82 = DIRECTION ( 'NONE',  ( -0.000000000000000000, 1.000000000000000000, -0.000000000000000000 ) ) ;
#83 = CARTESIAN_POINT ( 'NONE',  ( -18.75250000000000838, -15.00000000000000355, -33.56750000000000256 ) ) ;
#84 = LINE ( 'NONE', #6455, #854 ) ;
#85 = CARTESIAN_POINT ( 'NONE',  ( -26.18732884299398123, -15.00000000000000355, -10.82950403907189596 ) ) ;
#86 = CARTESIAN_POINT ( 'NONE',  ( 24.87500000000001066, 4.000000000000000000, -43.80042648054293863 ) ) ;
#87 = VECTOR ( 'NONE', #864, 1000.000000000000000 ) ;
#88 = ORIENTED_EDGE ( 'NONE', *, *, #1315, .T. ) ;
#89 = ADVANCED_FACE ( 'NONE', ( #1463 ), #942, .F. ) ;
#90 = CARTESIAN_POINT ( 'NONE',  ( 34.37500000000000000, 0.000000000000000000, 0.000000000000000000 ) ) ;
#91 = ORIENTED_EDGE ( 'NONE', *, *, #3384, .T. ) ;
#92 = AXIS2_PLACEMENT_3D ( 'NONE', #5502, #4454, #3404 ) ;
#93 = PLANE ( 'NONE',  #4457 ) ;
#94 = ORIENTED_EDGE ( 'NONE', *, *, #6780, .F. ) ;
#95 = VERTEX_POINT ( 'NONE', #4670 ) ;
#96 = DIRECTION ( 'NONE',  ( 0.9781476007338072431, 0.000000000000000000, -0.2079116908177514600 ) ) ;
#97 = VERTEX_POINT ( 'NONE', #6805 ) ;
#98 = CARTESIAN_POINT ( 'NONE',  ( 20.05000000000001137, 0.000000000000000000, 42.59999999999998721 ) ) ;
#99 = DIRECTION ( 'NONE',  ( 0.000000000000000000, 0.000000000000000000, 1.000000000000000000 ) ) ;
#100 = DIRECTION ( 'NONE',  ( 0.000000000000000000, 1.000000000000000000, 0.000000000000000000 ) ) ;
#101 = VERTEX_POINT ( 'NONE', #4149 ) ;
#102 = ORIENTED_EDGE ( 'NONE', *, *, #2191, .T. ) ;
#103 = DIRECTION ( 'NONE',  ( -0.000000000000000000, 1.000000000000000000, -0.000000000000000000 ) ) ;
#104 = VERTEX_POINT ( 'NONE', #6280 ) ;
#105 = DIRECTION ( 'NONE',  ( -0.000000000000000000, 1.000000000000000000, -0.000000000000000000 ) ) ;
#106 = CYLINDRICAL_SURFACE ( 'NONE', #2930, 0.5000000000000004441 ) ;
#107 = AXIS2_PLACEMENT_3D ( 'NONE', #6463, #610, #4860 ) ;
#108 = FACE_OUTER_BOUND ( 'NONE', #267, .T. ) ;
#109 = VECTOR ( 'NONE', #4057, 1000.000000000000000 ) ;
#110 = EDGE_CURVE ( 'NONE', #848, #5916, #3978, .T. ) ;
#111 = LINE ( 'NONE', #635, #4279 ) ;
#112 = CARTESIAN_POINT ( 'NONE',  ( -33.76267115700603938, 4.000000000000000000, 15.79598934727884085 ) ) ;
#113 = AXIS2_PLACEMENT_3D ( 'NONE', #1313, #5398, #5531 ) ;
#114 = DIRECTION ( 'NONE',  ( 1.000000000000000000, 0.000000000000000000, 0.000000000000000000 ) ) ;
#115 = DIRECTION ( 'NONE',  ( -0.000000000000000000, 1.000000000000000000, -0.000000000000000000 ) ) ;
#116 = CARTESIAN_POINT ( 'NONE',  ( -18.54999999999999005, 4.000000000000000000, -27.55000000000001137 ) ) ;
#117 = EDGE_LOOP ( 'NONE', ( #6258, #1948, #4651, #4130, #5140, #1971, #5861 ) ) ;
#118 = CARTESIAN_POINT ( 'NONE',  ( -34.50481698196104929, -15.00000000000000355, -15.15987048186413055 ) ) ;
#119 = ORIENTED_EDGE ( 'NONE', *, *, #2934, .T. ) ;
#120 = AXIS2_PLACEMENT_3D ( 'NONE', #3223, #5846, #3189 ) ;
#121 = LINE ( 'NONE', #5284, #6689 ) ;
#122 = VERTEX_POINT ( 'NONE', #1880 ) ;
#123 = EDGE_CURVE ( 'NONE', #1652, #1557, #833, .T. ) ;
#124 = VECTOR ( 'NONE', #2889, 1000.000000000000000 ) ;
#125 = SURFACE_STYLE_FILL_AREA ( #5418 ) ;
#126 = ORIENTED_EDGE ( 'NONE', *, *, #4497, .T. ) ;
#127 = AXIS2_PLACEMENT_3D ( 'NONE', #2475, #4601, #6211 ) ;
#128 = DIRECTION ( 'NONE',  ( 0.000000000000000000, 0.000000000000000000, 1.000000000000000000 ) ) ;
#129 = AXIS2_PLACEMENT_3D ( 'NONE', #4378, #3329, #2220 ) ;
#130 = DIRECTION ( 'NONE',  ( 0.000000000000000000, 1.000000000000000000, -0.000000000000000000 ) ) ;
#131 = CARTESIAN_POINT ( 'NONE',  ( 19.55000000000001137, -15.00000000000000355, 29.59999999999998721 ) ) ;
#132 = EDGE_LOOP ( 'NONE', ( #1696, #6103, #1311, #1565 ) ) ;
#133 = VECTOR ( 'NONE', #1190, 1000.000000000000000 ) ;
#134 = ADVANCED_FACE ( 'NONE', ( #6375 ), #4315, .F. ) ;
#135 = ORIENTED_EDGE ( 'NONE', *, *, #5745, .T. ) ;
#136 = DIRECTION ( 'NONE',  ( -0.3645726552835140688, 0.000000000000000000, 0.9311749454423309258 ) ) ;
#137 = ORIENTED_EDGE ( 'NONE', *, *, #5404, .F. ) ;
#138 = DIRECTION ( 'NONE',  ( -0.000000000000000000, 1.000000000000000000, -0.000000000000000000 ) ) ;
#139 = LINE ( 'NONE', #5432, #4317 ) ;
#140 = CARTESIAN_POINT ( 'NONE',  ( -34.50481698196104929, 4.000000000000000000, -1.471861682841423713 ) ) ;
#141 = DIRECTION ( 'NONE',  ( -1.000000000000000000, 0.000000000000000000, 0.000000000000000000 ) ) ;
#142 = ORIENTED_EDGE ( 'NONE', *, *, #2695, .T. ) ;
#143 = DIRECTION ( 'NONE',  ( 1.000000000000000000, -0.000000000000000000, 0.000000000000000000 ) ) ;
#144 = CARTESIAN_POINT ( 'NONE',  ( -32.75000000000000000, 4.000000000000000000, -44.50000000000000000 ) ) ;
#145 = CARTESIAN_POINT ( 'NONE',  ( 24.37500000000000711, -15.00000000000000355, -38.31559892324150240 ) ) ;
#146 = LINE ( 'NONE', #3743, #5863 ) ;
#147 = DIRECTION ( 'NONE',  ( -0.9311749454423313699, 0.000000000000000000, -0.3645726552835132916 ) ) ;
#148 = AXIS2_PLACEMENT_3D ( 'NONE', #180, #3350, #5546 ) ;
#149 = EDGE_CURVE ( 'NONE', #6342, #6791, #2155, .T. ) ;
#150 = ADVANCED_FACE ( 'NONE', ( #5366 ), #5783, .F. ) ;
#151 = ORIENTED_EDGE ( 'NONE', *, *, #4715, .T. ) ;
#152 = CARTESIAN_POINT ( 'NONE',  ( -25.44518301803898552, 0.000000000000000000, -20.93767060699607541 ) ) ;
#153 = EDGE_CURVE ( 'NONE', #1857, #2150, #3651, .T. ) ;
#154 =( GEOMETRIC_REPRESENTATION_CONTEXT ( 3 ) GLOBAL_UNCERTAINTY_ASSIGNED_CONTEXT ( ( #4433 ) ) GLOBAL_UNIT_ASSIGNED_CONTEXT ( ( #4424, #5935, #3280 ) ) REPRESENTATION_CONTEXT ( 'NONE', 'WORKASPACE' ) );
#155 = ORIENTED_EDGE ( 'NONE', *, *, #2034, .T. ) ;
#156 = VECTOR ( 'NONE', #4678, 1000.000000000000000 ) ;
#157 = DIRECTION ( 'NONE',  ( 0.000000000000000000, 0.000000000000000000, 1.000000000000000000 ) ) ;
#158 = ORIENTED_EDGE ( 'NONE', *, *, #363, .T. ) ;
#159 = CARTESIAN_POINT ( 'NONE',  ( -18.04999999999999005, 0.000000000000000000, 4.499999999999990230 ) ) ;
#160 = LINE ( 'NONE', #1237, #4196 ) ;
#161 = CARTESIAN_POINT ( 'NONE',  ( -36.36700498121759750, 0.000000000000000000, -17.61616568333077382 ) ) ;
#162 = ORIENTED_EDGE ( 'NONE', *, *, #666, .T. ) ;
#163 = VERTEX_POINT ( 'NONE', #5259 ) ;
#164 = LINE ( 'NONE', #3831, #1890 ) ;
#165 = EDGE_LOOP ( 'NONE', ( #3456, #2712, #1058, #2769 ) ) ;
#166 = DIRECTION ( 'NONE',  ( -0.9311749454423305927, 0.000000000000000000, -0.3645726552835151790 ) ) ;
#167 = DIRECTION ( 'NONE',  ( -0.000000000000000000, -1.000000000000000000, -0.000000000000000000 ) ) ;
#168 = ADVANCED_FACE ( 'NONE', ( #6835 ), #6407, .F. ) ;
#169 = DIRECTION ( 'NONE',  ( -0.000000000000000000, 1.000000000000000000, -0.000000000000000000 ) ) ;
#170 = CARTESIAN_POINT ( 'NONE',  ( -25.82275618771046410, 4.000000000000000000, 30.30334741255389730 ) ) ;
#171 = CIRCLE ( 'NONE', #2284, 0.9999999999996054267 ) ;
#172 = ADVANCED_FACE ( 'NONE', ( #1632 ), #6866, .F. ) ;
#173 = ADVANCED_BREP_SHAPE_REPRESENTATION ( 'top v.2', ( #3211, #4836 ), #154 ) ;
#174 = CARTESIAN_POINT ( 'NONE',  ( -25.08061036275546130, -15.00000000000000355, 19.19518084462873375 ) ) ;
#175 = EDGE_LOOP ( 'NONE', ( #3768, #655, #5637, #4370 ) ) ;
#176 = CARTESIAN_POINT ( 'NONE',  ( 33.05000000000001137, 4.000000000000000000, -28.05000000000001137 ) ) ;
#177 = CARTESIAN_POINT ( 'NONE',  ( -18.04999999999999005, 4.000000000000000000, -27.55000000000001137 ) ) ;
#178 = LINE ( 'NONE', #2272, #6874 ) ;
#179 = FACE_OUTER_BOUND ( 'NONE', #4795, .T. ) ;
#180 = CARTESIAN_POINT ( 'NONE',  ( -34.86938963724455931, -15.00000000000000355, 26.83533086064632300 ) ) ;
#181 = VECTOR ( 'NONE', #3991, 999.9999999999998863 ) ;
#182 = VECTOR ( 'NONE', #5826, 1000.000000000000000 ) ;
#183 = ORIENTED_EDGE ( 'NONE', *, *, #5848, .F. ) ;
#184 = ORIENTED_EDGE ( 'NONE', *, *, #4497, .F. ) ;
#185 = AXIS2_PLACEMENT_3D ( 'NONE', #3727, #3297, #3689 ) ;
#186 = CARTESIAN_POINT ( 'NONE',  ( 14.00000000000001243, 4.000000000000000000, 23.54999999999998650 ) ) ;
#187 = ORIENTED_EDGE ( 'NONE', *, *, #5007, .T. ) ;
#188 = ADVANCED_FACE ( 'NONE', ( #3232 ), #4180, .F. ) ;
#189 = DIRECTION ( 'NONE',  ( -0.9311749454423312589, 0.000000000000000000, -0.3645726552835133472 ) ) ;
#190 = EDGE_CURVE ( 'NONE', #4041, #24, #2094, .T. ) ;
#191 = ORIENTED_EDGE ( 'NONE', *, *, #6028, .T. ) ;
#192 = DIRECTION ( 'NONE',  ( 0.000000000000000000, 0.000000000000000000, 1.000000000000000000 ) ) ;
#193 = EDGE_CURVE ( 'NONE', #5772, #3980, #2973, .T. ) ;
#194 = CARTESIAN_POINT ( 'NONE',  ( -36.36700498121759750, 0.000000000000000000, -18.61616568333077026 ) ) ;
#195 = DIRECTION ( 'NONE',  ( 0.000000000000000000, 0.000000000000000000, 1.000000000000000000 ) ) ;
#196 = FACE_OUTER_BOUND ( 'NONE', #2377, .T. ) ;
#197 = ORIENTED_EDGE ( 'NONE', *, *, #2444, .F. ) ;
#198 = ORIENTED_EDGE ( 'NONE', *, *, #2318, .F. ) ;
#199 = VECTOR ( 'NONE', #5344, 1000.000000000000000 ) ;
#200 = EDGE_CURVE ( 'NONE', #3135, #3466, #1534, .T. ) ;
#201 = CARTESIAN_POINT ( 'NONE',  ( 28.87500000000000711, 0.000000000000000000, -46.10982755730143623 ) ) ;
#202 = ORIENTED_EDGE ( 'NONE', *, *, #786, .T. ) ;
#203 = CARTESIAN_POINT ( 'NONE',  ( -32.75000000000000000, 0.000000000000000000, 44.50000000000000000 ) ) ;
#204 = DIRECTION ( 'NONE',  ( -1.000000000000000000, 0.000000000000000000, 0.000000000000000000 ) ) ;
#205 = CARTESIAN_POINT ( 'NONE',  ( 0.000000000000000000, 4.000000000000000000, 10.04999999999999005 ) ) ;
#206 = AXIS2_PLACEMENT_3D ( 'NONE', #1994, #4123, #6250 ) ;
#207 = LINE ( 'NONE', #5437, #214 ) ;
#208 = ORIENTED_EDGE ( 'NONE', *, *, #4404, .F. ) ;
#209 = CARTESIAN_POINT ( 'NONE',  ( 28.87500000000000355, 4.000000000000000000, -35.14017244269856377 ) ) ;
#210 = LINE ( 'NONE', #1718, #3134 ) ;
#211 = CARTESIAN_POINT ( 'NONE',  ( -36.15909329039983788, -15.00000000000000355, -17.63801808259696813 ) ) ;
#212 = CARTESIAN_POINT ( 'NONE',  ( -36.15909329039983788, -15.00000000000000355, -3.950009283574258845 ) ) ;
#213 = LINE ( 'NONE', #2335, #6722 ) ;
#214 = VECTOR ( 'NONE', #1285, 1000.000000000000000 ) ;
#215 = VERTEX_POINT ( 'NONE', #5819 ) ;
#216 = AXIS2_PLACEMENT_3D ( 'NONE', #4628, #6646, #2466 ) ;
#217 = VERTEX_POINT ( 'NONE', #5855 ) ;
#218 = CARTESIAN_POINT ( 'NONE',  ( -18.54999999999999005, 4.000000000000000000, 42.59999999999998721 ) ) ;
#219 = ORIENTED_EDGE ( 'NONE', *, *, #2535, .T. ) ;
#220 = ADVANCED_FACE ( 'NONE', ( #1038 ), #32, .F. ) ;
#221 = DIRECTION ( 'NONE',  ( -0.000000000000000000, 1.000000000000000000, -0.000000000000000000 ) ) ;
#222 = ORIENTED_EDGE ( 'NONE', *, *, #6334, .F. ) ;
#223 = CARTESIAN_POINT ( 'NONE',  ( -23.58299501878243021, -15.00000000000000355, -3.793366606506726413 ) ) ;
#224 = CIRCLE ( 'NONE', #6568, 1.000000000000000888 ) ;
#225 = ORIENTED_EDGE ( 'NONE', *, *, #3532, .F. ) ;
#226 = CARTESIAN_POINT ( 'NONE',  ( -23.79090670959995535, -15.00000000000000355, -18.45952300626248999 ) ) ;
#227 = CARTESIAN_POINT ( 'NONE',  ( -33.76267115700606070, 0.000000000000000000, -25.26803704978830467 ) ) ;
#228 = CARTESIAN_POINT ( 'NONE',  ( 0.000000000000000000, -15.00000000000000355, -14.05000000000001315 ) ) ;
#229 = ORIENTED_EDGE ( 'NONE', *, *, #5554, .T. ) ;
#230 = EDGE_LOOP ( 'NONE', ( #501, #1882, #541, #4649, #3554, #4105, #2468 ) ) ;
#231 = CIRCLE ( 'NONE', #460, 1.000000000000000888 ) ;
#232 = DIRECTION ( 'NONE',  ( 0.3645726552835065748, 0.000000000000000000, -0.9311749454423339234 ) ) ;
#233 = CARTESIAN_POINT ( 'NONE',  ( 33.55000000000001137, 4.000000000000000000, 4.499999999999990230 ) ) ;
#234 = ORIENTED_EDGE ( 'NONE', *, *, #4768, .T. ) ;
#235 = EDGE_CURVE ( 'NONE', #3290, #2210, #4281, .T. ) ;
#236 = CIRCLE ( 'NONE', #2902, 0.5000000000000004441 ) ;
#237 = CYLINDRICAL_SURFACE ( 'NONE', #2505, 0.5000000000000004441 ) ;
#238 = CARTESIAN_POINT ( 'NONE',  ( 19.55000000000001137, -15.00000000000000355, 4.499999999999990230 ) ) ;
#239 = DIRECTION ( 'NONE',  ( -0.000000000000000000, 1.000000000000000000, -0.000000000000000000 ) ) ;
#240 = ORIENTED_EDGE ( 'NONE', *, *, #4583, .F. ) ;
#241 = CARTESIAN_POINT ( 'NONE',  ( 19.55000000000001137, 4.000000000000000000, -0.000000000000000000 ) ) ;
#242 = VERTEX_POINT ( 'NONE', #6311 ) ;
#243 = CARTESIAN_POINT ( 'NONE',  ( 1.000000000000011324, -15.00000000000000355, 4.499999999999990230 ) ) ;
#244 = CARTESIAN_POINT ( 'NONE',  ( 14.50000000000001243, 0.000000000000000000, 42.59999999999998721 ) ) ;
#245 = CARTESIAN_POINT ( 'NONE',  ( -18.54999999999999005, 0.000000000000000000, -27.55000000000001137 ) ) ;
#246 = CARTESIAN_POINT ( 'NONE',  ( 0.000000000000000000, -15.00000000000000355, -9.000000000000007105 ) ) ;
#247 = CARTESIAN_POINT ( 'NONE',  ( -25.08061036275546840, -15.00000000000000355, 5.507172045607005018 ) ) ;
#248 = VECTOR ( 'NONE', #5084, 1000.000000000000000 ) ;
#249 = ADVANCED_FACE ( 'NONE', ( #5328 ), #549, .F. ) ;
#250 = EDGE_CURVE ( 'NONE', #1563, #3066, #2190, .T. ) ;
#251 = ORIENTED_EDGE ( 'NONE', *, *, #3012, .F. ) ;
#252 = ORIENTED_EDGE ( 'NONE', *, *, #2602, .F. ) ;
#253 = DIRECTION ( 'NONE',  ( 0.000000000000000000, 1.000000000000000000, -0.000000000000000000 ) ) ;
#254 = VECTOR ( 'NONE', #6504, 1000.000000000000000 ) ;
#255 = ORIENTED_EDGE ( 'NONE', *, *, #2797, .F. ) ;
#256 = VECTOR ( 'NONE', #4332, 1000.000000000000000 ) ;
#257 = EDGE_CURVE ( 'NONE', #5182, #3410, #1198, .T. ) ;
#258 = ADVANCED_FACE ( 'NONE', ( #750 ), #653, .F. ) ;
#259 = CARTESIAN_POINT ( 'NONE',  ( 33.55000000000001137, 4.000000000000000000, -0.000000000000000000 ) ) ;
#260 = ORIENTED_EDGE ( 'NONE', *, *, #705, .T. ) ;
#261 = CARTESIAN_POINT ( 'NONE',  ( 14.00000000000001243, 4.000000000000000000, -14.05000000000001315 ) ) ;
#262 = ORIENTED_EDGE ( 'NONE', *, *, #3981, .F. ) ;
#263 = LINE ( 'NONE', #2386, #6200 ) ;
#264 = DIRECTION ( 'NONE',  ( 0.000000000000000000, 1.000000000000000000, 0.000000000000000000 ) ) ;
#265 = CARTESIAN_POINT ( 'NONE',  ( -5.049999999999991829, 0.000000000000000000, 4.499999999999990230 ) ) ;
#266 = ORIENTED_EDGE ( 'NONE', *, *, #4924, .T. ) ;
#267 = EDGE_LOOP ( 'NONE', ( #521, #3267, #3861, #1359 ) ) ;
#268 = CARTESIAN_POINT ( 'NONE',  ( -33.76267115700603938, -15.00000000000000355, 29.48399814630251825 ) ) ;
#269 = DIRECTION ( 'NONE',  ( -0.000000000000000000, 1.000000000000000000, -0.000000000000000000 ) ) ;
#270 = VERTEX_POINT ( 'NONE', #2872 ) ;
#271 = CARTESIAN_POINT ( 'NONE',  ( -15.21250000000000924, 0.000000000000000000, -44.72750000000000625 ) ) ;
#272 = LINE ( 'NONE', #5466, #1305 ) ;
#273 = CARTESIAN_POINT ( 'NONE',  ( -25.82275618771047121, -15.00000000000000355, -25.44868778353693273 ) ) ;
#274 = EDGE_CURVE ( 'NONE', #5665, #5154, #5422, .T. ) ;
#275 = DIRECTION ( 'NONE',  ( 0.000000000000000000, 0.000000000000000000, 1.000000000000000000 ) ) ;
#276 = EDGE_CURVE ( 'NONE', #848, #2854, #1834, .T. ) ;
#277 = DIRECTION ( 'NONE',  ( 0.000000000000000000, 1.000000000000000000, 0.000000000000000000 ) ) ;
#278 = VERTEX_POINT ( 'NONE', #227 ) ;
#279 = EDGE_CURVE ( 'NONE', #372, #1635, #3130, .T. ) ;
#280 = DIRECTION ( 'NONE',  ( 0.000000000000000000, 0.000000000000000000, 1.000000000000000000 ) ) ;
#281 = EDGE_CURVE ( 'NONE', #1667, #4353, #782, .T. ) ;
#282 = CARTESIAN_POINT ( 'NONE',  ( -5.049999999999991829, 0.000000000000000000, -14.05000000000001315 ) ) ;
#283 = DIRECTION ( 'NONE',  ( 1.000000000000000000, 0.000000000000000000, 0.000000000000000000 ) ) ;
#284 = DIRECTION ( 'NONE',  ( 0.000000000000000000, 0.000000000000000000, 1.000000000000000000 ) ) ;
#285 = CARTESIAN_POINT ( 'NONE',  ( 33.05000000000001137, -15.00000000000000355, -14.05000000000001315 ) ) ;
#286 = CIRCLE ( 'NONE', #4184, 1.000000000000007772 ) ;
#287 = ORIENTED_EDGE ( 'NONE', *, *, #4492, .T. ) ;
#288 = VERTEX_POINT ( 'NONE', #6506 ) ;
#289 = CARTESIAN_POINT ( 'NONE',  ( 1.000000000000011324, 0.000000000000000000, 29.09999999999998721 ) ) ;
#290 = ORIENTED_EDGE ( 'NONE', *, *, #1757, .T. ) ;
#291 = CARTESIAN_POINT ( 'NONE',  ( -18.75250000000000838, 0.000000000000000000, -44.72750000000000625 ) ) ;
#292 = VERTEX_POINT ( 'NONE', #6570 ) ;
#293 = DIRECTION ( 'NONE',  ( 1.000000000000000000, 0.000000000000000000, -0.000000000000000000 ) ) ;
#294 = VECTOR ( 'NONE', #5972, 1000.000000000000000 ) ;
#295 = EDGE_CURVE ( 'NONE', #2802, #3375, #2809, .T. ) ;
#296 = EDGE_LOOP ( 'NONE', ( #4754, #5367, #1803, #1840 ) ) ;
#297 = PLANE ( 'NONE',  #1079 ) ;
#298 = DIRECTION ( 'NONE',  ( 1.000000000000000000, 0.000000000000000000, 0.000000000000000000 ) ) ;
#299 = DIRECTION ( 'NONE',  ( -0.000000000000000000, 1.000000000000000000, -0.000000000000000000 ) ) ;
#300 = ORIENTED_EDGE ( 'NONE', *, *, #2111, .F. ) ;
#301 = EDGE_LOOP ( 'NONE', ( #1705, #3568, #3750, #251 ) ) ;
#302 = DIRECTION ( 'NONE',  ( -0.000000000000000000, 1.000000000000000000, -0.000000000000000000 ) ) ;
#303 = CYLINDRICAL_SURFACE ( 'NONE', #6798, 0.5000000000000004441 ) ;
#304 = ORIENTED_EDGE ( 'NONE', *, *, #3318, .T. ) ;
#305 = CARTESIAN_POINT ( 'NONE',  ( 0.000000000000000000, 4.000000000000000000, -14.05000000000001315 ) ) ;
#306 = CYLINDRICAL_SURFACE ( 'NONE', #3255, 0.9999999999999974465 ) ;
#307 = DIRECTION ( 'NONE',  ( 0.000000000000000000, 0.000000000000000000, 1.000000000000000000 ) ) ;
#308 = AXIS2_PLACEMENT_3D ( 'NONE', #2678, #4806, #1528 ) ;
#309 = DIRECTION ( 'NONE',  ( -0.000000000000000000, 1.000000000000000000, -0.000000000000000000 ) ) ;
#310 = EDGE_CURVE ( 'NONE', #4187, #1857, #6606, .T. ) ;
#311 = EDGE_LOOP ( 'NONE', ( #1036, #4937, #4141, #900, #1026, #1837, #1116, #53 ) ) ;
#312 = FACE_OUTER_BOUND ( 'NONE', #4159, .T. ) ;
#313 = VERTEX_POINT ( 'NONE', #1699 ) ;
#314 = FACE_OUTER_BOUND ( 'NONE', #2453, .T. ) ;
#315 = PLANE ( 'NONE',  #3022 ) ;
#316 = FACE_BOUND ( 'NONE', #4064, .T. ) ;
#317 = DIRECTION ( 'NONE',  ( 0.000000000000000000, -0.000000000000000000, 1.000000000000000000 ) ) ;
#318 = CARTESIAN_POINT ( 'NONE',  ( -5.049999999999991829, -15.00000000000000355, -9.000000000000007105 ) ) ;
#319 = EDGE_CURVE ( 'NONE', #4060, #5363, #3885, .T. ) ;
#320 = ORIENTED_EDGE ( 'NONE', *, *, #1870, .T. ) ;
#321 = LINE ( 'NONE', #4161, #5832 ) ;
#322 = CIRCLE ( 'NONE', #3555, 0.9999999999999965583 ) ;
#323 = ORIENTED_EDGE ( 'NONE', *, *, #3529, .F. ) ;
#324 = DIRECTION ( 'NONE',  ( 0.000000000000000000, 0.000000000000000000, 1.000000000000000000 ) ) ;
#325 = VERTEX_POINT ( 'NONE', #1763 ) ;
#326 = AXIS2_PLACEMENT_3D ( 'NONE', #3721, #27, #3157 ) ;
#327 = LINE ( 'NONE', #3046, #3786 ) ;
#328 = ORIENTED_EDGE ( 'NONE', *, *, #4926, .T. ) ;
#329 = CARTESIAN_POINT ( 'NONE',  ( -18.04999999999999005, 4.000000000000000000, 23.54999999999998650 ) ) ;
#330 = DIRECTION ( 'NONE',  ( 1.000000000000000000, -0.000000000000000000, 0.000000000000000000 ) ) ;
#331 = FACE_BOUND ( 'NONE', #3258, .T. ) ;
#332 = EDGE_CURVE ( 'NONE', #2539, #3506, #2283, .T. ) ;
#333 = AXIS2_PLACEMENT_3D ( 'NONE', #5675, #4630, #6723 ) ;
#334 = ORIENTED_EDGE ( 'NONE', *, *, #2257, .T. ) ;
#335 = ORIENTED_EDGE ( 'NONE', *, *, #3176, .T. ) ;
#336 = ADVANCED_FACE ( 'NONE', ( #5959 ), #6087, .F. ) ;
#337 = AXIS2_PLACEMENT_3D ( 'NONE', #5145, #6194, #2597 ) ;
#338 = DIRECTION ( 'NONE',  ( -0.000000000000000000, 1.000000000000000000, -0.000000000000000000 ) ) ;
#339 = CARTESIAN_POINT ( 'NONE',  ( 14.00000000000001243, 0.000000000000000000, 29.59999999999998721 ) ) ;
#340 = ORIENTED_EDGE ( 'NONE', *, *, #5332, .F. ) ;
#341 = PLANE ( 'NONE',  #409 ) ;
#342 = CARTESIAN_POINT ( 'NONE',  ( -5.049999999999991829, -15.00000000000000355, 24.04999999999998650 ) ) ;
#343 = VERTEX_POINT ( 'NONE', #3854 ) ;
#344 = DIRECTION ( 'NONE',  ( 0.000000000000000000, 0.000000000000000000, 1.000000000000000000 ) ) ;
#345 = AXIS2_PLACEMENT_3D ( 'NONE', #2494, #4621, #6753 ) ;
#346 = EDGE_CURVE ( 'NONE', #3937, #1551, #6697, .T. ) ;
#347 = LINE ( 'NONE', #6243, #4397 ) ;
#348 = EDGE_LOOP ( 'NONE', ( #2046, #1207, #1823, #6610 ) ) ;
#349 = CARTESIAN_POINT ( 'NONE',  ( 19.55000000000001137, 0.000000000000000000, 0.000000000000000000 ) ) ;
#350 = VERTEX_POINT ( 'NONE', #161 ) ;
#351 = DIRECTION ( 'NONE',  ( 0.000000000000000000, 0.000000000000000000, 1.000000000000000000 ) ) ;
#352 = FACE_OUTER_BOUND ( 'NONE', #1801, .T. ) ;
#353 = FACE_BOUND ( 'NONE', #4938, .T. ) ;
#354 = DIRECTION ( 'NONE',  ( 1.000000000000000000, 0.000000000000000000, -0.000000000000000000 ) ) ;
#355 = CARTESIAN_POINT ( 'NONE',  ( 33.05000000000001137, 0.000000000000000000, 23.54999999999998650 ) ) ;
#356 = VECTOR ( 'NONE', #6159, 1000.000000000000000 ) ;
#357 = VERTEX_POINT ( 'NONE', #1238 ) ;
#358 = CARTESIAN_POINT ( 'NONE',  ( -18.04999999999999005, 4.000000000000000000, 10.04999999999999005 ) ) ;
#359 = AXIS2_PLACEMENT_3D ( 'NONE', #3021, #1495, #6133 ) ;
#360 = ORIENTED_EDGE ( 'NONE', *, *, #2135, .T. ) ;
#361 = EDGE_CURVE ( 'NONE', #6500, #6714, #3461, .T. ) ;
#362 = PLANE ( 'NONE',  #3111 ) ;
#363 = EDGE_CURVE ( 'NONE', #3304, #6550, #6536, .T. ) ;
#364 = EDGE_LOOP ( 'NONE', ( #3422, #4415, #1589, #4514 ) ) ;
#365 = DIRECTION ( 'NONE',  ( 0.000000000000000000, 0.000000000000000000, 1.000000000000000000 ) ) ;
#366 = EDGE_CURVE ( 'NONE', #2979, #122, #3921, .T. ) ;
#367 = AXIS2_PLACEMENT_3D ( 'NONE', #3229, #5887, #1558 ) ;
#368 = VERTEX_POINT ( 'NONE', #2313 ) ;
#369 = DIRECTION ( 'NONE',  ( 0.000000000000000000, 1.000000000000000000, 0.000000000000000000 ) ) ;
#370 = FACE_BOUND ( 'NONE', #2213, .T. ) ;
#371 = ORIENTED_EDGE ( 'NONE', *, *, #3473, .T. ) ;
#372 = VERTEX_POINT ( 'NONE', #1273 ) ;
#373 = DIRECTION ( 'NONE',  ( -0.000000000000000000, 1.000000000000000000, -0.000000000000000000 ) ) ;
#374 = AXIS2_PLACEMENT_3D ( 'NONE', #5310, #534, #1616 ) ;
#375 = DIRECTION ( 'NONE',  ( 0.000000000000000000, 0.000000000000000000, 1.000000000000000000 ) ) ;
#376 = ORIENTED_EDGE ( 'NONE', *, *, #2089, .F. ) ;
#377 = VECTOR ( 'NONE', #2029, 1000.000000000000000 ) ;
#378 = FACE_OUTER_BOUND ( 'NONE', #2736, .T. ) ;
#379 = LINE ( 'NONE', #4703, #1864 ) ;
#380 = VERTEX_POINT ( 'NONE', #5526 ) ;
#381 = DIRECTION ( 'NONE',  ( 0.000000000000000000, 0.000000000000000000, 1.000000000000000000 ) ) ;
#382 = AXIS2_PLACEMENT_3D ( 'NONE', #2918, #5085, #307 ) ;
#383 = CARTESIAN_POINT ( 'NONE',  ( -23.79090670960005127, -15.00000000000000355, 22.60450339080565740 ) ) ;
#384 = EDGE_CURVE ( 'NONE', #5154, #2297, #3696, .T. ) ;
#385 = CARTESIAN_POINT ( 'NONE',  ( 24.37500000000000711, 4.000000000000000000, -42.93440107675849049 ) ) ;
#386 = EDGE_LOOP ( 'NONE', ( #5748, #6191, #3387, #818, #4948, #3273, #2393, #1366 ) ) ;
#387 = FACE_OUTER_BOUND ( 'NONE', #5638, .T. ) ;
#388 = CARTESIAN_POINT ( 'NONE',  ( 1.000000000000011324, -15.00000000000000355, 10.04999999999999005 ) ) ;
#389 = DIRECTION ( 'NONE',  ( 0.000000000000000000, 0.000000000000000000, 1.000000000000000000 ) ) ;
#390 = CARTESIAN_POINT ( 'NONE',  ( -25.82275618771047121, 4.000000000000000000, -25.44868778353693273 ) ) ;
#391 = EDGE_CURVE ( 'NONE', #2188, #6857, #5470, .T. ) ;
#392 = ORIENTED_EDGE ( 'NONE', *, *, #6227, .T. ) ;
#393 = AXIS2_PLACEMENT_3D ( 'NONE', #2395, #3894, #5571 ) ;
#394 = DIRECTION ( 'NONE',  ( 0.000000000000000000, 0.000000000000000000, 1.000000000000000000 ) ) ;
#395 = EDGE_LOOP ( 'NONE', ( #3946, #2805, #4093, #2256 ) ) ;
#396 = ORIENTED_EDGE ( 'NONE', *, *, #4113, .T. ) ;
#397 = DIRECTION ( 'NONE',  ( -0.000000000000000000, 1.000000000000000000, -0.000000000000000000 ) ) ;
#398 = EDGE_LOOP ( 'NONE', ( #6671, #3518, #1521, #3549 ) ) ;
#399 = DIRECTION ( 'NONE',  ( 0.000000000000000000, 0.000000000000000000, 1.000000000000000000 ) ) ;
#400 = ORIENTED_EDGE ( 'NONE', *, *, #2731, .F. ) ;
#401 = CARTESIAN_POINT ( 'NONE',  ( -18.75250000000000838, 4.000000000000000000, -44.72750000000000625 ) ) ;
#402 = ORIENTED_EDGE ( 'NONE', *, *, #257, .F. ) ;
#403 = EDGE_CURVE ( 'NONE', #1456, #4833, #4913, .T. ) ;
#404 = EDGE_CURVE ( 'NONE', #5916, #5251, #5039, .T. ) ;
#405 = EDGE_LOOP ( 'NONE', ( #1737, #5643, #2427, #6429 ) ) ;
#406 = DIRECTION ( 'NONE',  ( 0.000000000000000000, 1.000000000000000000, -0.000000000000000000 ) ) ;
#407 = VECTOR ( 'NONE', #4330, 1000.000000000000000 ) ;
#408 = EDGE_CURVE ( 'NONE', #3320, #2047, #3468, .T. ) ;
#409 = AXIS2_PLACEMENT_3D ( 'NONE', #5752, #3547, #3020 ) ;
#410 = CARTESIAN_POINT ( 'NONE',  ( 33.05000000000001137, -15.00000000000000355, -14.55000000000001492 ) ) ;
#411 = ORIENTED_EDGE ( 'NONE', *, *, #6075, .F. ) ;
#412 = DIRECTION ( 'NONE',  ( -1.000000000000000000, 0.000000000000000000, 0.000000000000000000 ) ) ;
#413 = DIRECTION ( 'NONE',  ( 0.000000000000000000, 0.000000000000000000, 1.000000000000000000 ) ) ;
#414 = ORIENTED_EDGE ( 'NONE', *, *, #2667, .T. ) ;
#415 = CARTESIAN_POINT ( 'NONE',  ( 19.55000000000001137, 4.000000000000000000, -0.000000000000000000 ) ) ;
#416 = AXIS2_PLACEMENT_3D ( 'NONE', #4870, #548, #3798 ) ;
#417 = CARTESIAN_POINT ( 'NONE',  ( 0.000000000000000000, -15.00000000000000355, 43.09999999999998721 ) ) ;
#418 = DIRECTION ( 'NONE',  ( 0.000000000000000000, 1.000000000000000000, 0.000000000000000000 ) ) ;
#419 = ORIENTED_EDGE ( 'NONE', *, *, #6182, .T. ) ;
#420 = DIRECTION ( 'NONE',  ( -0.3645726552835132916, 0.000000000000000000, 0.9311749454423312589 ) ) ;
#421 = VECTOR ( 'NONE', #4488, 1000.000000000000000 ) ;
#422 = CARTESIAN_POINT ( 'NONE',  ( -18.54999999999999005, -15.00000000000000355, 23.54999999999998650 ) ) ;
#423 = CARTESIAN_POINT ( 'NONE',  ( -24.89158124226813484, 4.000000000000000000, 2.291902469791998964 ) ) ;
#424 = DIRECTION ( 'NONE',  ( 0.000000000000000000, 0.000000000000000000, 1.000000000000000000 ) ) ;
#425 = EDGE_CURVE ( 'NONE', #4187, #5417, #4752, .T. ) ;
#426 = VECTOR ( 'NONE', #5076, 1000.000000000000000 ) ;
#427 = VERTEX_POINT ( 'NONE', #2977 ) ;
#428 = DIRECTION ( 'NONE',  ( -0.000000000000000000, 1.000000000000000000, -0.000000000000000000 ) ) ;
#429 = VERTEX_POINT ( 'NONE', #2068 ) ;
#430 = ADVANCED_FACE ( 'NONE', ( #4720 ), #4193, .F. ) ;
#431 = VERTEX_POINT ( 'NONE', #5238 ) ;
#432 = DIRECTION ( 'NONE',  ( -0.3645726552835141798, 0.000000000000000000, 0.9311749454423309258 ) ) ;
#433 = EDGE_LOOP ( 'NONE', ( #4320, #2560, #657, #6330 ) ) ;
#434 = CARTESIAN_POINT ( 'NONE',  ( -35.05841875773189287, 4.000000000000000000, -38.38944355865220359 ) ) ;
#435 = VERTEX_POINT ( 'NONE', #6157 ) ;
#436 = FACE_BOUND ( 'NONE', #1655, .T. ) ;
#437 = ORIENTED_EDGE ( 'NONE', *, *, #962, .F. ) ;
#438 = VERTEX_POINT ( 'NONE', #2420 ) ;
#439 = AXIS2_PLACEMENT_3D ( 'NONE', #6637, #4024, #886 ) ;
#440 = AXIS2_PLACEMENT_3D ( 'NONE', #728, #141, #4456 ) ;
#441 = DIRECTION ( 'NONE',  ( -0.000000000000000000, 1.000000000000000000, -0.000000000000000000 ) ) ;
#442 = CARTESIAN_POINT ( 'NONE',  ( 29.37500000000000711, 4.000000000000000000, -35.00619784648299770 ) ) ;
#443 = ORIENTED_EDGE ( 'NONE', *, *, #5433, .T. ) ;
#444 = VECTOR ( 'NONE', #6413, 1000.000000000000000 ) ;
#445 = DIRECTION ( 'NONE',  ( 0.000000000000000000, 0.000000000000000000, 1.000000000000000000 ) ) ;
#446 = CARTESIAN_POINT ( 'NONE',  ( -15.21250000000000924, 4.000000000000000000, -44.72750000000000625 ) ) ;
#447 = ORIENTED_EDGE ( 'NONE', *, *, #1860, .F. ) ;
#448 = DIRECTION ( 'NONE',  ( 0.000000000000000000, 0.000000000000000000, 1.000000000000000000 ) ) ;
#449 = VERTEX_POINT ( 'NONE', #1868 ) ;
#450 = EDGE_CURVE ( 'NONE', #6127, #884, #4986, .T. ) ;
#451 = CARTESIAN_POINT ( 'NONE',  ( 14.00000000000001243, -15.00000000000000355, 24.04999999999998650 ) ) ;
#452 = ORIENTED_EDGE ( 'NONE', *, *, #6045, .T. ) ;
#453 = AXIS2_PLACEMENT_3D ( 'NONE', #489, #1049, #39 ) ;
#454 = FACE_OUTER_BOUND ( 'NONE', #1295, .T. ) ;
#455 = ADVANCED_FACE ( 'NONE', ( #3144 ), #6850, .F. ) ;
#456 = CARTESIAN_POINT ( 'NONE',  ( -36.36700498121759040, 0.000000000000000000, 23.44786071373636105 ) ) ;
#457 = CARTESIAN_POINT ( 'NONE',  ( -18.54999999999999005, 4.000000000000000000, 10.54999999999999005 ) ) ;
#458 = CARTESIAN_POINT ( 'NONE',  ( 0.000000000000000000, -15.00000000000000355, 24.04999999999998650 ) ) ;
#459 = VECTOR ( 'NONE', #1030, 1000.000000000000000 ) ;
#460 = AXIS2_PLACEMENT_3D ( 'NONE', #1602, #5931, #5823 ) ;
#461 = VECTOR ( 'NONE', #3397, 1000.000000000000227 ) ;
#462 = CYLINDRICAL_SURFACE ( 'NONE', #6023, 0.5000000000000004441 ) ;
#463 = DIRECTION ( 'NONE',  ( 0.000000000000000000, 1.000000000000000000, 0.000000000000000000 ) ) ;
#464 = AXIS2_PLACEMENT_3D ( 'NONE', #6565, #4296, #3635 ) ;
#465 = CARTESIAN_POINT ( 'NONE',  ( -36.36700498121759040, 4.000000000000000000, 36.13586951276006687 ) ) ;
#466 = EDGE_LOOP ( 'NONE', ( #3990, #5530, #6018, #5105 ) ) ;
#467 = ADVANCED_FACE ( 'NONE', ( #4547 ), #6677, .F. ) ;
#468 = ORIENTED_EDGE ( 'NONE', *, *, #4071, .F. ) ;
#469 = DIRECTION ( 'NONE',  ( 0.000000000000000000, -0.000000000000000000, 1.000000000000000000 ) ) ;
#470 = DIRECTION ( 'NONE',  ( -0.000000000000000000, 1.000000000000000000, -0.000000000000000000 ) ) ;
#471 = EDGE_CURVE ( 'NONE', #4543, #2764, #5541, .T. ) ;
#472 = ORIENTED_EDGE ( 'NONE', *, *, #5487, .F. ) ;
#473 = DIRECTION ( 'NONE',  ( 0.000000000000000000, 1.000000000000000000, 0.000000000000000000 ) ) ;
#474 = ORIENTED_EDGE ( 'NONE', *, *, #661, .T. ) ;
#475 = EDGE_CURVE ( 'NONE', #4420, #1167, #6642, .T. ) ;
#476 = ORIENTED_EDGE ( 'NONE', *, *, #6868, .T. ) ;
#477 = DIRECTION ( 'NONE',  ( -0.000000000000000000, 1.000000000000000000, -0.000000000000000000 ) ) ;
#478 = ORIENTED_EDGE ( 'NONE', *, *, #5059, .F. ) ;
#479 = CYLINDRICAL_SURFACE ( 'NONE', #1482, 0.5000000000000004441 ) ;
#480 = ORIENTED_EDGE ( 'NONE', *, *, #493, .F. ) ;
#481 = LINE ( 'NONE', #4702, #6758 ) ;
#482 = CARTESIAN_POINT ( 'NONE',  ( -25.82275618771046766, -15.00000000000000355, 1.927329814508483397 ) ) ;
#483 = ORIENTED_EDGE ( 'NONE', *, *, #2417, .T. ) ;
#484 = VECTOR ( 'NONE', #998, 1000.000000000000000 ) ;
#485 = ORIENTED_EDGE ( 'NONE', *, *, #5936, .T. ) ;
#486 = DIRECTION ( 'NONE',  ( 0.9781476007338072431, 0.000000000000000000, -0.2079116908177514600 ) ) ;
#487 = ORIENTED_EDGE ( 'NONE', *, *, #4796, .F. ) ;
#488 = DIRECTION ( 'NONE',  ( -0.000000000000000000, 1.000000000000000000, -0.000000000000000000 ) ) ;
#489 = CARTESIAN_POINT ( 'NONE',  ( -25.44518301803897131, -15.00000000000000355, 20.12635579007106301 ) ) ;
#490 = LINE ( 'NONE', #6287, #5833 ) ;
#491 = AXIS2_PLACEMENT_3D ( 'NONE', #1818, #3941, #1289 ) ;
#492 = CYLINDRICAL_SURFACE ( 'NONE', #5054, 0.5000000000000004441 ) ;
#493 = EDGE_CURVE ( 'NONE', #1447, #3538, #4587, .T. ) ;
#494 = EDGE_CURVE ( 'NONE', #848, #1244, #6716, .T. ) ;
#495 = EDGE_CURVE ( 'NONE', #427, #3710, #1414, .T. ) ;
#496 = EDGE_CURVE ( 'NONE', #524, #2461, #6778, .T. ) ;
#497 = CYLINDRICAL_SURFACE ( 'NONE', #5927, 0.9999999999996054267 ) ;
#498 = CARTESIAN_POINT ( 'NONE',  ( 0.000000000000000000, -15.00000000000000355, -9.000000000000007105 ) ) ;
#499 = DIRECTION ( 'NONE',  ( 0.000000000000000000, 0.000000000000000000, 1.000000000000000000 ) ) ;
#500 = CYLINDRICAL_SURFACE ( 'NONE', #4046, 0.9999999999999974465 ) ;
#501 = ORIENTED_EDGE ( 'NONE', *, *, #1245, .T. ) ;
#502 = ORIENTED_EDGE ( 'NONE', *, *, #5181, .T. ) ;
#503 = DIRECTION ( 'NONE',  ( -0.000000000000000000, 1.000000000000000000, -0.000000000000000000 ) ) ;
#504 = AXIS2_PLACEMENT_3D ( 'NONE', #4561, #2023, #5121 ) ;
#505 = DIRECTION ( 'NONE',  ( 0.000000000000000000, 1.000000000000000000, -0.000000000000000000 ) ) ;
#506 = ORIENTED_EDGE ( 'NONE', *, *, #6806, .F. ) ;
#507 = DIRECTION ( 'NONE',  ( 0.000000000000000000, 0.000000000000000000, 1.000000000000000000 ) ) ;
#508 = ORIENTED_EDGE ( 'NONE', *, *, #3236, .F. ) ;
#509 = AXIS2_PLACEMENT_3D ( 'NONE', #4208, #6336, #1555 ) ;
#510 = ORIENTED_EDGE ( 'NONE', *, *, #494, .T. ) ;
#511 = LINE ( 'NONE', #6830, #3 ) ;
#512 = VECTOR ( 'NONE', #5441, 1000.000000000000000 ) ;
#513 = ORIENTED_EDGE ( 'NONE', *, *, #783, .F. ) ;
#514 = ADVANCED_FACE ( 'NONE', ( #2908 ), #2623, .F. ) ;
#515 = DIRECTION ( 'NONE',  ( -0.000000000000000000, 1.000000000000000000, -0.000000000000000000 ) ) ;
#516 = ORIENTED_EDGE ( 'NONE', *, *, #1926, .F. ) ;
#517 = CARTESIAN_POINT ( 'NONE',  ( 14.50000000000001243, -15.00000000000000355, 0.000000000000000000 ) ) ;
#518 = DIRECTION ( 'NONE',  ( 0.9781476007338071321, 0.000000000000000000, -0.2079116908177520151 ) ) ;
#519 = ORIENTED_EDGE ( 'NONE', *, *, #44, .T. ) ;
#520 = VECTOR ( 'NONE', #532, 1000.000000000000000 ) ;
#521 = ORIENTED_EDGE ( 'NONE', *, *, #3340, .T. ) ;
#522 = VECTOR ( 'NONE', #3735, 1000.000000000000000 ) ;
#523 = DIRECTION ( 'NONE',  ( -0.000000000000000000, 1.000000000000000000, -0.000000000000000000 ) ) ;
#524 = VERTEX_POINT ( 'NONE', #4516 ) ;
#525 = DIRECTION ( 'NONE',  ( 0.000000000000000000, 0.000000000000000000, 1.000000000000000000 ) ) ;
#526 = VECTOR ( 'NONE', #1527, 1000.000000000000000 ) ;
#527 = CARTESIAN_POINT ( 'NONE',  ( 0.000000000000000000, 4.000000000000000000, 4.999999999999990230 ) ) ;
#528 = DIRECTION ( 'NONE',  ( 0.000000000000000000, 0.000000000000000000, 1.000000000000000000 ) ) ;
#529 = DIRECTION ( 'NONE',  ( -0.9311749454423312589, 0.000000000000000000, -0.3645726552835133472 ) ) ;
#530 = ADVANCED_FACE ( 'NONE', ( #3992 ), #6124, .F. ) ;
#531 = FACE_OUTER_BOUND ( 'NONE', #1958, .T. ) ;
#532 = DIRECTION ( 'NONE',  ( -0.000000000000000000, 1.000000000000000000, -0.000000000000000000 ) ) ;
#533 = DIRECTION ( 'NONE',  ( -1.000000000000000000, -0.000000000000000000, -0.000000000000000000 ) ) ;
#534 = DIRECTION ( 'NONE',  ( 0.000000000000000000, 1.000000000000000000, -0.000000000000000000 ) ) ;
#535 = VERTEX_POINT ( 'NONE', #4857 ) ;
#536 = ORIENTED_EDGE ( 'NONE', *, *, #1645, .F. ) ;
#537 = AXIS2_PLACEMENT_3D ( 'NONE', #820, #5107, #1376 ) ;
#538 = DIRECTION ( 'NONE',  ( 0.000000000000000000, 0.000000000000000000, 1.000000000000000000 ) ) ;
#539 = ORIENTED_EDGE ( 'NONE', *, *, #6515, .T. ) ;
#540 = DIRECTION ( 'NONE',  ( -0.000000000000000000, 1.000000000000000000, -0.000000000000000000 ) ) ;
#541 = ORIENTED_EDGE ( 'NONE', *, *, #3578, .T. ) ;
#542 = EDGE_LOOP ( 'NONE', ( #6749, #904, #6218, #6315 ) ) ;
#543 = DIRECTION ( 'NONE',  ( 0.000000000000000000, 0.000000000000000000, 1.000000000000000000 ) ) ;
#544 = ORIENTED_EDGE ( 'NONE', *, *, #1896, .T. ) ;
#545 = CARTESIAN_POINT ( 'NONE',  ( -24.89158124226813129, 4.000000000000000000, 29.66792006783741797 ) ) ;
#546 = ORIENTED_EDGE ( 'NONE', *, *, #257, .T. ) ;
#547 = EDGE_CURVE ( 'NONE', #5991, #3092, #3216, .T. ) ;
#548 = DIRECTION ( 'NONE',  ( -1.000000000000000000, 0.000000000000000000, 0.000000000000000000 ) ) ;
#549 = CYLINDRICAL_SURFACE ( 'NONE', #308, 0.5000000000000004441 ) ;
#550 = ORIENTED_EDGE ( 'NONE', *, *, #6217, .F. ) ;
#551 = ADVANCED_FACE ( 'NONE', ( #6524 ), #5378, .F. ) ;
#552 = VECTOR ( 'NONE', #5596, 1000.000000000000114 ) ;
#553 = AXIS2_PLACEMENT_3D ( 'NONE', #5995, #277, #697 ) ;
#554 = ORIENTED_EDGE ( 'NONE', *, *, #2645, .T. ) ;
#555 = CARTESIAN_POINT ( 'NONE',  ( 34.37500000000000000, -15.00000000000000355, -38.31559892324150240 ) ) ;
#556 = EDGE_LOOP ( 'NONE', ( #5486, #2746, #3218, #698 ) ) ;
#557 = AXIS2_PLACEMENT_3D ( 'NONE', #5183, #406, #4662 ) ;
#558 = CARTESIAN_POINT ( 'NONE',  ( -35.05841875773189287, -15.00000000000000355, -24.70143475962949609 ) ) ;
#559 = EDGE_CURVE ( 'NONE', #217, #5146, #2273, .T. ) ;
#560 = PLANE ( 'NONE',  #6465 ) ;
#561 = LINE ( 'NONE', #4815, #6607 ) ;
#562 = CARTESIAN_POINT ( 'NONE',  ( -18.04999999999999005, -15.00000000000000355, 10.54999999999999005 ) ) ;
#563 = VECTOR ( 'NONE', #6832, 1000.000000000000000 ) ;
#564 = AXIS2_PLACEMENT_3D ( 'NONE', #144, #2271, #803 ) ;
#565 = CARTESIAN_POINT ( 'NONE',  ( 8.737329005171472929, 0.000000000000000000, -22.31648957153745272 ) ) ;
#566 = DIRECTION ( 'NONE',  ( 0.000000000000000000, 0.000000000000000000, 1.000000000000000000 ) ) ;
#567 = LINE ( 'NONE', #4951, #294 ) ;
#568 = CARTESIAN_POINT ( 'NONE',  ( -36.36700498121759040, 4.000000000000000000, 37.13586951276005976 ) ) ;
#569 = CARTESIAN_POINT ( 'NONE',  ( -26.18732884299396702, 4.000000000000000000, 16.54651355897361142 ) ) ;
#570 = VECTOR ( 'NONE', #4761, 1000.000000000000000 ) ;
#571 = CIRCLE ( 'NONE', #4911, 1.000000000000007772 ) ;
#572 = VERTEX_POINT ( 'NONE', #639 ) ;
#573 = DIRECTION ( 'NONE',  ( 0.000000000000000000, 0.000000000000000000, 1.000000000000000000 ) ) ;
#574 = AXIS2_PLACEMENT_3D ( 'NONE', #1613, #3741, #4988 ) ;
#575 = ORIENTED_EDGE ( 'NONE', *, *, #4494, .T. ) ;
#576 = DIRECTION ( 'NONE',  ( -0.000000000000000000, 1.000000000000000000, -0.000000000000000000 ) ) ;
#577 = ORIENTED_EDGE ( 'NONE', *, *, #5513, .F. ) ;
#578 = ADVANCED_FACE ( 'NONE', ( #3812 ), #6489, .T. ) ;
#579 = EDGE_CURVE ( 'NONE', #4654, #5010, #2792, .T. ) ;
#580 = ORIENTED_EDGE ( 'NONE', *, *, #1707, .F. ) ;
#581 = LINE ( 'NONE', #615, #5967 ) ;
#582 = EDGE_CURVE ( 'NONE', #1352, #6792, #2237, .T. ) ;
#583 = VERTEX_POINT ( 'NONE', #5973 ) ;
#584 = DIRECTION ( 'NONE',  ( 0.000000000000000000, 0.000000000000000000, 1.000000000000000000 ) ) ;
#585 = ORIENTED_EDGE ( 'NONE', *, *, #2423, .T. ) ;
#586 = EDGE_CURVE ( 'NONE', #5041, #6442, #6416, .T. ) ;
#587 = DIRECTION ( 'NONE',  ( 0.000000000000000000, 1.000000000000000000, 0.000000000000000000 ) ) ;
#588 = CARTESIAN_POINT ( 'NONE',  ( 33.05000000000001137, 0.000000000000000000, 42.59999999999998721 ) ) ;
#589 = ORIENTED_EDGE ( 'NONE', *, *, #3105, .F. ) ;
#590 = AXIS2_PLACEMENT_3D ( 'NONE', #5034, #1895, #5594 ) ;
#591 = VERTEX_POINT ( 'NONE', #6456 ) ;
#592 = CARTESIAN_POINT ( 'NONE',  ( 29.87500000000001421, 4.000000000000000000, -35.14017244269856377 ) ) ;
#593 = ORIENTED_EDGE ( 'NONE', *, *, #4326, .T. ) ;
#594 = DIRECTION ( 'NONE',  ( 0.000000000000000000, 1.000000000000000000, 0.000000000000000000 ) ) ;
#595 = CYLINDRICAL_SURFACE ( 'NONE', #5914, 0.9999999999999965583 ) ;
#596 = AXIS2_PLACEMENT_3D ( 'NONE', #159, #6013, #2772 ) ;
#597 = DIRECTION ( 'NONE',  ( 0.000000000000000000, 1.000000000000000000, 0.000000000000000000 ) ) ;
#598 = CARTESIAN_POINT ( 'NONE',  ( 19.55000000000001137, 0.000000000000000000, -8.500000000000007105 ) ) ;
#599 = VECTOR ( 'NONE', #3744, 1000.000000000000000 ) ;
#600 = EDGE_CURVE ( 'NONE', #6550, #4242, #3745, .T. ) ;
#601 = VECTOR ( 'NONE', #1088, 1000.000000000000000 ) ;
#602 = CARTESIAN_POINT ( 'NONE',  ( 0.000000000000000000, -15.00000000000000355, -28.05000000000001137 ) ) ;
#603 = VECTOR ( 'NONE', #4779, 999.9999999999998863 ) ;
#604 = DIRECTION ( 'NONE',  ( -0.8660254037844395958, 0.000000000000000000, 0.4999999999999983347 ) ) ;
#605 = LINE ( 'NONE', #145, #4304 ) ;
#606 = CARTESIAN_POINT ( 'NONE',  ( -32.75000000000000000, 0.000000000000000000, -44.50000000000000000 ) ) ;
#607 = DIRECTION ( 'NONE',  ( 0.000000000000000000, 1.000000000000000000, 0.000000000000000000 ) ) ;
#608 = ORIENTED_EDGE ( 'NONE', *, *, #4796, .T. ) ;
#609 = AXIS2_PLACEMENT_3D ( 'NONE', #273, #6134, #5646 ) ;
#610 = DIRECTION ( 'NONE',  ( 0.000000000000000000, 1.000000000000000000, 0.000000000000000000 ) ) ;
#611 = ORIENTED_EDGE ( 'NONE', *, *, #1178, .F. ) ;
#612 = CARTESIAN_POINT ( 'NONE',  ( 1.000000000000011324, 0.000000000000000000, 24.04999999999998650 ) ) ;
#613 = VERTEX_POINT ( 'NONE', #568 ) ;
#614 = ORIENTED_EDGE ( 'NONE', *, *, #2049, .F. ) ;
#615 = CARTESIAN_POINT ( 'NONE',  ( -25.08061036275546130, 4.000000000000000000, 19.19518084462873375 ) ) ;
#616 = VERTEX_POINT ( 'NONE', #2692 ) ;
#617 = DIRECTION ( 'NONE',  ( 0.000000000000000000, 0.000000000000000000, 1.000000000000000000 ) ) ;
#618 = ORIENTED_EDGE ( 'NONE', *, *, #6817, .F. ) ;
#619 = LINE ( 'NONE', #4245, #4088 ) ;
#620 = CARTESIAN_POINT ( 'NONE',  ( 0.000000000000000000, -15.00000000000000355, -14.05000000000001315 ) ) ;
#621 =( GEOMETRIC_REPRESENTATION_CONTEXT ( 3 ) GLOBAL_UNCERTAINTY_ASSIGNED_CONTEXT ( ( #4992 ) ) GLOBAL_UNIT_ASSIGNED_CONTEXT ( ( #3101, #6316, #3660 ) ) REPRESENTATION_CONTEXT ( 'NONE', 'WORKASPACE' ) );
#622 = EDGE_CURVE ( 'NONE', #6160, #101, #4886, .T. ) ;
#623 = ORIENTED_EDGE ( 'NONE', *, *, #5688, .F. ) ;
#624 = EDGE_CURVE ( 'NONE', #5352, #3682, #5515, .T. ) ;
#625 = EDGE_CURVE ( 'NONE', #745, #3879, #3316, .T. ) ;
#626 = ORIENTED_EDGE ( 'NONE', *, *, #5868, .F. ) ;
#627 = CARTESIAN_POINT ( 'NONE',  ( -25.08061036275546840, 4.000000000000000000, 5.507172045607005018 ) ) ;
#628 = ORIENTED_EDGE ( 'NONE', *, *, #4025, .T. ) ;
#629 = CARTESIAN_POINT ( 'NONE',  ( 33.37500000000000000, 0.000000000000000000, -42.93440107675850470 ) ) ;
#630 = CARTESIAN_POINT ( 'NONE',  ( -4.549999999999991829, 0.000000000000000000, 0.000000000000000000 ) ) ;
#631 = PRODUCT_DEFINITION ( 'NON CONOSCIUTO', '', #4490, #737 ) ;
#632 = DIRECTION ( 'NONE',  ( -0.000000000000000000, -1.000000000000000000, -0.000000000000000000 ) ) ;
#633 = DIRECTION ( 'NONE',  ( 0.000000000000000000, 1.000000000000000000, 0.000000000000000000 ) ) ;
#634 = AXIS2_PLACEMENT_3D ( 'NONE', #3429, #1272, #3328 ) ;
#635 = CARTESIAN_POINT ( 'NONE',  ( 0.000000000000000000, 4.000000000000000000, -28.05000000000001137 ) ) ;
#636 = EDGE_CURVE ( 'NONE', #2611, #242, #670, .T. ) ;
#637 = CARTESIAN_POINT ( 'NONE',  ( -34.71272867277880891, 0.000000000000000000, -2.450009283575229624 ) ) ;
#638 = CARTESIAN_POINT ( 'NONE',  ( -34.86938963724456642, 4.000000000000000000, -14.22869553642180307 ) ) ;
#639 = CARTESIAN_POINT ( 'NONE',  ( -18.54999999999999005, 0.000000000000000000, -8.500000000000007105 ) ) ;
#640 = DIRECTION ( 'NONE',  ( 0.000000000000000000, 0.000000000000000000, 1.000000000000000000 ) ) ;
#641 = ORIENTED_EDGE ( 'NONE', *, *, #2553, .F. ) ;
#642 = CARTESIAN_POINT ( 'NONE',  ( -36.15909329039983788, -15.00000000000000355, -31.32602688161967208 ) ) ;
#643 = ORIENTED_EDGE ( 'NONE', *, *, #952, .F. ) ;
#644 = AXIS2_PLACEMENT_3D ( 'NONE', #2783, #204, #2324 ) ;
#645 = AXIS2_PLACEMENT_3D ( 'NONE', #1077, #3164, #518 ) ;
#646 = ADVANCED_FACE ( 'NONE', ( #5309 ), #3251, .F. ) ;
#647 = LINE ( 'NONE', #1656, #570 ) ;
#648 = VERTEX_POINT ( 'NONE', #4262 ) ;
#649 = CARTESIAN_POINT ( 'NONE',  ( -36.15909329039983788, 4.000000000000000000, 9.737999515448448662 ) ) ;
#650 = ORIENTED_EDGE ( 'NONE', *, *, #6231, .F. ) ;
#651 = DIRECTION ( 'NONE',  ( -0.000000000000000000, 1.000000000000000000, -0.000000000000000000 ) ) ;
#652 = DIRECTION ( 'NONE',  ( 0.000000000000000000, 0.000000000000000000, 1.000000000000000000 ) ) ;
#653 = CYLINDRICAL_SURFACE ( 'NONE', #129, 0.5000000000000004441 ) ;
#654 = VERTEX_POINT ( 'NONE', #1615 ) ;
#655 = ORIENTED_EDGE ( 'NONE', *, *, #5242, .F. ) ;
#656 = PLANE ( 'NONE',  #3565 ) ;
#657 = ORIENTED_EDGE ( 'NONE', *, *, #4580, .F. ) ;
#658 = CARTESIAN_POINT ( 'NONE',  ( 14.50000000000001243, -15.00000000000000355, 4.499999999999990230 ) ) ;
#659 = DIRECTION ( 'NONE',  ( 0.000000000000000000, 0.000000000000000000, 1.000000000000000000 ) ) ;
#660 = CARTESIAN_POINT ( 'NONE',  ( -25.08061036275546485, -15.00000000000000355, 32.88318964365242181 ) ) ;
#661 = EDGE_CURVE ( 'NONE', #3225, #1306, #146, .T. ) ;
#662 = EDGE_CURVE ( 'NONE', #3045, #1144, #50, .T. ) ;
#663 = AXIS2_PLACEMENT_3D ( 'NONE', #5704, #6154, #1372 ) ;
#664 = DIRECTION ( 'NONE',  ( -0.000000000000000000, 1.000000000000000000, -0.000000000000000000 ) ) ;
#665 = AXIS2_PLACEMENT_3D ( 'NONE', #2937, #2381, #883 ) ;
#666 = EDGE_CURVE ( 'NONE', #2072, #1928, #6190, .T. ) ;
#667 = FACE_OUTER_BOUND ( 'NONE', #6327, .T. ) ;
#668 = CARTESIAN_POINT ( 'NONE',  ( -25.44518301803898908, 4.000000000000000000, -34.62567940601878291 ) ) ;
#669 = CARTESIAN_POINT ( 'NONE',  ( -25.82275618771047121, 4.000000000000000000, -25.44868778353693273 ) ) ;
#670 = LINE ( 'NONE', #6393, #4636 ) ;
#671 = DIRECTION ( 'NONE',  ( 0.000000000000000000, 0.000000000000000000, 1.000000000000000000 ) ) ;
#672 = VECTOR ( 'NONE', #6678, 1000.000000000000000 ) ;
#673 = CARTESIAN_POINT ( 'NONE',  ( -36.36700498121759040, -15.00000000000000355, 23.44786071373636105 ) ) ;
#674 = EDGE_LOOP ( 'NONE', ( #5291, #4903, #2310, #999 ) ) ;
#675 = AXIS2_PLACEMENT_3D ( 'NONE', #3817, #58, #4305 ) ;
#676 = DIRECTION ( 'NONE',  ( -0.000000000000000000, 1.000000000000000000, -0.000000000000000000 ) ) ;
#677 = ORIENTED_EDGE ( 'NONE', *, *, #5053, .T. ) ;
#678 = AXIS2_PLACEMENT_3D ( 'NONE', #6356, #3214, #3777 ) ;
#679 = DIRECTION ( 'NONE',  ( 0.000000000000000000, 0.000000000000000000, 1.000000000000000000 ) ) ;
#680 = VERTEX_POINT ( 'NONE', #1326 ) ;
#681 = EDGE_CURVE ( 'NONE', #3410, #4722, #2334, .T. ) ;
#682 = AXIS2_PLACEMENT_3D ( 'NONE', #5369, #2126, #4250 ) ;
#683 = CARTESIAN_POINT ( 'NONE',  ( 33.55000000000001137, 4.000000000000000000, -0.000000000000000000 ) ) ;
#684 = AXIS2_PLACEMENT_3D ( 'NONE', #6016, #4445, #2351 ) ;
#685 = DIRECTION ( 'NONE',  ( 0.000000000000000000, 0.000000000000000000, 1.000000000000000000 ) ) ;
#686 = DIRECTION ( 'NONE',  ( 0.000000000000000000, 1.000000000000000000, -0.000000000000000000 ) ) ;
#687 = EDGE_CURVE ( 'NONE', #2297, #2487, #5300, .T. ) ;
#688 = ORIENTED_EDGE ( 'NONE', *, *, #2203, .T. ) ;
#689 = VECTOR ( 'NONE', #701, 1000.000000000000000 ) ;
#690 = ORIENTED_EDGE ( 'NONE', *, *, #1853, .T. ) ;
#691 = CARTESIAN_POINT ( 'NONE',  ( -18.04999999999999005, 4.000000000000000000, 42.59999999999998721 ) ) ;
#692 = ORIENTED_EDGE ( 'NONE', *, *, #4760, .T. ) ;
#693 = CARTESIAN_POINT ( 'NONE',  ( 0.5000000000000108802, -15.00000000000000355, 0.000000000000000000 ) ) ;
#694 = DIRECTION ( 'NONE',  ( -0.000000000000000000, 1.000000000000000000, -0.000000000000000000 ) ) ;
#695 = LINE ( 'NONE', #4879, #1260 ) ;
#696 = LINE ( 'NONE', #3836, #3159 ) ;
#697 = DIRECTION ( 'NONE',  ( 0.000000000000000000, 0.000000000000000000, 1.000000000000000000 ) ) ;
#698 = ORIENTED_EDGE ( 'NONE', *, *, #5629, .F. ) ;
#699 = VECTOR ( 'NONE', #4932, 1000.000000000000000 ) ;
#700 = CARTESIAN_POINT ( 'NONE',  ( -34.50481698196104929, -15.00000000000000355, -1.471861682841423713 ) ) ;
#701 = DIRECTION ( 'NONE',  ( 0.000000000000000000, 0.000000000000000000, 1.000000000000000000 ) ) ;
#702 = DIRECTION ( 'NONE',  ( -0.000000000000000000, 1.000000000000000000, -0.000000000000000000 ) ) ;
#703 = CARTESIAN_POINT ( 'NONE',  ( 14.00000000000001243, 4.000000000000000000, -8.500000000000007105 ) ) ;
#704 = DIRECTION ( 'NONE',  ( -0.000000000000000000, 1.000000000000000000, -0.000000000000000000 ) ) ;
#705 = EDGE_CURVE ( 'NONE', #5414, #3230, #4463, .T. ) ;
#706 = EDGE_CURVE ( 'NONE', #6326, #2764, #1290, .T. ) ;
#707 = EDGE_CURVE ( 'NONE', #4035, #5884, #1363, .T. ) ;
#708 = ORIENTED_EDGE ( 'NONE', *, *, #5132, .F. ) ;
#709 = CARTESIAN_POINT ( 'NONE',  ( -35.05841875773189287, -15.00000000000000355, -24.70143475962949609 ) ) ;
#710 = VECTOR ( 'NONE', #5731, 1000.000000000000000 ) ;
#711 = ORIENTED_EDGE ( 'NONE', *, *, #3621, .F. ) ;
#712 = ADVANCED_FACE ( 'NONE', ( #734 ), #1257, .F. ) ;
#713 = AXIS2_PLACEMENT_3D ( 'NONE', #1807, #6547, #3897 ) ;
#714 = DIRECTION ( 'NONE',  ( 1.000000000000000000, 0.000000000000000000, 0.000000000000000000 ) ) ;
#715 = VERTEX_POINT ( 'NONE', #1924 ) ;
#716 = CARTESIAN_POINT ( 'NONE',  ( -5.049999999999991829, 0.000000000000000000, -27.55000000000001137 ) ) ;
#717 = CARTESIAN_POINT ( 'NONE',  ( -34.71272867277880181, 0.000000000000000000, -29.82602688162064197 ) ) ;
#718 = DIRECTION ( 'NONE',  ( 0.000000000000000000, 0.000000000000000000, 1.000000000000000000 ) ) ;
#719 = CARTESIAN_POINT ( 'NONE',  ( -23.58299501878242665, -15.00000000000000355, 23.58265099153869215 ) ) ;
#720 = ORIENTED_EDGE ( 'NONE', *, *, #70, .F. ) ;
#721 = ORIENTED_EDGE ( 'NONE', *, *, #1271, .T. ) ;
#722 = DIRECTION ( 'NONE',  ( 0.000000000000000000, 1.000000000000000000, -0.000000000000000000 ) ) ;
#723 = VERTEX_POINT ( 'NONE', #3381 ) ;
#724 = CIRCLE ( 'NONE', #4623, 0.9999999999999974465 ) ;
#725 = PLANE ( 'NONE',  #3076 ) ;
#726 = DIRECTION ( 'NONE',  ( -0.000000000000000000, 1.000000000000000000, -0.000000000000000000 ) ) ;
#727 = CARTESIAN_POINT ( 'NONE',  ( -5.049999999999991829, -15.00000000000000355, -8.500000000000007105 ) ) ;
#728 = CARTESIAN_POINT ( 'NONE',  ( 0.5000000000000108802, -15.00000000000000355, 0.000000000000000000 ) ) ;
#729 = ORIENTED_EDGE ( 'NONE', *, *, #6165, .F. ) ;
#730 = AXIS2_PLACEMENT_3D ( 'NONE', #1056, #2728, #3180 ) ;
#731 = CARTESIAN_POINT ( 'NONE',  ( -25.08061036275546485, -15.00000000000000355, 32.88318964365242181 ) ) ;
#732 = LINE ( 'NONE', #1779, #5812 ) ;
#733 = CARTESIAN_POINT ( 'NONE',  ( -24.89158124226813484, 0.000000000000000000, 2.291902469791998964 ) ) ;
#734 = FACE_OUTER_BOUND ( 'NONE', #5173, .T. ) ;
#735 = FACE_OUTER_BOUND ( 'NONE', #1674, .T. ) ;
#736 = ADVANCED_FACE ( 'NONE', ( #179 ), #841, .T. ) ;
#737 = PRODUCT_DEFINITION_CONTEXT ( 'detailed design', #1092, 'design' ) ;
#738 = ADVANCED_FACE ( 'NONE', ( #6145 ), #2372, .F. ) ;
#739 = AXIS2_PLACEMENT_3D ( 'NONE', #6050, #1341, #1734 ) ;
#740 = VECTOR ( 'NONE', #6545, 1000.000000000000000 ) ;
#741 = EDGE_LOOP ( 'NONE', ( #2860, #6841, #575, #3287, #371, #1911, #4274 ) ) ;
#742 = EDGE_LOOP ( 'NONE', ( #3428, #4529, #2914, #6615 ) ) ;
#743 = VECTOR ( 'NONE', #5327, 1000.000000000000000 ) ;
#744 = DIRECTION ( 'NONE',  ( 0.000000000000000000, 0.000000000000000000, 1.000000000000000000 ) ) ;
#745 = VERTEX_POINT ( 'NONE', #5585 ) ;
#746 = LINE ( 'NONE', #4510, #2002 ) ;
#747 = EDGE_LOOP ( 'NONE', ( #3790, #2228, #3988, #6755 ) ) ;
#748 = DIRECTION ( 'NONE',  ( 0.000000000000000000, 0.000000000000000000, 1.000000000000000000 ) ) ;
#749 = FACE_OUTER_BOUND ( 'NONE', #5840, .T. ) ;
#750 = FACE_OUTER_BOUND ( 'NONE', #1034, .T. ) ;
#751 = FACE_OUTER_BOUND ( 'NONE', #4538, .T. ) ;
#752 = ORIENTED_EDGE ( 'NONE', *, *, #5957, .T. ) ;
#753 = ORIENTED_EDGE ( 'NONE', *, *, #1090, .T. ) ;
#754 = VECTOR ( 'NONE', #1579, 1000.000000000000000 ) ;
#755 = DIRECTION ( 'NONE',  ( -0.000000000000000000, 1.000000000000000000, -0.000000000000000000 ) ) ;
#756 = VERTEX_POINT ( 'NONE', #4431 ) ;
#757 = CARTESIAN_POINT ( 'NONE',  ( -34.12724381228956361, 4.000000000000000000, -38.02487090336868647 ) ) ;
#758 = DIRECTION ( 'NONE',  ( 0.000000000000000000, 1.000000000000000000, 0.000000000000000000 ) ) ;
#759 = ADVANCED_FACE ( 'NONE', ( #2303 ), #3415, .F. ) ;
#760 = CARTESIAN_POINT ( 'NONE',  ( 14.00000000000001243, 4.000000000000000000, -9.000000000000007105 ) ) ;
#761 = EDGE_LOOP ( 'NONE', ( #4519, #955, #6380, #5396, #33, #487, #4276 ) ) ;
#762 = DIRECTION ( 'NONE',  ( 0.000000000000000000, 0.000000000000000000, 1.000000000000000000 ) ) ;
#763 = ORIENTED_EDGE ( 'NONE', *, *, #4580, .T. ) ;
#764 = LINE ( 'NONE', #6142, #124 ) ;
#765 = LINE ( 'NONE', #2301, #1466 ) ;
#766 = LINE ( 'NONE', #2891, #5055 ) ;
#767 = DIRECTION ( 'NONE',  ( -0.000000000000000000, 1.000000000000000000, -0.000000000000000000 ) ) ;
#768 = ADVANCED_FACE ( 'NONE', ( #4503 ), #2926, .F. ) ;
#769 = DIRECTION ( 'NONE',  ( 1.000000000000000000, -0.000000000000000000, 0.000000000000000000 ) ) ;
#770 = VECTOR ( 'NONE', #2813, 1000.000000000000000 ) ;
#771 = ORIENTED_EDGE ( 'NONE', *, *, #3729, .F. ) ;
#772 = CIRCLE ( 'NONE', #6240, 0.5000000000000004441 ) ;
#773 = EDGE_LOOP ( 'NONE', ( #3935, #2197, #6368, #5179 ) ) ;
#774 = LINE ( 'NONE', #6078, #5801 ) ;
#775 = ORIENTED_EDGE ( 'NONE', *, *, #3984, .F. ) ;
#776 = CARTESIAN_POINT ( 'NONE',  ( -18.04999999999999005, -15.00000000000000355, -14.05000000000001315 ) ) ;
#777 = ORIENTED_EDGE ( 'NONE', *, *, #5928, .T. ) ;
#778 = CARTESIAN_POINT ( 'NONE',  ( 33.05000000000001137, -15.00000000000000355, 23.54999999999998650 ) ) ;
#779 = VECTOR ( 'NONE', #6125, 1000.000000000000000 ) ;
#780 = ORIENTED_EDGE ( 'NONE', *, *, #2723, .F. ) ;
#781 = CARTESIAN_POINT ( 'NONE',  ( -34.86938963724456642, -15.00000000000000355, -0.5406867373990952297 ) ) ;
#782 = LINE ( 'NONE', #2774, #5809 ) ;
#783 = EDGE_CURVE ( 'NONE', #6301, #3028, #5509, .T. ) ;
#784 = CARTESIAN_POINT ( 'NONE',  ( -37.29817992665991966, 4.000000000000000000, 35.77129685747654975 ) ) ;
#785 = ORIENTED_EDGE ( 'NONE', *, *, #1809, .T. ) ;
#786 = EDGE_CURVE ( 'NONE', #1628, #2802, #2964, .T. ) ;
#787 = AXIS2_PLACEMENT_3D ( 'NONE', #6497, #4237, #5915 ) ;
#788 = EDGE_CURVE ( 'NONE', #4838, #4798, #1319, .T. ) ;
#789 = ORIENTED_EDGE ( 'NONE', *, *, #5132, .T. ) ;
#790 = AXIS2_PLACEMENT_3D ( 'NONE', #3519, #3590, #3553 ) ;
#791 = LINE ( 'NONE', #4520, #2442 ) ;
#792 = EDGE_CURVE ( 'NONE', #1197, #3302, #2892, .T. ) ;
#793 = CARTESIAN_POINT ( 'NONE',  ( 29.87500000000001066, 0.000000000000000000, -46.10982755730143623 ) ) ;
#794 = ORIENTED_EDGE ( 'NONE', *, *, #4016, .T. ) ;
#795 = AXIS2_PLACEMENT_3D ( 'NONE', #4884, #2890, #5024 ) ;
#796 = LINE ( 'NONE', #5501, #740 ) ;
#797 = DIRECTION ( 'NONE',  ( -0.000000000000000000, 1.000000000000000000, -0.000000000000000000 ) ) ;
#798 = CARTESIAN_POINT ( 'NONE',  ( 14.50000000000001243, 4.000000000000000000, -8.500000000000007105 ) ) ;
#799 = CYLINDRICAL_SURFACE ( 'NONE', #6512, 0.5000000000000004441 ) ;
#800 = CARTESIAN_POINT ( 'NONE',  ( 0.5000000000000108802, -15.00000000000000355, 10.54999999999999005 ) ) ;
#801 = VERTEX_POINT ( 'NONE', #3491 ) ;
#802 = CARTESIAN_POINT ( 'NONE',  ( 33.55000000000001137, 0.000000000000000000, 29.59999999999998721 ) ) ;
#803 = DIRECTION ( 'NONE',  ( 0.000000000000000000, 0.000000000000000000, 1.000000000000000000 ) ) ;
#804 = FACE_BOUND ( 'NONE', #2445, .T. ) ;
#805 = CARTESIAN_POINT ( 'NONE',  ( 0.000000000000000000, -15.00000000000000355, -28.05000000000001137 ) ) ;
#806 = DIRECTION ( 'NONE',  ( 0.000000000000000000, 1.000000000000000000, 0.000000000000000000 ) ) ;
#807 = EDGE_CURVE ( 'NONE', #6760, #97, #3908, .T. ) ;
#808 = EDGE_LOOP ( 'NONE', ( #5671, #1169, #1483, #2749 ) ) ;
#809 = ORIENTED_EDGE ( 'NONE', *, *, #1789, .F. ) ;
#810 = ORIENTED_EDGE ( 'NONE', *, *, #5073, .F. ) ;
#811 = CARTESIAN_POINT ( 'NONE',  ( 33.05000000000001137, -15.00000000000000355, 29.59999999999998721 ) ) ;
#812 = VECTOR ( 'NONE', #5780, 1000.000000000000000 ) ;
#813 = ORIENTED_EDGE ( 'NONE', *, *, #1138, .F. ) ;
#814 = AXIS2_PLACEMENT_3D ( 'NONE', #6071, #1258, #6627 ) ;
#815 = FACE_OUTER_BOUND ( 'NONE', #2628, .T. ) ;
#816 = ORIENTED_EDGE ( 'NONE', *, *, #4817, .F. ) ;
#817 = CARTESIAN_POINT ( 'NONE',  ( 33.05000000000001137, -15.00000000000000355, 42.59999999999998721 ) ) ;
#818 = ORIENTED_EDGE ( 'NONE', *, *, #4578, .F. ) ;
#819 = CARTESIAN_POINT ( 'NONE',  ( -0.5563067004706994112, 0.000000000000000000, 1.420893349933677330 ) ) ;
#820 = CARTESIAN_POINT ( 'NONE',  ( -25.82275618771047121, -15.00000000000000355, -11.76067898451422344 ) ) ;
#821 = CIRCLE ( 'NONE', #6390, 0.5000000000000004441 ) ;
#822 = DIRECTION ( 'NONE',  ( -0.000000000000000000, 1.000000000000000000, -0.000000000000000000 ) ) ;
#823 = ORIENTED_EDGE ( 'NONE', *, *, #110, .T. ) ;
#824 = ADVANCED_FACE ( 'NONE', ( #3942 ), #5026, .T. ) ;
#825 = ORIENTED_EDGE ( 'NONE', *, *, #4880, .F. ) ;
#826 = LINE ( 'NONE', #1312, #2000 ) ;
#827 = FACE_OUTER_BOUND ( 'NONE', #959, .T. ) ;
#828 = EDGE_LOOP ( 'NONE', ( #2991, #2766, #5560, #1136 ) ) ;
#829 = CARTESIAN_POINT ( 'NONE',  ( 0.5000000000000108802, -15.00000000000000355, 4.499999999999990230 ) ) ;
#830 = DIRECTION ( 'NONE',  ( 0.3645726552835139023, 0.000000000000000000, -0.9311749454423310368 ) ) ;
#831 = CARTESIAN_POINT ( 'NONE',  ( -34.86938963724455220, -15.00000000000000355, 13.14732206162371320 ) ) ;
#832 = EDGE_CURVE ( 'NONE', #5989, #2210, #948, .T. ) ;
#833 = LINE ( 'NONE', #5925, #978 ) ;
#834 = VERTEX_POINT ( 'NONE', #4049 ) ;
#835 = DIRECTION ( 'NONE',  ( 0.000000000000000000, 0.000000000000000000, 1.000000000000000000 ) ) ;
#836 = ORIENTED_EDGE ( 'NONE', *, *, #6252, .T. ) ;
#837 = ADVANCED_FACE ( 'NONE', ( #1396 ), #1436, .F. ) ;
#838 = CARTESIAN_POINT ( 'NONE',  ( -23.79090670960005482, -15.00000000000000355, 8.916494591781969348 ) ) ;
#839 = CARTESIAN_POINT ( 'NONE',  ( -5.049999999999991829, 4.000000000000000000, 43.09999999999998721 ) ) ;
#840 = FACE_BOUND ( 'NONE', #5090, .T. ) ;
#841 = PLANE ( 'NONE',  #5219 ) ;
#842 = DIRECTION ( 'NONE',  ( 0.000000000000000000, -0.000000000000000000, 1.000000000000000000 ) ) ;
#843 = CIRCLE ( 'NONE', #1062, 1.000000000000000888 ) ;
#844 = ADVANCED_FACE ( 'NONE', ( #5693 ), #911, .F. ) ;
#845 = ORIENTED_EDGE ( 'NONE', *, *, #3025, .T. ) ;
#846 = DIRECTION ( 'NONE',  ( -0.9781476007338214540, 0.000000000000000000, 0.2079116908176845691 ) ) ;
#847 = EDGE_CURVE ( 'NONE', #6528, #242, #2997, .T. ) ;
#848 = VERTEX_POINT ( 'NONE', #5200 ) ;
#849 = CIRCLE ( 'NONE', #4642, 0.5000000000000004441 ) ;
#850 = LINE ( 'NONE', #2970, #1889 ) ;
#851 = VERTEX_POINT ( 'NONE', #4646 ) ;
#852 = FACE_OUTER_BOUND ( 'NONE', #3420, .T. ) ;
#853 = EDGE_CURVE ( 'NONE', #5707, #4242, #5659, .T. ) ;
#854 = VECTOR ( 'NONE', #3841, 1000.000000000000000 ) ;
#855 = VERTEX_POINT ( 'NONE', #2480 ) ;
#856 = DIRECTION ( 'NONE',  ( -0.000000000000000000, 1.000000000000000000, -0.000000000000000000 ) ) ;
#857 = CARTESIAN_POINT ( 'NONE',  ( 0.5000000000000108802, 4.000000000000000000, -0.000000000000000000 ) ) ;
#858 = DIRECTION ( 'NONE',  ( -0.000000000000000000, 1.000000000000000000, -0.000000000000000000 ) ) ;
#859 = ORIENTED_EDGE ( 'NONE', *, *, #1488, .T. ) ;
#860 = ORIENTED_EDGE ( 'NONE', *, *, #4467, .F. ) ;
#861 = LINE ( 'NONE', #5113, #5112 ) ;
#862 = CARTESIAN_POINT ( 'NONE',  ( -36.36700498121759750, 0.000000000000000000, 9.759851914714644749 ) ) ;
#863 = ORIENTED_EDGE ( 'NONE', *, *, #2361, .F. ) ;
#864 = DIRECTION ( 'NONE',  ( -0.000000000000000000, 1.000000000000000000, -0.000000000000000000 ) ) ;
#865 = CARTESIAN_POINT ( 'NONE',  ( 14.50000000000001243, 0.000000000000000000, 10.54999999999999005 ) ) ;
#866 = CARTESIAN_POINT ( 'NONE',  ( -32.75000000000000000, 4.000000000000000000, 42.24999999999999289 ) ) ;
#867 = ORIENTED_EDGE ( 'NONE', *, *, #6217, .T. ) ;
#868 = ORIENTED_EDGE ( 'NONE', *, *, #153, .F. ) ;
#869 = DIRECTION ( 'NONE',  ( 0.000000000000000000, 0.000000000000000000, 1.000000000000000000 ) ) ;
#870 = EDGE_LOOP ( 'NONE', ( #6695, #4019, #2967, #2716, #6056, #1522, #2730, #2382, #3722, #6410, #162, #2577, #1279 ) ) ;
#871 = PLANE ( 'NONE',  #5747 ) ;
#872 = DIRECTION ( 'NONE',  ( 0.000000000000000000, 0.000000000000000000, 1.000000000000000000 ) ) ;
#873 = DIRECTION ( 'NONE',  ( 0.000000000000000000, 1.000000000000000000, -0.000000000000000000 ) ) ;
#874 = CARTESIAN_POINT ( 'NONE',  ( -33.76267115700605359, -15.00000000000000355, -11.58002825076559894 ) ) ;
#875 = CARTESIAN_POINT ( 'NONE',  ( -5.049999999999991829, 4.000000000000000000, -14.05000000000001315 ) ) ;
#876 = EDGE_CURVE ( 'NONE', #3026, #5601, #3213, .T. ) ;
#877 = EDGE_CURVE ( 'NONE', #4652, #6403, #1961, .T. ) ;
#878 = EDGE_CURVE ( 'NONE', #6245, #4551, #6223, .T. ) ;
#879 = ORIENTED_EDGE ( 'NONE', *, *, #4325, .T. ) ;
#880 = LINE ( 'NONE', #5134, #1485 ) ;
#881 = AXIS2_PLACEMENT_3D ( 'NONE', #3149, #505, #2630 ) ;
#882 = ORIENTED_EDGE ( 'NONE', *, *, #6629, .F. ) ;
#883 = DIRECTION ( 'NONE',  ( 0.3645726552835066303, 0.000000000000000000, -0.9311749454423338124 ) ) ;
#884 = VERTEX_POINT ( 'NONE', #3966 ) ;
#885 = VECTOR ( 'NONE', #5639, 1000.000000000000000 ) ;
#886 = DIRECTION ( 'NONE',  ( 0.000000000000000000, 0.000000000000000000, 1.000000000000000000 ) ) ;
#887 = VERTEX_POINT ( 'NONE', #4944 ) ;
#888 = PLANE ( 'NONE',  #6083 ) ;
#889 = FACE_BOUND ( 'NONE', #311, .T. ) ;
#890 = VECTOR ( 'NONE', #4104, 1000.000000000000114 ) ;
#891 = EDGE_LOOP ( 'NONE', ( #1933, #6594, #2243, #3119 ) ) ;
#892 = VERTEX_POINT ( 'NONE', #2360 ) ;
#893 = VECTOR ( 'NONE', #2924, 1000.000000000000000 ) ;
#894 = LINE ( 'NONE', #268, #2114 ) ;
#895 = DIRECTION ( 'NONE',  ( 0.000000000000000000, 1.000000000000000000, 0.000000000000000000 ) ) ;
#896 = ORIENTED_EDGE ( 'NONE', *, *, #5009, .T. ) ;
#897 = ADVANCED_FACE ( 'NONE', ( #3370 ), #3863, .T. ) ;
#898 = CARTESIAN_POINT ( 'NONE',  ( -5.049999999999991829, 4.000000000000000000, 4.499999999999990230 ) ) ;
#899 = LINE ( 'NONE', #2430, #2757 ) ;
#900 = ORIENTED_EDGE ( 'NONE', *, *, #3661, .F. ) ;
#901 = LINE ( 'NONE', #6804, #3279 ) ;
#902 = AXIS2_PLACEMENT_3D ( 'NONE', #811, #676, #1725 ) ;
#903 = EDGE_LOOP ( 'NONE', ( #2252, #5192, #5597, #3645 ) ) ;
#904 = ORIENTED_EDGE ( 'NONE', *, *, #2160, .F. ) ;
#905 = DIRECTION ( 'NONE',  ( 0.000000000000000000, 0.000000000000000000, 1.000000000000000000 ) ) ;
#906 = AXIS2_PLACEMENT_3D ( 'NONE', #3142, #4718, #6391 ) ;
#907 = EDGE_LOOP ( 'NONE', ( #4733, #6867, #4739, #4505 ) ) ;
#908 = DIRECTION ( 'NONE',  ( 0.000000000000000000, 0.000000000000000000, 1.000000000000000000 ) ) ;
#909 = DIRECTION ( 'NONE',  ( 1.000000000000000000, 0.000000000000000000, -0.000000000000000000 ) ) ;
#910 = LINE ( 'NONE', #3559, #377 ) ;
#911 = CYLINDRICAL_SURFACE ( 'NONE', #1104, 0.9999999999999965583 ) ;
#912 = PLANE ( 'NONE',  #6057 ) ;
#913 = AXIS2_PLACEMENT_3D ( 'NONE', #6384, #1121, #1504 ) ;
#914 = VERTEX_POINT ( 'NONE', #1183 ) ;
#915 = EDGE_CURVE ( 'NONE', #292, #2092, #3977, .T. ) ;
#916 = EDGE_CURVE ( 'NONE', #1859, #6561, #5424, .T. ) ;
#917 = DIRECTION ( 'NONE',  ( 0.000000000000000000, 0.000000000000000000, 1.000000000000000000 ) ) ;
#918 = AXIS2_PLACEMENT_3D ( 'NONE', #4095, #6670, #2866 ) ;
#919 = EDGE_CURVE ( 'NONE', #6445, #1974, #1247, .T. ) ;
#920 = VERTEX_POINT ( 'NONE', #3306 ) ;
#921 = ADVANCED_FACE ( 'NONE', ( #2848 ), #6651, .F. ) ;
#922 = ORIENTED_EDGE ( 'NONE', *, *, #4893, .T. ) ;
#923 = DIRECTION ( 'NONE',  ( 0.000000000000000000, 1.000000000000000000, -0.000000000000000000 ) ) ;
#924 = VERTEX_POINT ( 'NONE', #6581 ) ;
#925 = DIRECTION ( 'NONE',  ( 0.000000000000000000, 0.000000000000000000, 1.000000000000000000 ) ) ;
#926 = AXIS2_PLACEMENT_3D ( 'NONE', #2348, #2311, #192 ) ;
#927 = ORIENTED_EDGE ( 'NONE', *, *, #3952, .T. ) ;
#928 = EDGE_CURVE ( 'NONE', #292, #5041, #4422, .T. ) ;
#929 = DIRECTION ( 'NONE',  ( 0.000000000000000000, 1.000000000000000000, 0.000000000000000000 ) ) ;
#930 = ORIENTED_EDGE ( 'NONE', *, *, #3097, .T. ) ;
#931 = ORIENTED_EDGE ( 'NONE', *, *, #4004, .T. ) ;
#932 = CARTESIAN_POINT ( 'NONE',  ( -36.36700498121759040, 4.000000000000000000, 23.44786071373636105 ) ) ;
#933 = AXIS2_PLACEMENT_3D ( 'NONE', #3145, #4263, #5275 ) ;
#934 = DIRECTION ( 'NONE',  ( 0.000000000000000000, 0.000000000000000000, 1.000000000000000000 ) ) ;
#935 = ORIENTED_EDGE ( 'NONE', *, *, #475, .F. ) ;
#936 = CARTESIAN_POINT ( 'NONE',  ( 0.000000000000000000, 4.000000000000000000, 43.09999999999998721 ) ) ;
#937 = CARTESIAN_POINT ( 'NONE',  ( -23.58299501878243376, 4.000000000000000000, -17.48137540552943392 ) ) ;
#938 = ORIENTED_EDGE ( 'NONE', *, *, #3064, .T. ) ;
#939 = DIRECTION ( 'NONE',  ( -0.000000000000000000, 1.000000000000000000, -0.000000000000000000 ) ) ;
#940 = CIRCLE ( 'NONE', #5166, 0.9999999999999974465 ) ;
#941 = AXIS2_PLACEMENT_3D ( 'NONE', #831, #2431, #1915 ) ;
#942 = PLANE ( 'NONE',  #6801 ) ;
#943 = DIRECTION ( 'NONE',  ( -0.000000000000000000, 1.000000000000000000, -0.000000000000000000 ) ) ;
#944 = VERTEX_POINT ( 'NONE', #4386 ) ;
#945 = PLANE ( 'NONE',  #6201 ) ;
#946 = LINE ( 'NONE', #6105, #5702 ) ;
#947 = DIRECTION ( 'NONE',  ( 0.8660254037844388186, 0.000000000000000000, -0.4999999999999997224 ) ) ;
#948 = LINE ( 'NONE', #874, #5331 ) ;
#949 = DIRECTION ( 'NONE',  ( 1.000000000000000000, 0.000000000000000000, -0.000000000000000000 ) ) ;
#950 = ORIENTED_EDGE ( 'NONE', *, *, #4629, .T. ) ;
#951 = VECTOR ( 'NONE', #6617, 1000.000000000000000 ) ;
#952 = EDGE_CURVE ( 'NONE', #855, #3419, #1742, .T. ) ;
#953 = CARTESIAN_POINT ( 'NONE',  ( -18.04999999999999005, 4.000000000000000000, 29.09999999999998721 ) ) ;
#954 = EDGE_LOOP ( 'NONE', ( #1286, #6303, #5784, #2322 ) ) ;
#955 = ORIENTED_EDGE ( 'NONE', *, *, #3175, .F. ) ;
#956 = LINE ( 'NONE', #5804, #5790 ) ;
#957 = ORIENTED_EDGE ( 'NONE', *, *, #1712, .F. ) ;
#958 = CARTESIAN_POINT ( 'NONE',  ( 0.000000000000000000, 0.000000000000000000, -14.05000000000001315 ) ) ;
#959 = EDGE_LOOP ( 'NONE', ( #3120, #2471, #1754, #5788 ) ) ;
#960 = DIRECTION ( 'NONE',  ( 0.000000000000000000, 0.000000000000000000, 1.000000000000000000 ) ) ;
#961 = ORIENTED_EDGE ( 'NONE', *, *, #2407, .T. ) ;
#962 = EDGE_CURVE ( 'NONE', #4565, #3358, #977, .T. ) ;
#963 = ORIENTED_EDGE ( 'NONE', *, *, #1041, .T. ) ;
#964 = CARTESIAN_POINT ( 'NONE',  ( -37.29817992665991966, 4.000000000000000000, -32.66874713763699134 ) ) ;
#965 = CIRCLE ( 'NONE', #2193, 1.000000000000000888 ) ;
#966 = DIRECTION ( 'NONE',  ( 0.000000000000000000, 1.000000000000000000, -0.000000000000000000 ) ) ;
#967 = ORIENTED_EDGE ( 'NONE', *, *, #6147, .F. ) ;
#968 = LINE ( 'NONE', #6799, #1280 ) ;
#969 = DIRECTION ( 'NONE',  ( 0.3645726552835132916, 0.000000000000000000, -0.9311749454423313699 ) ) ;
#970 = ORIENTED_EDGE ( 'NONE', *, *, #5513, .T. ) ;
#971 = CARTESIAN_POINT ( 'NONE',  ( -36.36700498121759040, -15.00000000000000355, 36.13586951276006687 ) ) ;
#972 = VERTEX_POINT ( 'NONE', #4910 ) ;
#973 = LINE ( 'NONE', #1, #5593 ) ;
#974 = ORIENTED_EDGE ( 'NONE', *, *, #1211, .T. ) ;
#975 = EDGE_CURVE ( 'NONE', #68, #5217, #139, .T. ) ;
#976 = DIRECTION ( 'NONE',  ( 0.000000000000000000, 1.000000000000000000, 0.000000000000000000 ) ) ;
#977 = CIRCLE ( 'NONE', #5206, 1.000000000000000888 ) ;
#978 = VECTOR ( 'NONE', #2710, 1000.000000000000000 ) ;
#979 = EDGE_CURVE ( 'NONE', #5532, #6373, #6062, .T. ) ;
#980 = CARTESIAN_POINT ( 'NONE',  ( -18.54999999999999005, -15.00000000000000355, -8.500000000000007105 ) ) ;
#981 = CARTESIAN_POINT ( 'NONE',  ( 33.55000000000001137, 4.000000000000000000, -27.55000000000001137 ) ) ;
#982 = DIRECTION ( 'NONE',  ( 0.000000000000000000, 0.000000000000000000, 1.000000000000000000 ) ) ;
#983 = EDGE_CURVE ( 'NONE', #2707, #5496, #5015, .T. ) ;
#984 = CARTESIAN_POINT ( 'NONE',  ( -5.049999999999991829, 4.000000000000000000, 29.09999999999998721 ) ) ;
#985 = CARTESIAN_POINT ( 'NONE',  ( -5.049999999999991829, 4.000000000000000000, 10.54999999999999005 ) ) ;
#986 = DIRECTION ( 'NONE',  ( 1.000000000000000000, 0.000000000000000000, -0.000000000000000000 ) ) ;
#987 = ORIENTED_EDGE ( 'NONE', *, *, #5648, .F. ) ;
#988 = VERTEX_POINT ( 'NONE', #5050 ) ;
#989 = DIRECTION ( 'NONE',  ( 0.000000000000000000, 0.000000000000000000, 1.000000000000000000 ) ) ;
#990 = CARTESIAN_POINT ( 'NONE',  ( -15.21250000000000746, 4.000000000000000000, -33.56750000000000256 ) ) ;
#991 = ORIENTED_EDGE ( 'NONE', *, *, #2698, .F. ) ;
#992 = CARTESIAN_POINT ( 'NONE',  ( -23.58299501878242665, 4.000000000000000000, 23.58265099153869215 ) ) ;
#993 = ORIENTED_EDGE ( 'NONE', *, *, #5007, .F. ) ;
#994 = ORIENTED_EDGE ( 'NONE', *, *, #5065, .T. ) ;
#995 = VECTOR ( 'NONE', #302, 1000.000000000000000 ) ;
#996 = VECTOR ( 'NONE', #5070, 1000.000000000000000 ) ;
#997 = FACE_OUTER_BOUND ( 'NONE', #1332, .T. ) ;
#998 = DIRECTION ( 'NONE',  ( -0.000000000000000000, 1.000000000000000000, -0.000000000000000000 ) ) ;
#999 = ORIENTED_EDGE ( 'NONE', *, *, #6690, .F. ) ;
#1000 = EDGE_CURVE ( 'NONE', #6081, #5676, #6430, .T. ) ;
#1001 = VECTOR ( 'NONE', #1910, 1000.000000000000000 ) ;
#1002 = DIRECTION ( 'NONE',  ( -0.9781476007338214540, 0.000000000000000000, 0.2079116908176845968 ) ) ;
#1003 = DIRECTION ( 'NONE',  ( 0.000000000000000000, 0.000000000000000000, 1.000000000000000000 ) ) ;
#1004 = ADVANCED_FACE ( 'NONE', ( #1317 ), #6546, .T. ) ;
#1005 = VERTEX_POINT ( 'NONE', #1805 ) ;
#1006 = EDGE_CURVE ( 'NONE', #5676, #5579, #3930, .T. ) ;
#1007 = EDGE_CURVE ( 'NONE', #920, #6478, #2880, .T. ) ;
#1008 = ORIENTED_EDGE ( 'NONE', *, *, #4881, .T. ) ;
#1009 = CYLINDRICAL_SURFACE ( 'NONE', #6696, 0.9999999999999974465 ) ;
#1010 = ORIENTED_EDGE ( 'NONE', *, *, #4713, .F. ) ;
#1011 = AXIS2_PLACEMENT_3D ( 'NONE', #2862, #3947, #744 ) ;
#1012 = DIRECTION ( 'NONE',  ( 1.000000000000000000, 0.000000000000000000, 0.000000000000000000 ) ) ;
#1013 = DIRECTION ( 'NONE',  ( 0.000000000000000000, 0.000000000000000000, 1.000000000000000000 ) ) ;
#1014 = LINE ( 'NONE', #6249, #3373 ) ;
#1015 = CARTESIAN_POINT ( 'NONE',  ( -35.05841875773189287, 4.000000000000000000, -24.70143475962949609 ) ) ;
#1016 = VECTOR ( 'NONE', #5542, 999.9999999999998863 ) ;
#1017 = VECTOR ( 'NONE', #3970, 1000.000000000000000 ) ;
#1018 = AXIS2_PLACEMENT_3D ( 'NONE', #6051, #1735, #1174 ) ;
#1019 = LINE ( 'NONE', #2206, #4573 ) ;
#1020 = DIRECTION ( 'NONE',  ( 1.000000000000000000, 0.000000000000000000, -0.000000000000000000 ) ) ;
#1021 = DIRECTION ( 'NONE',  ( 1.000000000000000000, 0.000000000000000000, 0.000000000000000000 ) ) ;
#1022 = AXIS2_PLACEMENT_3D ( 'NONE', #1224, #6068, #6035 ) ;
#1023 = FACE_OUTER_BOUND ( 'NONE', #2225, .T. ) ;
#1024 = ORIENTED_EDGE ( 'NONE', *, *, #4410, .F. ) ;
#1025 = EDGE_CURVE ( 'NONE', #4384, #6528, #272, .T. ) ;
#1026 = ORIENTED_EDGE ( 'NONE', *, *, #2723, .T. ) ;
#1027 = CARTESIAN_POINT ( 'NONE',  ( -4.549999999999991829, 4.000000000000000000, 0.000000000000000000 ) ) ;
#1028 = DIRECTION ( 'NONE',  ( -0.000000000000000000, 1.000000000000000000, -0.000000000000000000 ) ) ;
#1029 = ORIENTED_EDGE ( 'NONE', *, *, #1582, .F. ) ;
#1030 = DIRECTION ( 'NONE',  ( -0.000000000000000000, 1.000000000000000000, -0.000000000000000000 ) ) ;
#1031 = ORIENTED_EDGE ( 'NONE', *, *, #2988, .F. ) ;
#1032 = ORIENTED_EDGE ( 'NONE', *, *, #2170, .F. ) ;
#1033 = DIRECTION ( 'NONE',  ( 0.000000000000000000, 0.000000000000000000, 1.000000000000000000 ) ) ;
#1034 = EDGE_LOOP ( 'NONE', ( #2258, #6155, #4907, #3580 ) ) ;
#1035 = CARTESIAN_POINT ( 'NONE',  ( -36.36700498121759040, 0.000000000000000000, 36.13586951276006687 ) ) ;
#1036 = ORIENTED_EDGE ( 'NONE', *, *, #4441, .T. ) ;
#1037 = CARTESIAN_POINT ( 'NONE',  ( 24.37500000000000711, 0.000000000000000000, 0.000000000000000000 ) ) ;
#1038 = FACE_OUTER_BOUND ( 'NONE', #891, .T. ) ;
#1039 = EDGE_CURVE ( 'NONE', #3365, #1144, #379, .T. ) ;
#1040 = VERTEX_POINT ( 'NONE', #3548 ) ;
#1041 = EDGE_CURVE ( 'NONE', #3092, #3026, #6099, .T. ) ;
#1042 = ORIENTED_EDGE ( 'NONE', *, *, #4025, .F. ) ;
#1043 = AXIS2_PLACEMENT_3D ( 'NONE', #1193, #4953, #2793 ) ;
#1044 = AXIS2_PLACEMENT_3D ( 'NONE', #6106, #2479, #2857 ) ;
#1045 = CARTESIAN_POINT ( 'NONE',  ( 14.50000000000001243, -15.00000000000000355, 42.59999999999998721 ) ) ;
#1046 = ORIENTED_EDGE ( 'NONE', *, *, #2508, .F. ) ;
#1047 = DIRECTION ( 'NONE',  ( 0.000000000000000000, 1.000000000000000000, 0.000000000000000000 ) ) ;
#1048 = VECTOR ( 'NONE', #842, 1000.000000000000000 ) ;
#1049 = DIRECTION ( 'NONE',  ( -0.000000000000000000, 1.000000000000000000, -0.000000000000000000 ) ) ;
#1050 = DIRECTION ( 'NONE',  ( 0.8660254037844394848, -0.000000000000000000, 0.4999999999999986677 ) ) ;
#1051 = VECTOR ( 'NONE', #6516, 1000.000000000000000 ) ;
#1052 = CYLINDRICAL_SURFACE ( 'NONE', #4052, 0.9999999999999940048 ) ;
#1053 = EDGE_CURVE ( 'NONE', #5521, #6728, #899, .T. ) ;
#1054 = DIRECTION ( 'NONE',  ( -0.000000000000000000, 1.000000000000000000, -0.000000000000000000 ) ) ;
#1055 = DIRECTION ( 'NONE',  ( 0.000000000000000000, 0.000000000000000000, 1.000000000000000000 ) ) ;
#1056 = CARTESIAN_POINT ( 'NONE',  ( -34.50481698196104929, 4.000000000000000000, -15.15987048186413055 ) ) ;
#1057 = CARTESIAN_POINT ( 'NONE',  ( 33.05000000000001137, 0.000000000000000000, 10.54999999999999005 ) ) ;
#1058 = ORIENTED_EDGE ( 'NONE', *, *, #4289, .F. ) ;
#1059 = VERTEX_POINT ( 'NONE', #1422 ) ;
#1060 = ADVANCED_FACE ( 'NONE', ( #4556 ), #6239, .F. ) ;
#1061 = DIRECTION ( 'NONE',  ( 0.000000000000000000, 0.000000000000000000, 1.000000000000000000 ) ) ;
#1062 = AXIS2_PLACEMENT_3D ( 'NONE', #3067, #976, #5126 ) ;
#1063 = CARTESIAN_POINT ( 'NONE',  ( 33.55000000000001137, 4.000000000000000000, 42.59999999999998721 ) ) ;
#1064 = EDGE_CURVE ( 'NONE', #3732, #6396, #2018, .T. ) ;
#1065 = ORIENTED_EDGE ( 'NONE', *, *, #4150, .T. ) ;
#1066 = CYLINDRICAL_SURFACE ( 'NONE', #6468, 0.9999999999996054267 ) ;
#1067 = ORIENTED_EDGE ( 'NONE', *, *, #4077, .F. ) ;
#1068 = VECTOR ( 'NONE', #1201, 1000.000000000000000 ) ;
#1069 = ORIENTED_EDGE ( 'NONE', *, *, #2602, .T. ) ;
#1070 = DIRECTION ( 'NONE',  ( 0.000000000000000000, 0.000000000000000000, 1.000000000000000000 ) ) ;
#1071 = EDGE_CURVE ( 'NONE', #6539, #3474, #4257, .T. ) ;
#1072 = AXIS2_PLACEMENT_3D ( 'NONE', #4921, #2656, #2208 ) ;
#1073 = ORIENTED_EDGE ( 'NONE', *, *, #2275, .F. ) ;
#1074 = CARTESIAN_POINT ( 'NONE',  ( -5.049999999999991829, -15.00000000000000355, 10.54999999999999005 ) ) ;
#1075 = ORIENTED_EDGE ( 'NONE', *, *, #5936, .F. ) ;
#1076 = FACE_OUTER_BOUND ( 'NONE', #2674, .T. ) ;
#1077 = CARTESIAN_POINT ( 'NONE',  ( -36.15909329039983078, -15.00000000000000355, 23.42600831447017740 ) ) ;
#1078 = EDGE_LOOP ( 'NONE', ( #5209, #1379, #3368, #1657 ) ) ;
#1079 = AXIS2_PLACEMENT_3D ( 'NONE', #2137, #2941, #1020 ) ;
#1080 = ORIENTED_EDGE ( 'NONE', *, *, #2375, .T. ) ;
#1081 = VECTOR ( 'NONE', #5186, 1000.000000000000000 ) ;
#1082 = CARTESIAN_POINT ( 'NONE',  ( -18.04999999999999005, 4.000000000000000000, -9.000000000000007105 ) ) ;
#1083 = ORIENTED_EDGE ( 'NONE', *, *, #1090, .F. ) ;
#1084 = FACE_OUTER_BOUND ( 'NONE', #2812, .T. ) ;
#1085 = AXIS2_PLACEMENT_3D ( 'NONE', #5924, #1561, #6439 ) ;
#1086 = DIRECTION ( 'NONE',  ( -0.000000000000000000, 1.000000000000000000, -0.000000000000000000 ) ) ;
#1087 = CARTESIAN_POINT ( 'NONE',  ( -5.049999999999991829, -15.00000000000000355, 43.09999999999998721 ) ) ;
#1088 = DIRECTION ( 'NONE',  ( -0.000000000000000000, 1.000000000000000000, -0.000000000000000000 ) ) ;
#1089 = DIRECTION ( 'NONE',  ( 0.000000000000000000, 0.000000000000000000, 1.000000000000000000 ) ) ;
#1090 = EDGE_CURVE ( 'NONE', #104, #2019, #1806, .T. ) ;
#1091 = PLANE ( 'NONE',  #5806 ) ;
#1092 = APPLICATION_CONTEXT ( 'automotive_design' ) ;
#1093 = CARTESIAN_POINT ( 'NONE',  ( 24.37500000000000711, 4.000000000000000000, -38.31559892324150240 ) ) ;
#1094 = DIRECTION ( 'NONE',  ( -0.000000000000000000, 1.000000000000000000, -0.000000000000000000 ) ) ;
#1095 = CYLINDRICAL_SURFACE ( 'NONE', #6839, 0.5000000000000004441 ) ;
#1096 = EDGE_CURVE ( 'NONE', #2188, #5453, #4146, .T. ) ;
#1097 = EDGE_CURVE ( 'NONE', #5772, #3937, #3480, .T. ) ;
#1098 = ORIENTED_EDGE ( 'NONE', *, *, #681, .F. ) ;
#1099 = EDGE_CURVE ( 'NONE', #4508, #2153, #5708, .T. ) ;
#1100 = LINE ( 'NONE', #2143, #2663 ) ;
#1101 = ORIENTED_EDGE ( 'NONE', *, *, #1733, .T. ) ;
#1102 = DIRECTION ( 'NONE',  ( 0.000000000000000000, 1.000000000000000000, 0.000000000000000000 ) ) ;
#1103 = ORIENTED_EDGE ( 'NONE', *, *, #1728, .T. ) ;
#1104 = AXIS2_PLACEMENT_3D ( 'NONE', #4607, #6215, #389 ) ;
#1105 = EDGE_LOOP ( 'NONE', ( #3154, #2911, #3483, #5883, #1383, #4765, #3533 ) ) ;
#1106 = FACE_OUTER_BOUND ( 'NONE', #5227, .T. ) ;
#1107 = ORIENTED_EDGE ( 'NONE', *, *, #4287, .T. ) ;
#1108 = CARTESIAN_POINT ( 'NONE',  ( -25.08061036275547195, 4.000000000000000000, -35.55685435146111928 ) ) ;
#1109 = ORIENTED_EDGE ( 'NONE', *, *, #4039, .T. ) ;
#1110 = CARTESIAN_POINT ( 'NONE',  ( -23.58299501878243376, 4.000000000000000000, -31.16938420455214498 ) ) ;
#1111 = CARTESIAN_POINT ( 'NONE',  ( -18.04999999999999005, 4.000000000000000000, -8.500000000000007105 ) ) ;
#1112 = ORIENTED_EDGE ( 'NONE', *, *, #1619, .F. ) ;
#1113 = EDGE_CURVE ( 'NONE', #1152, #1586, #3592, .T. ) ;
#1114 = VECTOR ( 'NONE', #1689, 1000.000000000000000 ) ;
#1115 = CIRCLE ( 'NONE', #2327, 0.5000000000000004441 ) ;
#1116 = ORIENTED_EDGE ( 'NONE', *, *, #391, .T. ) ;
#1117 = ADVANCED_FACE ( 'NONE', ( #2537 ), #6687, .F. ) ;
#1118 = LINE ( 'NONE', #592, #6816 ) ;
#1119 = EDGE_LOOP ( 'NONE', ( #816, #1791, #6426, #2113 ) ) ;
#1120 = FACE_OUTER_BOUND ( 'NONE', #6438, .T. ) ;
#1121 = DIRECTION ( 'NONE',  ( -1.000000000000000000, 0.000000000000000000, 0.000000000000000000 ) ) ;
#1122 = LINE ( 'NONE', #5899, #5164 ) ;
#1123 = PLANE ( 'NONE',  #2718 ) ;
#1124 = VECTOR ( 'NONE', #3703, 1000.000000000000000 ) ;
#1125 = CARTESIAN_POINT ( 'NONE',  ( -18.75250000000000838, -15.00000000000000355, -44.72750000000000625 ) ) ;
#1126 = CARTESIAN_POINT ( 'NONE',  ( 1.000000000000011324, 4.000000000000000000, -14.05000000000001315 ) ) ;
#1127 = CARTESIAN_POINT ( 'NONE',  ( 41.37499999999999289, 0.000000000000000000, -54.62500000000000000 ) ) ;
#1128 = DIRECTION ( 'NONE',  ( 0.000000000000000000, 0.000000000000000000, 1.000000000000000000 ) ) ;
#1129 = CARTESIAN_POINT ( 'NONE',  ( -25.44518301803898197, 4.000000000000000000, 6.438346991049340495 ) ) ;
#1130 = CIRCLE ( 'NONE', #4799, 0.5000000000000004441 ) ;
#1131 = VECTOR ( 'NONE', #3133, 1000.000000000000227 ) ;
#1132 = ORIENTED_EDGE ( 'NONE', *, *, #5901, .F. ) ;
#1133 = ADVANCED_FACE ( 'NONE', ( #1914 ), #2470, .F. ) ;
#1134 = CARTESIAN_POINT ( 'NONE',  ( -25.23727132722121880, 0.000000000000000000, 21.10450339080488646 ) ) ;
#1135 = EDGE_CURVE ( 'NONE', #5633, #1628, #3357, .T. ) ;
#1136 = ORIENTED_EDGE ( 'NONE', *, *, #4686, .F. ) ;
#1137 = DIRECTION ( 'NONE',  ( 0.3645726552835139023, 0.000000000000000000, -0.9311749454423310368 ) ) ;
#1138 = EDGE_CURVE ( 'NONE', #4708, #1787, #4595, .T. ) ;
#1139 = ORIENTED_EDGE ( 'NONE', *, *, #1365, .F. ) ;
#1140 = ORIENTED_EDGE ( 'NONE', *, *, #5382, .F. ) ;
#1141 = CYLINDRICAL_SURFACE ( 'NONE', #5403, 0.9999999999999974465 ) ;
#1142 = ORIENTED_EDGE ( 'NONE', *, *, #2750, .F. ) ;
#1143 = FACE_OUTER_BOUND ( 'NONE', #5913, .T. ) ;
#1144 = VERTEX_POINT ( 'NONE', #4108 ) ;
#1145 = EDGE_CURVE ( 'NONE', #2599, #834, #1950, .T. ) ;
#1146 = LINE ( 'NONE', #65, #6767 ) ;
#1147 = DIRECTION ( 'NONE',  ( 1.000000000000000000, 0.000000000000000000, 0.000000000000000000 ) ) ;
#1148 = ORIENTED_EDGE ( 'NONE', *, *, #6294, .F. ) ;
#1149 = ORIENTED_EDGE ( 'NONE', *, *, #1299, .T. ) ;
#1150 = ADVANCED_FACE ( 'NONE', ( #5153 ), #306, .F. ) ;
#1151 = CARTESIAN_POINT ( 'NONE',  ( -5.049999999999991829, 0.000000000000000000, -28.05000000000001137 ) ) ;
#1152 = VERTEX_POINT ( 'NONE', #865 ) ;
#1153 = DIRECTION ( 'NONE',  ( 0.000000000000000000, 0.000000000000000000, 1.000000000000000000 ) ) ;
#1154 = VECTOR ( 'NONE', #3296, 1000.000000000000000 ) ;
#1155 = CARTESIAN_POINT ( 'NONE',  ( -23.58299501878243021, 0.000000000000000000, -3.793366606506726413 ) ) ;
#1156 = AXIS2_PLACEMENT_3D ( 'NONE', #2209, #2373, #2304 ) ;
#1157 = EDGE_CURVE ( 'NONE', #6081, #4075, #2985, .T. ) ;
#1158 = AXIS2_PLACEMENT_3D ( 'NONE', #5374, #4780, #1572 ) ;
#1159 = CARTESIAN_POINT ( 'NONE',  ( 29.37500000000000711, 0.000000000000000000, -36.00619784648299770 ) ) ;
#1160 = AXIS2_PLACEMENT_3D ( 'NONE', #727, #169, #2294 ) ;
#1161 = DIRECTION ( 'NONE',  ( -1.000000000000000000, 0.000000000000000000, 0.000000000000000000 ) ) ;
#1162 = CARTESIAN_POINT ( 'NONE',  ( 19.55000000000001137, 4.000000000000000000, -0.000000000000000000 ) ) ;
#1163 = DIRECTION ( 'NONE',  ( 1.000000000000000000, 0.000000000000000000, 0.000000000000000000 ) ) ;
#1164 = DIRECTION ( 'NONE',  ( 0.000000000000000000, 0.000000000000000000, 1.000000000000000000 ) ) ;
#1165 = ORIENTED_EDGE ( 'NONE', *, *, #4406, .F. ) ;
#1166 = PLANE ( 'NONE',  #3220 ) ;
#1167 = VERTEX_POINT ( 'NONE', #4022 ) ;
#1168 = CARTESIAN_POINT ( 'NONE',  ( 20.05000000000001137, -15.00000000000000355, 10.54999999999999005 ) ) ;
#1169 = ORIENTED_EDGE ( 'NONE', *, *, #3729, .T. ) ;
#1170 = CARTESIAN_POINT ( 'NONE',  ( -37.29817992665991966, 0.000000000000000000, -5.292729539591573662 ) ) ;
#1171 = ORIENTED_EDGE ( 'NONE', *, *, #1365, .T. ) ;
#1172 = CARTESIAN_POINT ( 'NONE',  ( 33.05000000000001137, 4.000000000000000000, -14.05000000000001315 ) ) ;
#1173 = DIRECTION ( 'NONE',  ( 0.000000000000000000, 1.000000000000000000, 0.000000000000000000 ) ) ;
#1174 = DIRECTION ( 'NONE',  ( 0.000000000000000000, 0.000000000000000000, 1.000000000000000000 ) ) ;
#1176 = ADVANCED_FACE ( 'NONE', ( #815 ), #6115, .T. ) ;
#1175 = VECTOR ( 'NONE', #96, 1000.000000000000114 ) ;
#1177 = VERTEX_POINT ( 'NONE', #6748 ) ;
#1178 = EDGE_CURVE ( 'NONE', #3698, #2280, #4998, .T. ) ;
#1179 = ORIENTED_EDGE ( 'NONE', *, *, #5116, .T. ) ;
#1180 = DIRECTION ( 'NONE',  ( 0.000000000000000000, 1.000000000000000000, -0.000000000000000000 ) ) ;
#1181 = ORIENTED_EDGE ( 'NONE', *, *, #5266, .F. ) ;
#1182 = CARTESIAN_POINT ( 'NONE',  ( -23.79090670959995535, -15.00000000000000355, -32.14753180528519749 ) ) ;
#1183 = CARTESIAN_POINT ( 'NONE',  ( 33.55000000000001137, 0.000000000000000000, -27.55000000000001137 ) ) ;
#1184 = LINE ( 'NONE', #1216, #2820 ) ;
#1185 = DIRECTION ( 'NONE',  ( -0.000000000000000000, 1.000000000000000000, -0.000000000000000000 ) ) ;
#1186 = CARTESIAN_POINT ( 'NONE',  ( -33.76267115700605359, 0.000000000000000000, 2.107980548257112119 ) ) ;
#1187 = CIRCLE ( 'NONE', #3406, 0.9999999999999974465 ) ;
#1188 = ADVANCED_FACE ( 'NONE', ( #3006 ), #2489, .F. ) ;
#1189 = CARTESIAN_POINT ( 'NONE',  ( 20.05000000000001137, 0.000000000000000000, 4.999999999999990230 ) ) ;
#1190 = DIRECTION ( 'NONE',  ( 0.000000000000000000, 0.000000000000000000, 1.000000000000000000 ) ) ;
#1191 = DIRECTION ( 'NONE',  ( 0.000000000000000000, 1.000000000000000000, -0.000000000000000000 ) ) ;
#1192 = CARTESIAN_POINT ( 'NONE',  ( 20.05000000000001137, 0.000000000000000000, 10.54999999999999005 ) ) ;
#1193 = CARTESIAN_POINT ( 'NONE',  ( -25.82275618771046766, 0.000000000000000000, 1.927329814508483397 ) ) ;
#1194 = ADVANCED_FACE ( 'NONE', ( #1408 ), #6634, .F. ) ;
#1195 = EDGE_CURVE ( 'NONE', #2668, #3600, #2443, .T. ) ;
#1196 = CARTESIAN_POINT ( 'NONE',  ( 0.000000000000000000, -15.00000000000000355, -9.000000000000007105 ) ) ;
#1197 = VERTEX_POINT ( 'NONE', #6152 ) ;
#1198 = CIRCLE ( 'NONE', #2576, 0.5000000000000004441 ) ;
#1199 = CARTESIAN_POINT ( 'NONE',  ( -34.50481698196103508, 4.000000000000000000, 12.21614711618137683 ) ) ;
#1200 = EDGE_LOOP ( 'NONE', ( #1400, #4493, #2534, #1897 ) ) ;
#1201 = DIRECTION ( 'NONE',  ( -0.000000000000000000, 1.000000000000000000, -0.000000000000000000 ) ) ;
#1202 = ORIENTED_EDGE ( 'NONE', *, *, #579, .T. ) ;
#1203 = LINE ( 'NONE', #683, #4157 ) ;
#1204 = CARTESIAN_POINT ( 'NONE',  ( -5.049999999999991829, 4.000000000000000000, 4.999999999999990230 ) ) ;
#1205 = CARTESIAN_POINT ( 'NONE',  ( -25.23727132722121880, -15.00000000000000355, 21.10450339080488646 ) ) ;
#1206 = ORIENTED_EDGE ( 'NONE', *, *, #5929, .F. ) ;
#1207 = ORIENTED_EDGE ( 'NONE', *, *, #6736, .T. ) ;
#1208 = EDGE_CURVE ( 'NONE', #2734, #5720, #1267, .T. ) ;
#1209 = DIRECTION ( 'NONE',  ( -0.000000000000000000, -1.000000000000000000, -0.000000000000000000 ) ) ;
#1210 = ORIENTED_EDGE ( 'NONE', *, *, #3132, .F. ) ;
#1211 = EDGE_CURVE ( 'NONE', #1787, #2001, #5664, .T. ) ;
#1212 = DIRECTION ( 'NONE',  ( 1.000000000000000000, -0.000000000000000000, 0.000000000000000000 ) ) ;
#1213 = DIRECTION ( 'NONE',  ( 0.000000000000000000, 0.000000000000000000, 1.000000000000000000 ) ) ;
#1214 = ADVANCED_FACE ( 'NONE', ( #2346 ), #362, .F. ) ;
#1215 = VECTOR ( 'NONE', #2981, 1000.000000000000000 ) ;
#1216 = CARTESIAN_POINT ( 'NONE',  ( 33.55000000000001137, 0.000000000000000000, 0.000000000000000000 ) ) ;
#1217 = CARTESIAN_POINT ( 'NONE',  ( 0.000000000000000000, 0.000000000000000000, 0.000000000000000000 ) ) ;
#1218 = EDGE_CURVE ( 'NONE', #4351, #1703, #1970, .T. ) ;
#1219 = AXIS2_PLACEMENT_3D ( 'NONE', #3510, #338, #5568 ) ;
#1220 = DIRECTION ( 'NONE',  ( 0.000000000000000000, 1.000000000000000000, -0.000000000000000000 ) ) ;
#1221 = ORIENTED_EDGE ( 'NONE', *, *, #4293, .F. ) ;
#1222 = ADVANCED_FACE ( 'NONE', ( #1370 ), #4617, .F. ) ;
#1223 = FACE_OUTER_BOUND ( 'NONE', #5813, .T. ) ;
#1224 = CARTESIAN_POINT ( 'NONE',  ( -25.82275618771046410, -15.00000000000000355, 29.30334741255390085 ) ) ;
#1225 = CIRCLE ( 'NONE', #6454, 0.5000000000000004441 ) ;
#1226 = CARTESIAN_POINT ( 'NONE',  ( 0.000000000000000000, 0.000000000000000000, 10.04999999999999005 ) ) ;
#1227 = CARTESIAN_POINT ( 'NONE',  ( 24.87500000000001066, -15.00000000000000355, -37.44957351945705426 ) ) ;
#1228 = CARTESIAN_POINT ( 'NONE',  ( 0.000000000000000000, 4.000000000000000000, 29.09999999999998721 ) ) ;
#1229 = ORIENTED_EDGE ( 'NONE', *, *, #2288, .T. ) ;
#1230 = CIRCLE ( 'NONE', #787, 1.000000000000000888 ) ;
#1231 = CARTESIAN_POINT ( 'NONE',  ( -25.82275618771047121, 0.000000000000000000, -11.76067898451422344 ) ) ;
#1232 = VERTEX_POINT ( 'NONE', #6600 ) ;
#1233 = CIRCLE ( 'NONE', #6476, 0.5000000000000004441 ) ;
#1234 = CARTESIAN_POINT ( 'NONE',  ( 0.5000000000000108802, 0.000000000000000000, 10.54999999999999005 ) ) ;
#1235 = VERTEX_POINT ( 'NONE', #1335 ) ;
#1236 = DIRECTION ( 'NONE',  ( 0.000000000000000000, 0.000000000000000000, 1.000000000000000000 ) ) ;
#1237 = CARTESIAN_POINT ( 'NONE',  ( -26.18732884299398123, -15.00000000000000355, 2.858504759950812879 ) ) ;
#1238 = CARTESIAN_POINT ( 'NONE',  ( 33.55000000000001137, 4.000000000000000000, 10.54999999999999005 ) ) ;
#1239 = CARTESIAN_POINT ( 'NONE',  ( -23.79090670960005127, 4.000000000000000000, 8.916494591781969348 ) ) ;
#1240 = ORIENTED_EDGE ( 'NONE', *, *, #3507, .T. ) ;
#1241 = VECTOR ( 'NONE', #1884, 1000.000000000000000 ) ;
#1242 = EDGE_LOOP ( 'NONE', ( #6657, #922, #882, #4229 ) ) ;
#1243 = LINE ( 'NONE', #4451, #4450 ) ;
#1244 = VERTEX_POINT ( 'NONE', #3499 ) ;
#1245 = EDGE_CURVE ( 'NONE', #1478, #3546, #746, .T. ) ;
#1246 = DIRECTION ( 'NONE',  ( 0.000000000000000000, 1.000000000000000000, 0.000000000000000000 ) ) ;
#1247 = LINE ( 'NONE', #5572, #5537 ) ;
#1248 = VECTOR ( 'NONE', #5678, 1000.000000000000000 ) ;
#1249 = EDGE_CURVE ( 'NONE', #2492, #583, #3987, .T. ) ;
#1250 = LINE ( 'NONE', #205, #4382 ) ;
#1251 = FACE_OUTER_BOUND ( 'NONE', #1428, .T. ) ;
#1252 = ORIENTED_EDGE ( 'NONE', *, *, #6309, .T. ) ;
#1253 = VECTOR ( 'NONE', #2051, 1000.000000000000000 ) ;
#1254 = DIRECTION ( 'NONE',  ( 0.000000000000000000, 0.000000000000000000, 1.000000000000000000 ) ) ;
#1255 = LINE ( 'NONE', #3840, #6703 ) ;
#1256 = FACE_BOUND ( 'NONE', #1105, .T. ) ;
#1257 = CYLINDRICAL_SURFACE ( 'NONE', #2551, 0.5000000000000004441 ) ;
#1258 = DIRECTION ( 'NONE',  ( -0.000000000000000000, 1.000000000000000000, -0.000000000000000000 ) ) ;
#1259 = CIRCLE ( 'NONE', #3824, 2.250000000000001776 ) ;
#1260 = VECTOR ( 'NONE', #5966, 1000.000000000000000 ) ;
#1261 = ORIENTED_EDGE ( 'NONE', *, *, #6669, .T. ) ;
#1262 = VERTEX_POINT ( 'NONE', #291 ) ;
#1263 = DIRECTION ( 'NONE',  ( 0.000000000000000000, 0.000000000000000000, 1.000000000000000000 ) ) ;
#1264 = VECTOR ( 'NONE', #5165, 1000.000000000000000 ) ;
#1265 = ORIENTED_EDGE ( 'NONE', *, *, #952, .T. ) ;
#1266 = VECTOR ( 'NONE', #5503, 1000.000000000000000 ) ;
#1267 = LINE ( 'NONE', #776, #2224 ) ;
#1268 = ORIENTED_EDGE ( 'NONE', *, *, #2515, .F. ) ;
#1269 = EDGE_CURVE ( 'NONE', #1671, #3792, #2413, .T. ) ;
#1270 = DIRECTION ( 'NONE',  ( -0.000000000000000000, 1.000000000000000000, -0.000000000000000000 ) ) ;
#1271 = EDGE_CURVE ( 'NONE', #887, #5330, #850, .T. ) ;
#1272 = DIRECTION ( 'NONE',  ( 0.4999999999999982236, 0.000000000000000000, -0.8660254037844397068 ) ) ;
#1273 = CARTESIAN_POINT ( 'NONE',  ( 24.87500000000001066, 0.000000000000000000, -43.80042648054293863 ) ) ;
#1274 = CARTESIAN_POINT ( 'NONE',  ( 20.05000000000001137, 0.000000000000000000, -27.55000000000001137 ) ) ;
#1275 = ORIENTED_EDGE ( 'NONE', *, *, #600, .T. ) ;
#1276 = EDGE_CURVE ( 'NONE', #6006, #6241, #4579, .T. ) ;
#1277 = EDGE_LOOP ( 'NONE', ( #1543, #2035, #3821, #1268 ) ) ;
#1278 = FACE_OUTER_BOUND ( 'NONE', #3330, .T. ) ;
#1279 = ORIENTED_EDGE ( 'NONE', *, *, #279, .T. ) ;
#1280 = VECTOR ( 'NONE', #6238, 1000.000000000000000 ) ;
#1281 = LINE ( 'NONE', #1876, #2195 ) ;
#1282 = DIRECTION ( 'NONE',  ( 0.000000000000000000, 0.000000000000000000, 1.000000000000000000 ) ) ;
#1283 = DIRECTION ( 'NONE',  ( 0.000000000000000000, 0.000000000000000000, 1.000000000000000000 ) ) ;
#1284 = EDGE_LOOP ( 'NONE', ( #1065, #229, #2975, #6128 ) ) ;
#1285 = DIRECTION ( 'NONE',  ( 0.000000000000000000, -0.000000000000000000, 1.000000000000000000 ) ) ;
#1286 = ORIENTED_EDGE ( 'NONE', *, *, #6636, .F. ) ;
#1287 = CARTESIAN_POINT ( 'NONE',  ( 0.4173416853536726645, 0.000000000000000000, 1.963438258855449314 ) ) ;
#1288 = CARTESIAN_POINT ( 'NONE',  ( -34.12724381228955650, 0.000000000000000000, 30.41517309174485106 ) ) ;
#1289 = DIRECTION ( 'NONE',  ( 0.000000000000000000, 0.000000000000000000, 1.000000000000000000 ) ) ;
#1290 = LINE ( 'NONE', #6626, #3183 ) ;
#1291 = CARTESIAN_POINT ( 'NONE',  ( -34.71272867277880181, 4.000000000000000000, -16.13801808259793447 ) ) ;
#1292 = VECTOR ( 'NONE', #3250, 1000.000000000000114 ) ;
#1293 = VECTOR ( 'NONE', #5117, 1000.000000000000000 ) ;
#1294 = EDGE_CURVE ( 'NONE', #3496, #5849, #956, .T. ) ;
#1295 = EDGE_LOOP ( 'NONE', ( #2317, #4482, #2222, #2340 ) ) ;
#1296 = EDGE_CURVE ( 'NONE', #5955, #4994, #6120, .T. ) ;
#1297 = ORIENTED_EDGE ( 'NONE', *, *, #3893, .F. ) ;
#1298 = PLANE ( 'NONE',  #5358 ) ;
#1299 = EDGE_CURVE ( 'NONE', #6301, #5411, #2629, .T. ) ;
#1300 = ORIENTED_EDGE ( 'NONE', *, *, #6458, .F. ) ;
#1301 = ADVANCED_FACE ( 'NONE', ( #108 ), #4757, .F. ) ;
#1302 = DIRECTION ( 'NONE',  ( 0.000000000000000000, 1.000000000000000000, 0.000000000000000000 ) ) ;
#1303 = ORIENTED_EDGE ( 'NONE', *, *, #2645, .F. ) ;
#1304 = DIRECTION ( 'NONE',  ( 0.000000000000000000, 1.000000000000000000, -0.000000000000000000 ) ) ;
#1305 = VECTOR ( 'NONE', #694, 1000.000000000000000 ) ;
#1306 = VERTEX_POINT ( 'NONE', #6224 ) ;
#1307 = DIRECTION ( 'NONE',  ( 0.000000000000000000, 1.000000000000000000, 0.000000000000000000 ) ) ;
#1308 = DIRECTION ( 'NONE',  ( 0.000000000000000000, 1.000000000000000000, -0.000000000000000000 ) ) ;
#1309 = CARTESIAN_POINT ( 'NONE',  ( -34.71272867277880181, -15.00000000000000355, -2.450009283575228736 ) ) ;
#1310 = ORIENTED_EDGE ( 'NONE', *, *, #5737, .F. ) ;
#1311 = ORIENTED_EDGE ( 'NONE', *, *, #1249, .F. ) ;
#1312 = CARTESIAN_POINT ( 'NONE',  ( 14.00000000000001243, -15.00000000000000355, -9.000000000000007105 ) ) ;
#1313 = CARTESIAN_POINT ( 'NONE',  ( -34.12724381228955650, -15.00000000000000355, 16.72716429272117011 ) ) ;
#1314 = ORIENTED_EDGE ( 'NONE', *, *, #2830, .F. ) ;
#1315 = EDGE_CURVE ( 'NONE', #3057, #723, #4726, .T. ) ;
#1316 = CARTESIAN_POINT ( 'NONE',  ( 33.55000000000001137, 4.000000000000000000, -0.000000000000000000 ) ) ;
#1317 = FACE_OUTER_BOUND ( 'NONE', #5446, .T. ) ;
#1318 = CARTESIAN_POINT ( 'NONE',  ( -5.049999999999991829, 4.000000000000000000, 10.04999999999999005 ) ) ;
#1319 = CIRCLE ( 'NONE', #3432, 0.5000000000000004441 ) ;
#1320 = ORIENTED_EDGE ( 'NONE', *, *, #1356, .T. ) ;
#1321 = LINE ( 'NONE', #6585, #1017 ) ;
#1322 = ORIENTED_EDGE ( 'NONE', *, *, #495, .T. ) ;
#1323 = DIRECTION ( 'NONE',  ( 0.000000000000000000, 0.000000000000000000, 1.000000000000000000 ) ) ;
#1324 = DIRECTION ( 'NONE',  ( 0.000000000000000000, 0.000000000000000000, 1.000000000000000000 ) ) ;
#1325 = DIRECTION ( 'NONE',  ( 0.000000000000000000, 0.000000000000000000, 1.000000000000000000 ) ) ;
#1326 = CARTESIAN_POINT ( 'NONE',  ( 33.05000000000001137, 0.000000000000000000, -28.05000000000001137 ) ) ;
#1327 = CARTESIAN_POINT ( 'NONE',  ( -36.15909329039983788, 4.000000000000000000, 9.737999515448448662 ) ) ;
#1328 = CIRCLE ( 'NONE', #4557, 0.9999999999999974465 ) ;
#1329 = AXIS2_PLACEMENT_3D ( 'NONE', #6710, #1302, #3534 ) ;
#1330 = AXIS2_PLACEMENT_3D ( 'NONE', #2779, #722, #2289 ) ;
#1331 = ORIENTED_EDGE ( 'NONE', *, *, #2095, .F. ) ;
#1332 = EDGE_LOOP ( 'NONE', ( #6225, #6405, #4307, #4759 ) ) ;
#1333 = DIRECTION ( 'NONE',  ( 0.000000000000000000, 1.000000000000000000, 0.000000000000000000 ) ) ;
#1334 = ORIENTED_EDGE ( 'NONE', *, *, #4094, .T. ) ;
#1335 = CARTESIAN_POINT ( 'NONE',  ( -4.549999999999991829, 0.000000000000000000, 10.54999999999999005 ) ) ;
#1336 = ORIENTED_EDGE ( 'NONE', *, *, #2458, .F. ) ;
#1337 = DIRECTION ( 'NONE',  ( 1.000000000000000000, -0.000000000000000000, 0.000000000000000000 ) ) ;
#1338 = VECTOR ( 'NONE', #3752, 1000.000000000000000 ) ;
#1339 = ADVANCED_FACE ( 'NONE', ( #4882 ), #5701, .F. ) ;
#1340 = EDGE_LOOP ( 'NONE', ( #2038, #6264, #5570, #4348, #5295, #2084, #4164, #4417 ) ) ;
#1341 = DIRECTION ( 'NONE',  ( 0.000000000000000000, 1.000000000000000000, 0.000000000000000000 ) ) ;
#1342 = CARTESIAN_POINT ( 'NONE',  ( 33.05000000000001137, -15.00000000000000355, -8.500000000000007105 ) ) ;
#1343 = DIRECTION ( 'NONE',  ( -0.000000000000000000, 1.000000000000000000, -0.000000000000000000 ) ) ;
#1344 = EDGE_LOOP ( 'NONE', ( #2075, #4008, #4627, #2863 ) ) ;
#1345 = CIRCLE ( 'NONE', #5241, 0.5000000000000004441 ) ;
#1346 = ORIENTED_EDGE ( 'NONE', *, *, #200, .T. ) ;
#1347 = VECTOR ( 'NONE', #5787, 1000.000000000000000 ) ;
#1348 = VECTOR ( 'NONE', #5457, 1000.000000000000000 ) ;
#1349 = EDGE_CURVE ( 'NONE', #6857, #920, #5316, .T. ) ;
#1350 = CARTESIAN_POINT ( 'NONE',  ( -4.549999999999991829, 4.000000000000000000, 0.000000000000000000 ) ) ;
#1351 = CARTESIAN_POINT ( 'NONE',  ( -25.82275618771046766, 4.000000000000000000, 1.927329814508483397 ) ) ;
#1352 = VERTEX_POINT ( 'NONE', #2039 ) ;
#1353 = LINE ( 'NONE', #2323, #6084 ) ;
#1354 = DIRECTION ( 'NONE',  ( 0.000000000000000000, 0.000000000000000000, 1.000000000000000000 ) ) ;
#1355 = DIRECTION ( 'NONE',  ( -0.000000000000000000, 1.000000000000000000, -0.000000000000000000 ) ) ;
#1356 = EDGE_CURVE ( 'NONE', #2148, #1232, #3185, .T. ) ;
#1357 = DIRECTION ( 'NONE',  ( 0.000000000000000000, 0.000000000000000000, 1.000000000000000000 ) ) ;
#1358 = CARTESIAN_POINT ( 'NONE',  ( -25.82275618771046766, 4.000000000000000000, 1.927329814508483397 ) ) ;
#1359 = ORIENTED_EDGE ( 'NONE', *, *, #4334, .F. ) ;
#1360 = FACE_OUTER_BOUND ( 'NONE', #5018, .T. ) ;
#1361 = CARTESIAN_POINT ( 'NONE',  ( -18.75250000000000838, 4.000000000000000000, -33.56750000000000256 ) ) ;
#1362 = FACE_BOUND ( 'NONE', #1776, .T. ) ;
#1363 = LINE ( 'NONE', #5477, #6751 ) ;
#1364 = DIRECTION ( 'NONE',  ( 0.000000000000000000, 0.000000000000000000, 1.000000000000000000 ) ) ;
#1365 = EDGE_CURVE ( 'NONE', #2854, #3610, #4166, .T. ) ;
#1366 = ORIENTED_EDGE ( 'NONE', *, *, #3784, .T. ) ;
#1367 = CARTESIAN_POINT ( 'NONE',  ( 1.000000000000011324, 4.000000000000000000, -28.05000000000001137 ) ) ;
#1368 = EDGE_LOOP ( 'NONE', ( #5821, #4197, #4089, #544 ) ) ;
#1369 = AXIS2_PLACEMENT_3D ( 'NONE', #3416, #6038, #3317 ) ;
#1370 = FACE_OUTER_BOUND ( 'NONE', #4974, .T. ) ;
#1371 = EDGE_LOOP ( 'NONE', ( #6055, #5483, #2876, #1496 ) ) ;
#1372 = DIRECTION ( 'NONE',  ( 0.000000000000000000, 0.000000000000000000, 1.000000000000000000 ) ) ;
#1373 = AXIS2_PLACEMENT_3D ( 'NONE', #390, #6777, #1995 ) ;
#1374 = ORIENTED_EDGE ( 'NONE', *, *, #3363, .F. ) ;
#1375 = DIRECTION ( 'NONE',  ( 0.000000000000000000, 1.000000000000000000, -0.000000000000000000 ) ) ;
#1376 = DIRECTION ( 'NONE',  ( 0.000000000000000000, 0.000000000000000000, 1.000000000000000000 ) ) ;
#1377 = CIRCLE ( 'NONE', #1717, 0.5000000000000004441 ) ;
#1378 = CARTESIAN_POINT ( 'NONE',  ( -5.049999999999991829, -15.00000000000000355, -28.05000000000001137 ) ) ;
#1379 = ORIENTED_EDGE ( 'NONE', *, *, #3052, .T. ) ;
#1380 = ORIENTED_EDGE ( 'NONE', *, *, #4325, .F. ) ;
#1381 = CARTESIAN_POINT ( 'NONE',  ( -25.44518301803898197, 0.000000000000000000, 6.438346991049340495 ) ) ;
#1382 = LINE ( 'NONE', #4521, #3114 ) ;
#1383 = ORIENTED_EDGE ( 'NONE', *, *, #877, .F. ) ;
#1384 = EDGE_CURVE ( 'NONE', #429, #3253, #4443, .T. ) ;
#1385 = FACE_OUTER_BOUND ( 'NONE', #348, .T. ) ;
#1386 = CARTESIAN_POINT ( 'NONE',  ( -34.50481698196104219, -15.00000000000000355, 25.90415591520399374 ) ) ;
#1387 = ADVANCED_FACE ( 'NONE', ( #2756 ), #3043, .F. ) ;
#1388 = CARTESIAN_POINT ( 'NONE',  ( 19.55000000000001137, 0.000000000000000000, -14.55000000000001492 ) ) ;
#1389 = CARTESIAN_POINT ( 'NONE',  ( 14.50000000000001243, 4.000000000000000000, 10.54999999999999005 ) ) ;
#1390 = VERTEX_POINT ( 'NONE', #1584 ) ;
#1391 = CARTESIAN_POINT ( 'NONE',  ( 33.05000000000001137, 0.000000000000000000, 29.59999999999998721 ) ) ;
#1392 = ORIENTED_EDGE ( 'NONE', *, *, #3928, .T. ) ;
#1393 = CARTESIAN_POINT ( 'NONE',  ( 28.87500000000000711, 4.000000000000000000, -46.10982755730143623 ) ) ;
#1394 = PLANE ( 'NONE',  #3005 ) ;
#1395 = CARTESIAN_POINT ( 'NONE',  ( -18.04999999999999005, 4.000000000000000000, 4.999999999999990230 ) ) ;
#1396 = FACE_OUTER_BOUND ( 'NONE', #3187, .T. ) ;
#1397 = FACE_OUTER_BOUND ( 'NONE', #742, .T. ) ;
#1398 = AXIS2_PLACEMENT_3D ( 'NONE', #2804, #3880, #3356 ) ;
#1399 = VECTOR ( 'NONE', #317, 1000.000000000000000 ) ;
#1400 = ORIENTED_EDGE ( 'NONE', *, *, #5648, .T. ) ;
#1401 = EDGE_LOOP ( 'NONE', ( #4743, #1694, #708, #3200 ) ) ;
#1402 = DIRECTION ( 'NONE',  ( 0.000000000000000000, 0.000000000000000000, 1.000000000000000000 ) ) ;
#1403 = EDGE_CURVE ( 'NONE', #1152, #37, #5174, .T. ) ;
#1404 = EDGE_LOOP ( 'NONE', ( #5115, #4888 ) ) ;
#1405 = VECTOR ( 'NONE', #4934, 1000.000000000000000 ) ;
#1406 = CIRCLE ( 'NONE', #6408, 2.250000000000001776 ) ;
#1407 = EDGE_CURVE ( 'NONE', #2938, #5494, #3609, .T. ) ;
#1408 = FACE_OUTER_BOUND ( 'NONE', #3233, .T. ) ;
#1409 = ORIENTED_EDGE ( 'NONE', *, *, #1712, .T. ) ;
#1410 = CARTESIAN_POINT ( 'NONE',  ( 1.000000000000011324, 4.000000000000000000, 10.04999999999999005 ) ) ;
#1411 = CIRCLE ( 'NONE', #4755, 0.9999999999996054267 ) ;
#1412 = ORIENTED_EDGE ( 'NONE', *, *, #2543, .F. ) ;
#1413 = LINE ( 'NONE', #3539, #520 ) ;
#1414 = LINE ( 'NONE', #5836, #5325 ) ;
#1415 = CARTESIAN_POINT ( 'NONE',  ( 20.05000000000001137, 4.000000000000000000, 29.59999999999998721 ) ) ;
#1416 = ORIENTED_EDGE ( 'NONE', *, *, #2675, .T. ) ;
#1417 = EDGE_LOOP ( 'NONE', ( #6435, #4178, #6903, #5207 ) ) ;
#1418 = FACE_OUTER_BOUND ( 'NONE', #3015, .T. ) ;
#1419 = FACE_OUTER_BOUND ( 'NONE', #5172, .T. ) ;
#1420 = ORIENTED_EDGE ( 'NONE', *, *, #2257, .F. ) ;
#1421 = CYLINDRICAL_SURFACE ( 'NONE', #4416, 0.9999999999999974465 ) ;
#1422 = CARTESIAN_POINT ( 'NONE',  ( -35.05841875773188576, 0.000000000000000000, 30.05060043646134105 ) ) ;
#1423 = EDGE_LOOP ( 'NONE', ( #5423, #4762, #2552, #1700 ) ) ;
#1424 = DIRECTION ( 'NONE',  ( 0.000000000000000000, 1.000000000000000000, -0.000000000000000000 ) ) ;
#1425 = AXIS2_PLACEMENT_3D ( 'NONE', #1902, #3504, #4028 ) ;
#1426 = EDGE_LOOP ( 'NONE', ( #3913, #1416, #1617, #2414, #483, #4942, #3060, #930 ) ) ;
#1427 = EDGE_CURVE ( 'NONE', #572, #591, #2523, .T. ) ;
#1428 = EDGE_LOOP ( 'NONE', ( #6542, #4203, #2353, #3125 ) ) ;
#1429 = DIRECTION ( 'NONE',  ( -1.270278060211849690E-16, -0.000000000000000000, -1.000000000000000000 ) ) ;
#1430 = ORIENTED_EDGE ( 'NONE', *, *, #3174, .F. ) ;
#1431 = EDGE_CURVE ( 'NONE', #3225, #715, #6263, .T. ) ;
#1432 = DIRECTION ( 'NONE',  ( 0.000000000000000000, 1.000000000000000000, 0.000000000000000000 ) ) ;
#1433 = EDGE_CURVE ( 'NONE', #5352, #431, #4199, .T. ) ;
#1434 = DIRECTION ( 'NONE',  ( -0.9311749454423313699, 0.000000000000000000, -0.3645726552835131251 ) ) ;
#1435 = CARTESIAN_POINT ( 'NONE',  ( -26.18732884299398123, 4.000000000000000000, 2.858504759950812879 ) ) ;
#1436 = PLANE ( 'NONE',  #2874 ) ;
#1437 = CARTESIAN_POINT ( 'NONE',  ( -25.82275618771047121, -15.00000000000000355, -10.76067898451422700 ) ) ;
#1438 = AXIS2_PLACEMENT_3D ( 'NONE', #2440, #2858, #284 ) ;
#1439 = EDGE_CURVE ( 'NONE', #4728, #5566, #5738, .T. ) ;
#1440 = ORIENTED_EDGE ( 'NONE', *, *, #4131, .T. ) ;
#1441 = CARTESIAN_POINT ( 'NONE',  ( -23.79090670960005127, 4.000000000000000000, 22.60450339080565740 ) ) ;
#1442 = CIRCLE ( 'NONE', #5339, 0.5000000000000004441 ) ;
#1443 = EDGE_LOOP ( 'NONE', ( #4656, #628, #1409, #2483, #6709, #6826, #3079 ) ) ;
#1444 = AXIS2_PLACEMENT_3D ( 'NONE', #6363, #2105, #989 ) ;
#1445 = EDGE_LOOP ( 'NONE', ( #6732, #3036, #6743, #3543 ) ) ;
#1446 = DIRECTION ( 'NONE',  ( 0.9311749454423309258, 0.000000000000000000, 0.3645726552835141798 ) ) ;
#1447 = VERTEX_POINT ( 'NONE', #1545 ) ;
#1448 = DIRECTION ( 'NONE',  ( 0.000000000000000000, 0.000000000000000000, 1.000000000000000000 ) ) ;
#1449 = ORIENTED_EDGE ( 'NONE', *, *, #1431, .F. ) ;
#1450 = DIRECTION ( 'NONE',  ( 0.000000000000000000, 0.000000000000000000, 1.000000000000000000 ) ) ;
#1451 = VERTEX_POINT ( 'NONE', #5842 ) ;
#1452 = VERTEX_POINT ( 'NONE', #3148 ) ;
#1453 = AXIS2_PLACEMENT_3D ( 'NONE', #5301, #2028, #6349 ) ;
#1454 = CARTESIAN_POINT ( 'NONE',  ( 14.00000000000001243, 4.000000000000000000, -14.55000000000001492 ) ) ;
#1455 = DIRECTION ( 'NONE',  ( -0.000000000000000000, 1.000000000000000000, -0.000000000000000000 ) ) ;
#1456 = VERTEX_POINT ( 'NONE', #5280 ) ;
#1457 = CARTESIAN_POINT ( 'NONE',  ( 19.55000000000001137, 0.000000000000000000, 10.54999999999999005 ) ) ;
#1458 = DIRECTION ( 'NONE',  ( 0.000000000000000000, 1.000000000000000000, 0.000000000000000000 ) ) ;
#1459 = ORIENTED_EDGE ( 'NONE', *, *, #2034, .F. ) ;
#1460 = DIRECTION ( 'NONE',  ( 0.000000000000000000, 0.000000000000000000, 1.000000000000000000 ) ) ;
#1461 = AXIS2_PLACEMENT_3D ( 'NONE', #1168, #4339, #3983 ) ;
#1462 = VECTOR ( 'NONE', #6175, 1000.000000000000114 ) ;
#1463 = FACE_OUTER_BOUND ( 'NONE', #5859, .T. ) ;
#1464 = EDGE_CURVE ( 'NONE', #884, #4506, #6065, .T. ) ;
#1465 = CARTESIAN_POINT ( 'NONE',  ( -36.15909329039983788, 0.000000000000000000, -17.63801808259696813 ) ) ;
#1466 = VECTOR ( 'NONE', #6552, 1000.000000000000000 ) ;
#1467 = VERTEX_POINT ( 'NONE', #2821 ) ;
#1468 = CARTESIAN_POINT ( 'NONE',  ( -34.71272867277880181, 0.000000000000000000, -16.13801808259793802 ) ) ;
#1469 = LINE ( 'NONE', #422, #893 ) ;
#1470 = LINE ( 'NONE', #6814, #4940 ) ;
#1471 = CARTESIAN_POINT ( 'NONE',  ( 0.000000000000000000, -15.00000000000000355, 43.09999999999998721 ) ) ;
#1472 = PLANE ( 'NONE',  #5839 ) ;
#1473 = VERTEX_POINT ( 'NONE', #3837 ) ;
#1474 = EDGE_CURVE ( 'NONE', #6090, #2001, #2665, .T. ) ;
#1475 = DIRECTION ( 'NONE',  ( 0.000000000000000000, 1.000000000000000000, 0.000000000000000000 ) ) ;
#1476 = AXIS2_PLACEMENT_3D ( 'NONE', #2572, #3623, #1354 ) ;
#1477 = EDGE_LOOP ( 'NONE', ( #3299, #1487, #5213, #3963, #823, #1875, #191, #2664 ) ) ;
#1478 = VERTEX_POINT ( 'NONE', #1810 ) ;
#1479 = CARTESIAN_POINT ( 'NONE',  ( -18.54999999999999005, 0.000000000000000000, 0.000000000000000000 ) ) ;
#1480 = ORIENTED_EDGE ( 'NONE', *, *, #6253, .F. ) ;
#1481 = PLANE ( 'NONE',  #2881 ) ;
#1482 = AXIS2_PLACEMENT_3D ( 'NONE', #3196, #515, #4211 ) ;
#1483 = ORIENTED_EDGE ( 'NONE', *, *, #1208, .F. ) ;
#1484 = FACE_BOUND ( 'NONE', #3701, .T. ) ;
#1485 = VECTOR ( 'NONE', #2447, 1000.000000000000000 ) ;
#1486 = VERTEX_POINT ( 'NONE', #2786 ) ;
#1487 = ORIENTED_EDGE ( 'NONE', *, *, #1860, .T. ) ;
#1488 = EDGE_CURVE ( 'NONE', #4187, #572, #3556, .T. ) ;
#1489 = FACE_OUTER_BOUND ( 'NONE', #5512, .T. ) ;
#1490 = EDGE_CURVE ( 'NONE', #5566, #6792, #1115, .T. ) ;
#1491 = DIRECTION ( 'NONE',  ( 0.000000000000000000, 1.000000000000000000, 0.000000000000000000 ) ) ;
#1492 = ORIENTED_EDGE ( 'NONE', *, *, #707, .F. ) ;
#1493 = CIRCLE ( 'NONE', #5387, 0.9999999999999983347 ) ;
#1494 = LINE ( 'NONE', #5644, #87 ) ;
#1495 = DIRECTION ( 'NONE',  ( 0.000000000000000000, 1.000000000000000000, 0.000000000000000000 ) ) ;
#1496 = ORIENTED_EDGE ( 'NONE', *, *, #1218, .F. ) ;
#1497 = DIRECTION ( 'NONE',  ( -0.000000000000000000, 1.000000000000000000, -0.000000000000000000 ) ) ;
#1498 = VECTOR ( 'NONE', #5718, 1000.000000000000000 ) ;
#1499 = CARTESIAN_POINT ( 'NONE',  ( -5.049999999999991829, 0.000000000000000000, 29.59999999999998721 ) ) ;
#1500 = EDGE_CURVE ( 'NONE', #2983, #4668, #3936, .T. ) ;
#1501 = CARTESIAN_POINT ( 'NONE',  ( 41.37499999999999289, 4.000000000000000000, -54.62500000000000000 ) ) ;
#1502 = ORIENTED_EDGE ( 'NONE', *, *, #6100, .F. ) ;
#1503 = LINE ( 'NONE', #2027, #2179 ) ;
#1504 = DIRECTION ( 'NONE',  ( 0.000000000000000000, 0.000000000000000000, 1.000000000000000000 ) ) ;
#1505 = DIRECTION ( 'NONE',  ( -0.000000000000000000, 1.000000000000000000, -0.000000000000000000 ) ) ;
#1506 = CARTESIAN_POINT ( 'NONE',  ( -25.82275618771045345, 0.000000000000000000, 15.61533861353128394 ) ) ;
#1507 = COLOUR_RGB ( '',0.7921568627450980005, 0.8196078431372548767, 0.9333333333333333481 ) ;
#1508 = DIRECTION ( 'NONE',  ( -0.000000000000000000, 1.000000000000000000, -0.000000000000000000 ) ) ;
#1509 = DIRECTION ( 'NONE',  ( 0.000000000000000000, 0.000000000000000000, 1.000000000000000000 ) ) ;
#1510 = ORIENTED_EDGE ( 'NONE', *, *, #4610, .T. ) ;
#1511 = ORIENTED_EDGE ( 'NONE', *, *, #5867, .T. ) ;
#1512 = EDGE_CURVE ( 'NONE', #2019, #6127, #207, .T. ) ;
#1513 = DIRECTION ( 'NONE',  ( 0.000000000000000000, 0.000000000000000000, 1.000000000000000000 ) ) ;
#1514 = ADVANCED_FACE ( 'NONE', ( #2920 ), #5057, .F. ) ;
#1515 = ORIENTED_EDGE ( 'NONE', *, *, #1926, .T. ) ;
#1516 = LINE ( 'NONE', #958, #5445 ) ;
#1517 = EDGE_CURVE ( 'NONE', #6644, #3804, #5902, .T. ) ;
#1518 = ORIENTED_EDGE ( 'NONE', *, *, #3138, .F. ) ;
#1519 = FACE_BOUND ( 'NONE', #870, .T. ) ;
#1520 = ADVANCED_FACE ( 'NONE', ( #4983 ), #6485, .F. ) ;
#1521 = ORIENTED_EDGE ( 'NONE', *, *, #4748, .F. ) ;
#1522 = ORIENTED_EDGE ( 'NONE', *, *, #5969, .T. ) ;
#1523 = CARTESIAN_POINT ( 'NONE',  ( -37.29817992665991966, 4.000000000000000000, 22.08328805845285814 ) ) ;
#1524 = CIRCLE ( 'NONE', #3522, 0.9999999999999974465 ) ;
#1525 = DIRECTION ( 'NONE',  ( 0.000000000000000000, 0.000000000000000000, 1.000000000000000000 ) ) ;
#1526 = ORIENTED_EDGE ( 'NONE', *, *, #5096, .F. ) ;
#1527 = DIRECTION ( 'NONE',  ( 0.000000000000000000, 0.000000000000000000, 1.000000000000000000 ) ) ;
#1528 = DIRECTION ( 'NONE',  ( 0.000000000000000000, 0.000000000000000000, 1.000000000000000000 ) ) ;
#1529 = VERTEX_POINT ( 'NONE', #1186 ) ;
#1530 = ORIENTED_EDGE ( 'NONE', *, *, #4200, .T. ) ;
#1531 = LINE ( 'NONE', #3238, #1131 ) ;
#1532 = VERTEX_POINT ( 'NONE', #3310 ) ;
#1533 = VECTOR ( 'NONE', #167, 1000.000000000000000 ) ;
#1534 = CIRCLE ( 'NONE', #5425, 0.9999999999999965583 ) ;
#1535 = ADVANCED_FACE ( 'NONE', ( #4915 ), #2365, .F. ) ;
#1536 = DIRECTION ( 'NONE',  ( 0.000000000000000000, 0.000000000000000000, 1.000000000000000000 ) ) ;
#1537 = DIRECTION ( 'NONE',  ( 0.000000000000000000, 0.000000000000000000, 1.000000000000000000 ) ) ;
#1538 = CARTESIAN_POINT ( 'NONE',  ( -25.08061036275546840, 0.000000000000000000, 5.507172045607005018 ) ) ;
#1539 = DIRECTION ( 'NONE',  ( -0.000000000000000000, 1.000000000000000000, -0.000000000000000000 ) ) ;
#1540 = DIRECTION ( 'NONE',  ( 0.000000000000000000, 0.000000000000000000, -1.000000000000000000 ) ) ;
#1541 = DIRECTION ( 'NONE',  ( -1.000000000000000000, 0.000000000000000000, -0.000000000000000000 ) ) ;
#1542 = LINE ( 'NONE', #3813, #1821 ) ;
#1543 = ORIENTED_EDGE ( 'NONE', *, *, #1276, .T. ) ;
#1544 = EDGE_LOOP ( 'NONE', ( #3261, #2142, #5357, #3168 ) ) ;
#1545 = CARTESIAN_POINT ( 'NONE',  ( 20.05000000000001137, 0.000000000000000000, 24.04999999999998650 ) ) ;
#1546 = EDGE_CURVE ( 'NONE', #2921, #438, #1321, .T. ) ;
#1547 = DIRECTION ( 'NONE',  ( 0.000000000000000000, 0.000000000000000000, 1.000000000000000000 ) ) ;
#1548 = CIRCLE ( 'NONE', #1668, 0.5000000000000004441 ) ;
#1549 = VERTEX_POINT ( 'NONE', #3374 ) ;
#1550 = FACE_BOUND ( 'NONE', #4866, .T. ) ;
#1551 = VERTEX_POINT ( 'NONE', #1745 ) ;
#1552 = ORIENTED_EDGE ( 'NONE', *, *, #2867, .T. ) ;
#1553 = VECTOR ( 'NONE', #6856, 1000.000000000000000 ) ;
#1554 = VECTOR ( 'NONE', #397, 1000.000000000000000 ) ;
#1555 = DIRECTION ( 'NONE',  ( 0.000000000000000000, 0.000000000000000000, 1.000000000000000000 ) ) ;
#1556 = EDGE_CURVE ( 'NONE', #648, #6006, #5361, .T. ) ;
#1557 = VERTEX_POINT ( 'NONE', #5019 ) ;
#1558 = DIRECTION ( 'NONE',  ( 0.000000000000000000, 0.000000000000000000, 1.000000000000000000 ) ) ;
#1559 = EDGE_LOOP ( 'NONE', ( #2885, #5714, #3535, #4631 ) ) ;
#1560 = AXIS2_PLACEMENT_3D ( 'NONE', #1351, #5184, #2947 ) ;
#1561 = DIRECTION ( 'NONE',  ( -0.000000000000000000, 1.000000000000000000, -0.000000000000000000 ) ) ;
#1562 = DIRECTION ( 'NONE',  ( -0.000000000000000000, 1.000000000000000000, -0.000000000000000000 ) ) ;
#1563 = VERTEX_POINT ( 'NONE', #2296 ) ;
#1564 = VECTOR ( 'NONE', #6571, 1000.000000000000000 ) ;
#1565 = ORIENTED_EDGE ( 'NONE', *, *, #4560, .F. ) ;
#1566 = CARTESIAN_POINT ( 'NONE',  ( 0.000000000000000000, 0.000000000000000000, 43.09999999999998721 ) ) ;
#1567 = EDGE_LOOP ( 'NONE', ( #5930, #6295, #1722, #222, #6829, #5653, #3848, #1603 ) ) ;
#1568 = CIRCLE ( 'NONE', #2341, 0.5000000000000004441 ) ;
#1569 = CARTESIAN_POINT ( 'NONE',  ( -34.50481698196104219, 4.000000000000000000, 25.90415591520399374 ) ) ;
#1570 = CARTESIAN_POINT ( 'NONE',  ( -18.04999999999999005, 0.000000000000000000, -27.55000000000001137 ) ) ;
#1571 = DIRECTION ( 'NONE',  ( -0.9781476007338215650, 0.000000000000000000, 0.2079116908176844580 ) ) ;
#1572 = DIRECTION ( 'NONE',  ( 1.000000000000000000, 0.000000000000000000, -0.000000000000000000 ) ) ;
#1573 = EDGE_CURVE ( 'NONE', #2194, #6478, #3867, .T. ) ;
#1574 = EDGE_CURVE ( 'NONE', #3161, #5386, #4425, .T. ) ;
#1575 = CIRCLE ( 'NONE', #2344, 0.9999999999999974465 ) ;
#1576 = AXIS2_PLACEMENT_3D ( 'NONE', #4871, #1308, #3430 ) ;
#1577 = CARTESIAN_POINT ( 'NONE',  ( 20.05000000000001137, -15.00000000000000355, -8.500000000000007105 ) ) ;
#1578 = CARTESIAN_POINT ( 'NONE',  ( -18.04999999999999005, 0.000000000000000000, -9.000000000000007105 ) ) ;
#1579 = DIRECTION ( 'NONE',  ( 0.000000000000000000, 0.000000000000000000, 1.000000000000000000 ) ) ;
#1580 = DIRECTION ( 'NONE',  ( 0.000000000000000000, 0.000000000000000000, 1.000000000000000000 ) ) ;
#1581 = ORIENTED_EDGE ( 'NONE', *, *, #1809, .F. ) ;
#1582 = EDGE_CURVE ( 'NONE', #2921, #1486, #1775, .T. ) ;
#1583 = ORIENTED_EDGE ( 'NONE', *, *, #5779, .T. ) ;
#1584 = CARTESIAN_POINT ( 'NONE',  ( -25.08061036275546485, 4.000000000000000000, 5.507172045607007682 ) ) ;
#1585 = LINE ( 'NONE', #5245, #5556 ) ;
#1586 = VERTEX_POINT ( 'NONE', #6031 ) ;
#1587 = DIRECTION ( 'NONE',  ( 0.000000000000000000, 1.000000000000000000, -0.000000000000000000 ) ) ;
#1588 = ORIENTED_EDGE ( 'NONE', *, *, #5395, .T. ) ;
#1589 = ORIENTED_EDGE ( 'NONE', *, *, #2012, .T. ) ;
#1590 = DIRECTION ( 'NONE',  ( 0.000000000000000000, 0.000000000000000000, 1.000000000000000000 ) ) ;
#1591 = ORIENTED_EDGE ( 'NONE', *, *, #366, .F. ) ;
#1592 = AXIS2_PLACEMENT_3D ( 'NONE', #2187, #3686, #584 ) ;
#1593 = CARTESIAN_POINT ( 'NONE',  ( 19.55000000000001137, 4.000000000000000000, -8.500000000000007105 ) ) ;
#1594 = ORIENTED_EDGE ( 'NONE', *, *, #1269, .T. ) ;
#1595 = DIRECTION ( 'NONE',  ( 0.000000000000000000, 0.000000000000000000, 1.000000000000000000 ) ) ;
#1596 = CARTESIAN_POINT ( 'NONE',  ( -5.049999999999991829, 0.000000000000000000, 23.54999999999998650 ) ) ;
#1597 = ORIENTED_EDGE ( 'NONE', *, *, #3688, .F. ) ;
#1598 = ORIENTED_EDGE ( 'NONE', *, *, #44, .F. ) ;
#1599 = AXIS2_PLACEMENT_3D ( 'NONE', #1783, #3909, #4991 ) ;
#1600 = CIRCLE ( 'NONE', #5730, 0.5000000000000004441 ) ;
#1601 = ADVANCED_FACE ( 'NONE', ( #1251 ), #5504, .F. ) ;
#1602 = CARTESIAN_POINT ( 'NONE',  ( 33.37500000000000000, 0.000000000000000000, -38.31559892324149530 ) ) ;
#1603 = ORIENTED_EDGE ( 'NONE', *, *, #1384, .F. ) ;
#1604 = EDGE_CURVE ( 'NONE', #3641, #4206, #4151, .T. ) ;
#1605 = LINE ( 'NONE', #74, #4968 ) ;
#1606 = EDGE_CURVE ( 'NONE', #5384, #1563, #2464, .T. ) ;
#1607 = AXIS2_PLACEMENT_3D ( 'NONE', #3664, #6321, #5764 ) ;
#1608 = CARTESIAN_POINT ( 'NONE',  ( -35.05841875773189287, 4.000000000000000000, 2.674582838415921593 ) ) ;
#1609 = DIRECTION ( 'NONE',  ( 1.000000000000000000, 0.000000000000000000, 0.000000000000000000 ) ) ;
#1610 = AXIS2_PLACEMENT_3D ( 'NONE', #3588, #2020, #1460 ) ;
#1611 = DIRECTION ( 'NONE',  ( -0.000000000000000000, 1.000000000000000000, -0.000000000000000000 ) ) ;
#1612 = CARTESIAN_POINT ( 'NONE',  ( -34.12724381228956361, 4.000000000000000000, 3.039155493699433830 ) ) ;
#1613 = CARTESIAN_POINT ( 'NONE',  ( 0.000000000000000000, -15.00000000000000355, 10.04999999999999005 ) ) ;
#1614 = FACE_OUTER_BOUND ( 'NONE', #4379, .T. ) ;
#1615 = CARTESIAN_POINT ( 'NONE',  ( 14.50000000000001243, 4.000000000000000000, 23.54999999999998650 ) ) ;
#1616 = DIRECTION ( 'NONE',  ( 0.000000000000000000, 0.000000000000000000, 1.000000000000000000 ) ) ;
#1617 = ORIENTED_EDGE ( 'NONE', *, *, #21, .T. ) ;
#1618 = CIRCLE ( 'NONE', #2732, 0.9999999999999940048 ) ;
#1619 = EDGE_CURVE ( 'NONE', #3156, #2944, #571, .T. ) ;
#1620 = CARTESIAN_POINT ( 'NONE',  ( -18.04999999999999005, 0.000000000000000000, -14.05000000000001315 ) ) ;
#1621 = ORIENTED_EDGE ( 'NONE', *, *, #1157, .F. ) ;
#1622 = LINE ( 'NONE', #23, #4691 ) ;
#1623 = ORIENTED_EDGE ( 'NONE', *, *, #6491, .F. ) ;
#1624 = EDGE_CURVE ( 'NONE', #801, #5724, #5191, .T. ) ;
#1625 = ORIENTED_EDGE ( 'NONE', *, *, #1007, .F. ) ;
#1626 = CARTESIAN_POINT ( 'NONE',  ( -25.08061036275546130, 0.000000000000000000, 19.19518084462873375 ) ) ;
#1627 = VECTOR ( 'NONE', #6554, 1000.000000000000000 ) ;
#1628 = VERTEX_POINT ( 'NONE', #1989 ) ;
#1629 = LINE ( 'NONE', #3091, #812 ) ;
#1630 = ORIENTED_EDGE ( 'NONE', *, *, #1433, .F. ) ;
#1631 = DIRECTION ( 'NONE',  ( 0.000000000000000000, 1.000000000000000000, 0.000000000000000000 ) ) ;
#1632 = FACE_OUTER_BOUND ( 'NONE', #175, .T. ) ;
#1633 = ORIENTED_EDGE ( 'NONE', *, *, #4772, .F. ) ;
#1634 = CIRCLE ( 'NONE', #5869, 0.9999999999999974465 ) ;
#1635 = VERTEX_POINT ( 'NONE', #5228 ) ;
#1636 = AXIS2_PLACEMENT_3D ( 'NONE', #4321, #4252, #6446 ) ;
#1637 = FACE_OUTER_BOUND ( 'NONE', #1726, .T. ) ;
#1638 = ORIENTED_EDGE ( 'NONE', *, *, #3234, .T. ) ;
#1639 = CARTESIAN_POINT ( 'NONE',  ( 0.5000000000000108802, 0.000000000000000000, -27.55000000000001137 ) ) ;
#1640 = AXIS2_PLACEMENT_3D ( 'NONE', #898, #5220, #5152 ) ;
#1641 = CARTESIAN_POINT ( 'NONE',  ( 14.50000000000001243, -15.00000000000000355, 0.000000000000000000 ) ) ;
#1642 = LINE ( 'NONE', #5469, #1931 ) ;
#1643 = LINE ( 'NONE', #42, #5732 ) ;
#1644 = ADVANCED_FACE ( 'NONE', ( #312 ), #4564, .F. ) ;
#1645 = EDGE_CURVE ( 'NONE', #1660, #654, #6807, .T. ) ;
#1646 = EDGE_CURVE ( 'NONE', #5078, #2306, #6471, .T. ) ;
#1647 = DIRECTION ( 'NONE',  ( 0.9781476007338072431, 0.000000000000000000, -0.2079116908177515710 ) ) ;
#1648 = FACE_OUTER_BOUND ( 'NONE', #3151, .T. ) ;
#1649 = DIRECTION ( 'NONE',  ( 1.000000000000000000, -0.000000000000000000, 0.000000000000000000 ) ) ;
#1650 = CARTESIAN_POINT ( 'NONE',  ( 29.37500000000000711, 0.000000000000000000, -45.24380215351698808 ) ) ;
#1651 = DIRECTION ( 'NONE',  ( -0.000000000000000000, 1.000000000000000000, -0.000000000000000000 ) ) ;
#1652 = VERTEX_POINT ( 'NONE', #1465 ) ;
#1653 = AXIS2_PLACEMENT_3D ( 'NONE', #3107, #463, #499 ) ;
#1654 = FACE_OUTER_BOUND ( 'NONE', #556, .T. ) ;
#1655 = EDGE_LOOP ( 'NONE', ( #6222, #6869, #2932, #4244, #5031, #1346, #5892 ) ) ;
#1656 = CARTESIAN_POINT ( 'NONE',  ( 33.05000000000001137, -15.00000000000000355, 43.09999999999998721 ) ) ;
#1657 = ORIENTED_EDGE ( 'NONE', *, *, #6353, .F. ) ;
#1658 = VECTOR ( 'NONE', #4990, 1000.000000000000000 ) ;
#1659 = EDGE_CURVE ( 'NONE', #3682, #1893, #2024, .T. ) ;
#1660 = VERTEX_POINT ( 'NONE', #6282 ) ;
#1661 = LINE ( 'NONE', #4309, #1736 ) ;
#1662 = ORIENTED_EDGE ( 'NONE', *, *, #5739, .T. ) ;
#1663 = DIRECTION ( 'NONE',  ( -1.000000000000000000, -0.000000000000000000, -0.000000000000000000 ) ) ;
#1664 = EDGE_LOOP ( 'NONE', ( #6079, #414, #5006, #5037 ) ) ;
#1665 = CARTESIAN_POINT ( 'NONE',  ( -34.50481698196104929, 0.000000000000000000, -28.84787928088683984 ) ) ;
#1666 = CARTESIAN_POINT ( 'NONE',  ( -35.05841875773188576, 4.000000000000000000, 16.36259163743765299 ) ) ;
#1667 = VERTEX_POINT ( 'NONE', #2399 ) ;
#1668 = AXIS2_PLACEMENT_3D ( 'NONE', #4791, #19, #1547 ) ;
#1669 = VECTOR ( 'NONE', #5630, 1000.000000000000000 ) ;
#1670 = EDGE_CURVE ( 'NONE', #2519, #4652, #4042, .T. ) ;
#1671 = VERTEX_POINT ( 'NONE', #1881 ) ;
#1672 = CIRCLE ( 'NONE', #1330, 0.9999999999999965583 ) ;
#1673 = CARTESIAN_POINT ( 'NONE',  ( -23.58299501878236271, -15.00000000000000355, 9.894642192515789247 ) ) ;
#1674 = EDGE_LOOP ( 'NONE', ( #6896, #2861, #3685, #6631 ) ) ;
#1675 = VECTOR ( 'NONE', #1954, 1000.000000000000000 ) ;
#1676 = LINE ( 'NONE', #2261, #5856 ) ;
#1677 = CARTESIAN_POINT ( 'NONE',  ( 34.37500000000000000, 0.000000000000000000, -38.31559892324150240 ) ) ;
#1678 = CARTESIAN_POINT ( 'NONE',  ( -18.04999999999999005, -15.00000000000000355, 4.999999999999990230 ) ) ;
#1679 = VECTOR ( 'NONE', #2615, 1000.000000000000000 ) ;
#1680 = LINE ( 'NONE', #565, #54 ) ;
#1681 = PLANE ( 'NONE',  #3700 ) ;
#1682 = CARTESIAN_POINT ( 'NONE',  ( 33.05000000000001137, 4.000000000000000000, 29.59999999999998721 ) ) ;
#1683 = CARTESIAN_POINT ( 'NONE',  ( -41.37500000000000711, 0.000000000000000000, -54.62500000000000000 ) ) ;
#1684 = CARTESIAN_POINT ( 'NONE',  ( 33.05000000000001137, -15.00000000000000355, 10.54999999999999005 ) ) ;
#1685 = VECTOR ( 'NONE', #5204, 1000.000000000000000 ) ;
#1686 = VECTOR ( 'NONE', #869, 1000.000000000000000 ) ;
#1687 = ORIENTED_EDGE ( 'NONE', *, *, #2974, .F. ) ;
#1688 = EDGE_CURVE ( 'NONE', #855, #1794, #5807, .T. ) ;
#1689 = DIRECTION ( 'NONE',  ( 0.000000000000000000, 0.000000000000000000, -1.000000000000000000 ) ) ;
#1690 = CIRCLE ( 'NONE', #2247, 1.000000000000000888 ) ;
#1691 = ORIENTED_EDGE ( 'NONE', *, *, #2221, .F. ) ;
#1692 = CYLINDRICAL_SURFACE ( 'NONE', #675, 1.000000000000000888 ) ;
#1693 = EDGE_CURVE ( 'NONE', #3732, #1467, #2022, .T. ) ;
#1694 = ORIENTED_EDGE ( 'NONE', *, *, #2159, .T. ) ;
#1695 = CARTESIAN_POINT ( 'NONE',  ( -18.75250000000000838, 4.000000000000000000, -44.72750000000000625 ) ) ;
#1696 = ORIENTED_EDGE ( 'NONE', *, *, #5737, .T. ) ;
#1697 = CARTESIAN_POINT ( 'NONE',  ( -18.54999999999999005, 0.000000000000000000, 29.59999999999998721 ) ) ;
#1698 = CARTESIAN_POINT ( 'NONE',  ( 14.00000000000001243, 4.000000000000000000, -28.05000000000001137 ) ) ;
#1699 = CARTESIAN_POINT ( 'NONE',  ( -4.549999999999991829, 0.000000000000000000, -27.55000000000001137 ) ) ;
#1700 = ORIENTED_EDGE ( 'NONE', *, *, #3784, .F. ) ;
#1701 = VECTOR ( 'NONE', #71, 1000.000000000000000 ) ;
#1702 = EDGE_CURVE ( 'NONE', #3512, #2123, #5723, .T. ) ;
#1703 = VERTEX_POINT ( 'NONE', #5686 ) ;
#1704 = CARTESIAN_POINT ( 'NONE',  ( 41.37499999999999289, 4.000000000000000000, -54.62500000000000000 ) ) ;
#1705 = ORIENTED_EDGE ( 'NONE', *, *, #2033, .T. ) ;
#1706 = CARTESIAN_POINT ( 'NONE',  ( -34.12724381228956361, 0.000000000000000000, -38.02487090336868647 ) ) ;
#1707 = EDGE_CURVE ( 'NONE', #2153, #1859, #3027, .T. ) ;
#1708 = CIRCLE ( 'NONE', #5156, 0.9999999999999983347 ) ;
#1709 = FACE_OUTER_BOUND ( 'NONE', #3760, .T. ) ;
#1710 = DIRECTION ( 'NONE',  ( 1.000000000000000000, 0.000000000000000000, 0.000000000000000000 ) ) ;
#1711 = AXIS2_PLACEMENT_3D ( 'NONE', #3602, #394, #2518 ) ;
#1712 = EDGE_CURVE ( 'NONE', #1836, #5414, #3484, .T. ) ;
#1713 = APPLICATION_CONTEXT ( 'automotive_design' ) ;
#1714 = DIRECTION ( 'NONE',  ( 0.000000000000000000, 0.000000000000000000, 1.000000000000000000 ) ) ;
#1715 = VECTOR ( 'NONE', #6216, 1000.000000000000000 ) ;
#1716 = CARTESIAN_POINT ( 'NONE',  ( 14.00000000000001243, 0.000000000000000000, -14.05000000000001315 ) ) ;
#1717 = AXIS2_PLACEMENT_3D ( 'NONE', #4189, #6844, #4746 ) ;
#1718 = CARTESIAN_POINT ( 'NONE',  ( -4.549999999999991829, -15.00000000000000355, -14.55000000000001492 ) ) ;
#1719 = CARTESIAN_POINT ( 'NONE',  ( -7.566205560747141234, 0.000000000000000000, -35.59619849560770888 ) ) ;
#1720 = DIRECTION ( 'NONE',  ( -1.000000000000000000, 0.000000000000000000, 0.000000000000000000 ) ) ;
#1721 = DIRECTION ( 'NONE',  ( 0.000000000000000000, 0.000000000000000000, 1.000000000000000000 ) ) ;
#1722 = ORIENTED_EDGE ( 'NONE', *, *, #408, .F. ) ;
#1723 = FACE_OUTER_BOUND ( 'NONE', #1559, .T. ) ;
#1724 = ORIENTED_EDGE ( 'NONE', *, *, #5351, .T. ) ;
#1725 = DIRECTION ( 'NONE',  ( 0.000000000000000000, 0.000000000000000000, 1.000000000000000000 ) ) ;
#1726 = EDGE_LOOP ( 'NONE', ( #4172, #5426, #938, #4554 ) ) ;
#1727 = EDGE_CURVE ( 'NONE', #5884, #1005, #4576, .T. ) ;
#1728 = EDGE_CURVE ( 'NONE', #3295, #6531, #4707, .T. ) ;
#1729 = CARTESIAN_POINT ( 'NONE',  ( -26.18732884299398123, 4.000000000000000000, -10.82950403907189596 ) ) ;
#1730 = EDGE_CURVE ( 'NONE', #1969, #1703, #1575, .T. ) ;
#1731 = EDGE_LOOP ( 'NONE', ( #3918, #1786, #2948, #2285 ) ) ;
#1732 = LINE ( 'NONE', #3851, #6837 ) ;
#1733 = EDGE_CURVE ( 'NONE', #313, #3098, #973, .T. ) ;
#1734 = DIRECTION ( 'NONE',  ( 0.000000000000000000, 0.000000000000000000, 1.000000000000000000 ) ) ;
#1735 = DIRECTION ( 'NONE',  ( -1.000000000000000000, 0.000000000000000000, 0.000000000000000000 ) ) ;
#1736 = VECTOR ( 'NONE', #61, 1000.000000000000000 ) ;
#1737 = ORIENTED_EDGE ( 'NONE', *, *, #2928, .T. ) ;
#1738 = ORIENTED_EDGE ( 'NONE', *, *, #3584, .F. ) ;
#1739 = LINE ( 'NONE', #1704, #3791 ) ;
#1740 = ORIENTED_EDGE ( 'NONE', *, *, #6355, .F. ) ;
#1741 = DIRECTION ( 'NONE',  ( 0.000000000000000000, 0.000000000000000000, 1.000000000000000000 ) ) ;
#1742 = LINE ( 'NONE', #5993, #2204 ) ;
#1743 = CARTESIAN_POINT ( 'NONE',  ( 0.000000000000000000, 0.000000000000000000, 4.999999999999990230 ) ) ;
#1744 = VECTOR ( 'NONE', #4192, 1000.000000000000114 ) ;
#1745 = CARTESIAN_POINT ( 'NONE',  ( -4.549999999999991829, 4.000000000000000000, 23.54999999999998650 ) ) ;
#1746 = ORIENTED_EDGE ( 'NONE', *, *, #3564, .T. ) ;
#1747 = VECTOR ( 'NONE', #4179, 1000.000000000000000 ) ;
#1748 = EDGE_CURVE ( 'NONE', #101, #5411, #3243, .T. ) ;
#1749 = CARTESIAN_POINT ( 'NONE',  ( 0.000000000000000000, 0.000000000000000000, -28.05000000000001137 ) ) ;
#1750 = CARTESIAN_POINT ( 'NONE',  ( 19.55000000000001137, 4.000000000000000000, 29.59999999999998721 ) ) ;
#1751 = DIRECTION ( 'NONE',  ( 0.3645726552835139023, 0.000000000000000000, -0.9311749454423310368 ) ) ;
#1752 = CARTESIAN_POINT ( 'NONE',  ( 0.000000000000000000, 0.000000000000000000, -14.05000000000001315 ) ) ;
#1753 = CARTESIAN_POINT ( 'NONE',  ( -36.36700498121759750, -15.00000000000000355, -18.61616568333077026 ) ) ;
#1754 = ORIENTED_EDGE ( 'NONE', *, *, #3025, .F. ) ;
#1755 = LINE ( 'NONE', #3458, #2684 ) ;
#1756 = ORIENTED_EDGE ( 'NONE', *, *, #1427, .F. ) ;
#1757 = EDGE_CURVE ( 'NONE', #5411, #5071, #4706, .T. ) ;
#1758 = DIRECTION ( 'NONE',  ( 0.000000000000000000, 1.000000000000000000, 0.000000000000000000 ) ) ;
#1759 = ORIENTED_EDGE ( 'NONE', *, *, #1760, .T. ) ;
#1760 = EDGE_CURVE ( 'NONE', #2487, #2, #1118, .T. ) ;
#1761 = CARTESIAN_POINT ( 'NONE',  ( 33.05000000000001137, -15.00000000000000355, 29.09999999999998721 ) ) ;
#1762 = CARTESIAN_POINT ( 'NONE',  ( 33.37500000000000000, 4.000000000000000000, -38.31559892324149530 ) ) ;
#1763 = CARTESIAN_POINT ( 'NONE',  ( -33.76267115700603938, 0.000000000000000000, 29.48399814630251470 ) ) ;
#1764 = DIRECTION ( 'NONE',  ( -0.000000000000000000, 1.000000000000000000, -0.000000000000000000 ) ) ;
#1765 = ORIENTED_EDGE ( 'NONE', *, *, #5110, .F. ) ;
#1766 = ORIENTED_EDGE ( 'NONE', *, *, #5495, .F. ) ;
#1767 = CYLINDRICAL_SURFACE ( 'NONE', #1780, 0.9999999999999931166 ) ;
#1768 = ORIENTED_EDGE ( 'NONE', *, *, #6578, .T. ) ;
#1769 = CARTESIAN_POINT ( 'NONE',  ( 41.37500000000000711, 4.000000000000000000, 54.62500000000000000 ) ) ;
#1770 = CARTESIAN_POINT ( 'NONE',  ( -5.049999999999991829, -15.00000000000000355, 42.59999999999998721 ) ) ;
#1771 = CIRCLE ( 'NONE', #4890, 0.5000000000000004441 ) ;
#1772 = LINE ( 'NONE', #866, #5278 ) ;
#1773 = VECTOR ( 'NONE', #469, 1000.000000000000000 ) ;
#1774 = VECTOR ( 'NONE', #477, 1000.000000000000000 ) ;
#1775 = LINE ( 'NONE', #3901, #2900 ) ;
#1776 = EDGE_LOOP ( 'NONE', ( #4828, #860, #4802, #614, #2339, #3388, #611 ) ) ;
#1777 = PLANE ( 'NONE',  #1792 ) ;
#1778 = EDGE_CURVE ( 'NONE', #5743, #4590, #231, .T. ) ;
#1779 = CARTESIAN_POINT ( 'NONE',  ( 14.50000000000001243, 4.000000000000000000, -0.000000000000000000 ) ) ;
#1780 = AXIS2_PLACEMENT_3D ( 'NONE', #6059, #4383, #3997 ) ;
#1781 = LINE ( 'NONE', #5343, #5977 ) ;
#1782 = CARTESIAN_POINT ( 'NONE',  ( 33.05000000000001137, -15.00000000000000355, 10.04999999999999005 ) ) ;
#1783 = CARTESIAN_POINT ( 'NONE',  ( -25.44518301803898552, -15.00000000000000355, -20.93767060699607541 ) ) ;
#1784 = ADVANCED_FACE ( 'NONE', ( #6840 ), #36, .F. ) ;
#1785 = AXIS2_PLACEMENT_3D ( 'NONE', #4710, #5336, #4778 ) ;
#1786 = ORIENTED_EDGE ( 'NONE', *, *, #1688, .T. ) ;
#1787 = VERTEX_POINT ( 'NONE', #3275 ) ;
#1788 = AXIS2_PLACEMENT_3D ( 'NONE', #1415, #4171, #960 ) ;
#1789 = EDGE_CURVE ( 'NONE', #1891, #3156, #1531, .T. ) ;
#1790 = CARTESIAN_POINT ( 'NONE',  ( 14.00000000000001243, 4.000000000000000000, -27.55000000000001137 ) ) ;
#1791 = ORIENTED_EDGE ( 'NONE', *, *, #1707, .T. ) ;
#1792 = AXIS2_PLACEMENT_3D ( 'NONE', #2331, #6067, #1847 ) ;
#1793 = CARTESIAN_POINT ( 'NONE',  ( -34.12724381228956361, 4.000000000000000000, -10.64885330532327323 ) ) ;
#1794 = VERTEX_POINT ( 'NONE', #4217 ) ;
#1795 = CARTESIAN_POINT ( 'NONE',  ( -36.36700498121759750, 4.000000000000000000, -32.30417448235347422 ) ) ;
#1796 = CARTESIAN_POINT ( 'NONE',  ( 33.05000000000001137, 0.000000000000000000, -14.55000000000001492 ) ) ;
#1797 = CARTESIAN_POINT ( 'NONE',  ( -25.82275618771045345, 4.000000000000000000, 15.61533861353128394 ) ) ;
#1798 = DIRECTION ( 'NONE',  ( 0.000000000000000000, 0.000000000000000000, 1.000000000000000000 ) ) ;
#1799 = VERTEX_POINT ( 'NONE', #2715 ) ;
#1800 = CIRCLE ( 'NONE', #337, 0.5000000000000004441 ) ;
#1801 = EDGE_LOOP ( 'NONE', ( #5368, #3982, #472, #5277 ) ) ;
#1802 = LINE ( 'NONE', #627, #8 ) ;
#1803 = ORIENTED_EDGE ( 'NONE', *, *, #2384, .F. ) ;
#1804 = DIRECTION ( 'NONE',  ( 0.000000000000000000, 0.000000000000000000, 1.000000000000000000 ) ) ;
#1805 = CARTESIAN_POINT ( 'NONE',  ( -36.36700498121759750, 4.000000000000000000, -3.928156884308063646 ) ) ;
#1806 = CIRCLE ( 'NONE', #4474, 0.5000000000000004441 ) ;
#1807 = CARTESIAN_POINT ( 'NONE',  ( -25.82275618771046766, -15.00000000000000355, 1.927329814508483397 ) ) ;
#1808 = ADVANCED_FACE ( 'NONE', ( #1637 ), #3658, .F. ) ;
#1809 = EDGE_CURVE ( 'NONE', #616, #1167, #4319, .T. ) ;
#1810 = CARTESIAN_POINT ( 'NONE',  ( -36.15909329039983078, 0.000000000000000000, 37.11401711349386545 ) ) ;
#1811 = ORIENTED_EDGE ( 'NONE', *, *, #681, .T. ) ;
#1812 = ADVANCED_FACE ( 'NONE', ( #5333 ), #1009, .F. ) ;
#1813 = VECTOR ( 'NONE', #4966, 1000.000000000000000 ) ;
#1814 = PLANE ( 'NONE',  #20 ) ;
#1815 = EDGE_CURVE ( 'NONE', #4590, #6705, #3803, .T. ) ;
#1816 = CIRCLE ( 'NONE', #3599, 0.9999999999999974465 ) ;
#1817 = DIRECTION ( 'NONE',  ( -0.000000000000000000, 1.000000000000000000, -0.000000000000000000 ) ) ;
#1818 = CARTESIAN_POINT ( 'NONE',  ( -25.44518301803898908, -15.00000000000000355, -34.62567940601878291 ) ) ;
#1819 = DIRECTION ( 'NONE',  ( -0.000000000000000000, 1.000000000000000000, -0.000000000000000000 ) ) ;
#1820 = DIRECTION ( 'NONE',  ( -0.000000000000000000, 1.000000000000000000, -0.000000000000000000 ) ) ;
#1821 = VECTOR ( 'NONE', #3670, 1000.000000000000000 ) ;
#1822 = CIRCLE ( 'NONE', #3934, 0.5000000000000004441 ) ;
#1823 = ORIENTED_EDGE ( 'NONE', *, *, #876, .T. ) ;
#1824 = ORIENTED_EDGE ( 'NONE', *, *, #4185, .T. ) ;
#1825 = DIRECTION ( 'NONE',  ( 0.000000000000000000, 0.000000000000000000, 1.000000000000000000 ) ) ;
#1826 = ORIENTED_EDGE ( 'NONE', *, *, #4198, .T. ) ;
#1827 = VECTOR ( 'NONE', #2759, 1000.000000000000000 ) ;
#1828 = EDGE_CURVE ( 'NONE', #2123, #6266, #5860, .T. ) ;
#1829 = CARTESIAN_POINT ( 'NONE',  ( -23.79090670959995180, 4.000000000000000000, -4.771514207239781591 ) ) ;
#1830 = ORIENTED_EDGE ( 'NONE', *, *, #3928, .F. ) ;
#1831 = CARTESIAN_POINT ( 'NONE',  ( 0.000000000000000000, 0.000000000000000000, -14.05000000000001315 ) ) ;
#1832 = ORIENTED_EDGE ( 'NONE', *, *, #450, .F. ) ;
#1833 = LINE ( 'NONE', #819, #181 ) ;
#1834 = LINE ( 'NONE', #5003, #4021 ) ;
#1835 = DIRECTION ( 'NONE',  ( -0.000000000000000000, 1.000000000000000000, -0.000000000000000000 ) ) ;
#1836 = VERTEX_POINT ( 'NONE', #3733 ) ;
#1837 = ORIENTED_EDGE ( 'NONE', *, *, #1096, .F. ) ;
#1838 = DIRECTION ( 'NONE',  ( -0.000000000000000000, 1.000000000000000000, -0.000000000000000000 ) ) ;
#1839 = DIRECTION ( 'NONE',  ( -0.000000000000000000, 1.000000000000000000, -0.000000000000000000 ) ) ;
#1840 = ORIENTED_EDGE ( 'NONE', *, *, #3758, .F. ) ;
#1841 = LINE ( 'NONE', #1316, #2851 ) ;
#1842 = CARTESIAN_POINT ( 'NONE',  ( -18.75250000000000838, -15.00000000000000355, -33.56750000000000256 ) ) ;
#1843 = LINE ( 'NONE', #3515, #3495 ) ;
#1844 = ORIENTED_EDGE ( 'NONE', *, *, #3155, .T. ) ;
#1845 = CARTESIAN_POINT ( 'NONE',  ( 14.00000000000001243, 0.000000000000000000, -8.500000000000007105 ) ) ;
#1846 = VERTEX_POINT ( 'NONE', #1151 ) ;
#1847 = DIRECTION ( 'NONE',  ( -0.9311749454423313699, 0.000000000000000000, -0.3645726552835131251 ) ) ;
#1848 = PLANE ( 'NONE',  #6014 ) ;
#1849 = FACE_BOUND ( 'NONE', #117, .T. ) ;
#1850 = DIRECTION ( 'NONE',  ( 0.000000000000000000, 0.000000000000000000, -1.000000000000000000 ) ) ;
#1851 = CARTESIAN_POINT ( 'NONE',  ( -22.65182007334010805, 4.000000000000000000, -17.11680275024592035 ) ) ;
#1852 = EDGE_CURVE ( 'NONE', #1467, #3290, #4186, .T. ) ;
#1853 = EDGE_CURVE ( 'NONE', #2573, #3045, #2578, .T. ) ;
#1854 = VECTOR ( 'NONE', #5476, 999.9999999999998863 ) ;
#1855 = EDGE_CURVE ( 'NONE', #2956, #2487, #5895, .T. ) ;
#1856 = EDGE_LOOP ( 'NONE', ( #6664, #2814, #3394, #6633 ) ) ;
#1857 = VERTEX_POINT ( 'NONE', #1082 ) ;
#1858 = CARTESIAN_POINT ( 'NONE',  ( -36.15909329039983788, -15.00000000000000355, -31.32602688161967208 ) ) ;
#1859 = VERTEX_POINT ( 'NONE', #6345 ) ;
#1860 = EDGE_CURVE ( 'NONE', #2461, #2108, #2164, .T. ) ;
#1861 = DIRECTION ( 'NONE',  ( 0.9781476007338071321, 0.000000000000000000, -0.2079116908177521539 ) ) ;
#1862 = ORIENTED_EDGE ( 'NONE', *, *, #2929, .T. ) ;
#1863 = FACE_OUTER_BOUND ( 'NONE', #3755, .T. ) ;
#1864 = VECTOR ( 'NONE', #4000, 1000.000000000000114 ) ;
#1865 = AXIS2_PLACEMENT_3D ( 'NONE', #1111, #66, #4214 ) ;
#1866 = EDGE_LOOP ( 'NONE', ( #5893, #2563, #5390, #5979 ) ) ;
#1867 = CARTESIAN_POINT ( 'NONE',  ( 33.05000000000001137, 0.000000000000000000, 43.09999999999998721 ) ) ;
#1868 = CARTESIAN_POINT ( 'NONE',  ( -4.549999999999991829, 4.000000000000000000, -27.55000000000001137 ) ) ;
#1869 = DIRECTION ( 'NONE',  ( 1.000000000000000000, 0.000000000000000000, 0.000000000000000000 ) ) ;
#1870 = EDGE_CURVE ( 'NONE', #5777, #680, #3202, .T. ) ;
#1871 = ORIENTED_EDGE ( 'NONE', *, *, #625, .T. ) ;
#1872 = ORIENTED_EDGE ( 'NONE', *, *, #2318, .T. ) ;
#1873 = CYLINDRICAL_SURFACE ( 'NONE', #2107, 0.5000000000000004441 ) ;
#1874 = LINE ( 'NONE', #4592, #6564 ) ;
#1875 = ORIENTED_EDGE ( 'NONE', *, *, #2928, .F. ) ;
#1876 = CARTESIAN_POINT ( 'NONE',  ( -37.29817992665991966, -15.00000000000000355, -5.292729539591573662 ) ) ;
#1877 = DIRECTION ( 'NONE',  ( 0.000000000000000000, 1.000000000000000000, 0.000000000000000000 ) ) ;
#1878 = LINE ( 'NONE', #6583, #6501 ) ;
#1879 = ADVANCED_FACE ( 'NONE', ( #4810 ), #5499, .F. ) ;
#1880 = CARTESIAN_POINT ( 'NONE',  ( -22.65182007334010450, 4.000000000000000000, -3.428793951223214176 ) ) ;
#1881 = CARTESIAN_POINT ( 'NONE',  ( -25.82275618771047121, 0.000000000000000000, -24.44868778353693628 ) ) ;
#1882 = ORIENTED_EDGE ( 'NONE', *, *, #2363, .T. ) ;
#1883 = CARTESIAN_POINT ( 'NONE',  ( -36.36700498121759040, -15.00000000000000355, 22.44786071373636815 ) ) ;
#1884 = DIRECTION ( 'NONE',  ( -0.000000000000000000, 1.000000000000000000, -0.000000000000000000 ) ) ;
#1885 = CARTESIAN_POINT ( 'NONE',  ( 0.000000000000000000, 4.000000000000000000, 0.000000000000000000 ) ) ;
#1886 = CARTESIAN_POINT ( 'NONE',  ( 29.37500000000000711, 4.000000000000000000, -36.00619784648299770 ) ) ;
#1887 = DIRECTION ( 'NONE',  ( -0.000000000000000000, 1.000000000000000000, -0.000000000000000000 ) ) ;
#1888 = AXIS2_PLACEMENT_3D ( 'NONE', #5317, #6265, #4727 ) ;
#1889 = VECTOR ( 'NONE', #5102, 1000.000000000000000 ) ;
#1890 = VECTOR ( 'NONE', #1839, 1000.000000000000000 ) ;
#1891 = VERTEX_POINT ( 'NONE', #3401 ) ;
#1892 = CARTESIAN_POINT ( 'NONE',  ( -37.29817992665991966, -15.00000000000000355, 8.395279259431131180 ) ) ;
#1893 = VERTEX_POINT ( 'NONE', #2356 ) ;
#1894 = ADVANCED_FACE ( 'NONE', ( #1278 ), #656, .F. ) ;
#1895 = DIRECTION ( 'NONE',  ( 0.000000000000000000, 0.000000000000000000, -1.000000000000000000 ) ) ;
#1896 = EDGE_CURVE ( 'NONE', #2123, #217, #1739, .T. ) ;
#1897 = ORIENTED_EDGE ( 'NONE', *, *, #4494, .F. ) ;
#1898 = FACE_OUTER_BOUND ( 'NONE', #1242, .T. ) ;
#1899 = CIRCLE ( 'NONE', #120, 0.5000000000000004441 ) ;
#1900 = ORIENTED_EDGE ( 'NONE', *, *, #5196, .F. ) ;
#1901 = LINE ( 'NONE', #12, #1744 ) ;
#1902 = CARTESIAN_POINT ( 'NONE',  ( 33.05000000000001137, 4.000000000000000000, 23.54999999999998650 ) ) ;
#1903 = CARTESIAN_POINT ( 'NONE',  ( 33.05000000000001137, -15.00000000000000355, -9.000000000000007105 ) ) ;
#1904 = ORIENTED_EDGE ( 'NONE', *, *, #3731, .T. ) ;
#1905 = VECTOR ( 'NONE', #5582, 1000.000000000000000 ) ;
#1906 = ORIENTED_EDGE ( 'NONE', *, *, #6100, .T. ) ;
#1907 = AXIS2_PLACEMENT_3D ( 'NONE', #5652, #2990, #905 ) ;
#1908 = AXIS2_PLACEMENT_3D ( 'NONE', #985, #3540, #2588 ) ;
#1909 = LINE ( 'NONE', #3435, #6802 ) ;
#1910 = DIRECTION ( 'NONE',  ( -0.000000000000000000, 1.000000000000000000, -0.000000000000000000 ) ) ;
#1911 = ORIENTED_EDGE ( 'NONE', *, *, #2553, .T. ) ;
#1912 = CIRCLE ( 'NONE', #564, 2.250000000000001776 ) ;
#1913 = CARTESIAN_POINT ( 'NONE',  ( -18.04999999999999005, 4.000000000000000000, -14.55000000000001492 ) ) ;
#1914 = FACE_OUTER_BOUND ( 'NONE', #1344, .T. ) ;
#1915 = DIRECTION ( 'NONE',  ( 0.9311749454423310368, 0.000000000000000000, 0.3645726552835139023 ) ) ;
#1916 = EDGE_LOOP ( 'NONE', ( #5505, #2161, #5419, #6719, #3672, #1221, #5845, #5886 ) ) ;
#1917 = ORIENTED_EDGE ( 'NONE', *, *, #4438, .T. ) ;
#1918 = DIRECTION ( 'NONE',  ( 0.000000000000000000, -0.000000000000000000, 1.000000000000000000 ) ) ;
#1919 = ORIENTED_EDGE ( 'NONE', *, *, #5364, .F. ) ;
#1920 = EDGE_CURVE ( 'NONE', #3856, #4999, #1243, .T. ) ;
#1921 = DIRECTION ( 'NONE',  ( -0.000000000000000000, 1.000000000000000000, -0.000000000000000000 ) ) ;
#1922 = CARTESIAN_POINT ( 'NONE',  ( -36.36700498121759750, 4.000000000000000000, -32.30417448235347422 ) ) ;
#1923 = FACE_BOUND ( 'NONE', #2958, .T. ) ;
#1924 = CARTESIAN_POINT ( 'NONE',  ( 14.50000000000001243, 0.000000000000000000, -14.55000000000001492 ) ) ;
#1925 = FACE_OUTER_BOUND ( 'NONE', #1731, .T. ) ;
#1926 = EDGE_CURVE ( 'NONE', #5991, #6360, #6126, .T. ) ;
#1927 = EDGE_LOOP ( 'NONE', ( #1412, #5717, #1252, #478 ) ) ;
#1928 = VERTEX_POINT ( 'NONE', #201 ) ;
#1929 = DIRECTION ( 'NONE',  ( -0.000000000000000000, 1.000000000000000000, -0.000000000000000000 ) ) ;
#1930 = EDGE_LOOP ( 'NONE', ( #4440, #2006, #1581, #1380 ) ) ;
#1931 = VECTOR ( 'NONE', #3206, 1000.000000000000000 ) ;
#1932 = CARTESIAN_POINT ( 'NONE',  ( -18.04999999999999005, -15.00000000000000355, 24.04999999999998650 ) ) ;
#1933 = ORIENTED_EDGE ( 'NONE', *, *, #4686, .T. ) ;
#1934 = DIRECTION ( 'NONE',  ( 1.000000000000000000, 0.000000000000000000, -1.270278060211849936E-16 ) ) ;
#1935 = AXIS2_PLACEMENT_3D ( 'NONE', #3071, #5622, #1364 ) ;
#1936 = ORIENTED_EDGE ( 'NONE', *, *, #1748, .T. ) ;
#1937 = CARTESIAN_POINT ( 'NONE',  ( -5.049999999999991829, 0.000000000000000000, 42.59999999999998721 ) ) ;
#1938 = DIRECTION ( 'NONE',  ( 0.000000000000000000, 0.000000000000000000, 1.000000000000000000 ) ) ;
#1939 = VECTOR ( 'NONE', #448, 1000.000000000000000 ) ;
#1940 = DIRECTION ( 'NONE',  ( 0.000000000000000000, 0.000000000000000000, 1.000000000000000000 ) ) ;
#1941 = ORIENTED_EDGE ( 'NONE', *, *, #1138, .T. ) ;
#1942 = EDGE_CURVE ( 'NONE', #288, #2217, #5990, .T. ) ;
#1943 = EDGE_CURVE ( 'NONE', #4687, #163, #2259, .T. ) ;
#1944 = ORIENTED_EDGE ( 'NONE', *, *, #706, .T. ) ;
#1945 = CARTESIAN_POINT ( 'NONE',  ( -25.82275618771046410, 4.000000000000000000, 29.30334741255390085 ) ) ;
#1946 = EDGE_CURVE ( 'NONE', #1390, #6313, #1802, .T. ) ;
#1947 = PLANE ( 'NONE',  #6010 ) ;
#1948 = ORIENTED_EDGE ( 'NONE', *, *, #73, .F. ) ;
#1949 = CARTESIAN_POINT ( 'NONE',  ( -26.18732884299398123, 4.000000000000000000, -24.51751283809460702 ) ) ;
#1950 = LINE ( 'NONE', #446, #248 ) ;
#1951 = ORIENTED_EDGE ( 'NONE', *, *, #915, .T. ) ;
#1952 = CARTESIAN_POINT ( 'NONE',  ( -35.05841875773189287, 0.000000000000000000, -11.01342596060678503 ) ) ;
#1953 = EDGE_CURVE ( 'NONE', #524, #6209, #2321, .T. ) ;
#1954 = DIRECTION ( 'NONE',  ( -0.000000000000000000, 1.000000000000000000, -0.000000000000000000 ) ) ;
#1955 = CIRCLE ( 'NONE', #5871, 0.5000000000000004441 ) ;
#1956 = EDGE_LOOP ( 'NONE', ( #3447, #266, #1518, #3239 ) ) ;
#1957 = CARTESIAN_POINT ( 'NONE',  ( -25.44518301803897842, 4.000000000000000000, 33.81436458909475817 ) ) ;
#1958 = EDGE_LOOP ( 'NONE', ( #6821, #396, #550, #4081 ) ) ;
#1959 = DIRECTION ( 'NONE',  ( 0.9781476007338072431, 0.000000000000000000, -0.2079116908177515433 ) ) ;
#1960 = FACE_BOUND ( 'NONE', #6461, .T. ) ;
#1961 = LINE ( 'NONE', #4086, #4665 ) ;
#1962 = DIRECTION ( 'NONE',  ( 0.000000000000000000, 0.000000000000000000, 1.000000000000000000 ) ) ;
#1963 = AXIS2_PLACEMENT_3D ( 'NONE', #6011, #1758, #679 ) ;
#1964 = AXIS2_PLACEMENT_3D ( 'NONE', #1192, #5875, #3285 ) ;
#1965 = ORIENTED_EDGE ( 'NONE', *, *, #1604, .T. ) ;
#1966 = DIRECTION ( 'NONE',  ( -0.000000000000000000, 1.000000000000000000, -0.000000000000000000 ) ) ;
#1967 = VERTEX_POINT ( 'NONE', #4485 ) ;
#1968 = VECTOR ( 'NONE', #3348, 1000.000000000000000 ) ;
#1969 = VERTEX_POINT ( 'NONE', #5428 ) ;
#1970 = LINE ( 'NONE', #2903, #6348 ) ;
#1971 = ORIENTED_EDGE ( 'NONE', *, *, #1606, .F. ) ;
#1972 = CARTESIAN_POINT ( 'NONE',  ( -34.86938963724455220, 0.000000000000000000, 13.14732206162371320 ) ) ;
#1973 = CIRCLE ( 'NONE', #6091, 0.5000000000000004441 ) ;
#1974 = VERTEX_POINT ( 'NONE', #3333 ) ;
#1975 = PLANE ( 'NONE',  #4354 ) ;
#1976 = ORIENTED_EDGE ( 'NONE', *, *, #3476, .T. ) ;
#1977 = EDGE_CURVE ( 'NONE', #5283, #613, #164, .T. ) ;
#1978 = EDGE_CURVE ( 'NONE', #24, #2639, #5962, .T. ) ;
#1979 = ORIENTED_EDGE ( 'NONE', *, *, #832, .F. ) ;
#1980 = CARTESIAN_POINT ( 'NONE',  ( 29.87500000000001421, 0.000000000000000000, -35.14017244269856377 ) ) ;
#1981 = DIRECTION ( 'NONE',  ( 1.000000000000000000, 0.000000000000000000, -0.000000000000000000 ) ) ;
#1982 = ORIENTED_EDGE ( 'NONE', *, *, #2953, .T. ) ;
#1983 = LINE ( 'NONE', #5258, #1293 ) ;
#1984 = DIRECTION ( 'NONE',  ( -0.000000000000000000, 1.000000000000000000, -0.000000000000000000 ) ) ;
#1985 = ORIENTED_EDGE ( 'NONE', *, *, #622, .F. ) ;
#1986 = LINE ( 'NONE', #3024, #1498 ) ;
#1987 = VECTOR ( 'NONE', #6193, 1000.000000000000000 ) ;
#1988 = ORIENTED_EDGE ( 'NONE', *, *, #4541, .T. ) ;
#1989 = CARTESIAN_POINT ( 'NONE',  ( -36.15909329039983078, 0.000000000000000000, 23.42600831447017740 ) ) ;
#1990 = EDGE_LOOP ( 'NONE', ( #935, #6261, #5670, #3816, #2305, #4023, #1588, #4162 ) ) ;
#1991 = CARTESIAN_POINT ( 'NONE',  ( -5.049999999999991829, 4.000000000000000000, -14.55000000000001492 ) ) ;
#1992 = DIRECTION ( 'NONE',  ( -1.000000000000000000, 0.000000000000000000, 1.270278060211849936E-16 ) ) ;
#1993 = LINE ( 'NONE', #4155, #5613 ) ;
#1994 = CARTESIAN_POINT ( 'NONE',  ( -18.04999999999999005, 4.000000000000000000, 10.54999999999999005 ) ) ;
#1995 = DIRECTION ( 'NONE',  ( 0.000000000000000000, 0.000000000000000000, 1.000000000000000000 ) ) ;
#1996 = AXIS2_PLACEMENT_3D ( 'NONE', #1227, #2827, #5094 ) ;
#1997 = ORIENTED_EDGE ( 'NONE', *, *, #4256, .F. ) ;
#1998 = DIRECTION ( 'NONE',  ( -0.3645726552835140688, 0.000000000000000000, 0.9311749454423309258 ) ) ;
#1999 = EDGE_CURVE ( 'NONE', #6209, #2938, #5683, .T. ) ;
#2000 = VECTOR ( 'NONE', #5149, 1000.000000000000000 ) ;
#2001 = VERTEX_POINT ( 'NONE', #233 ) ;
#2002 = VECTOR ( 'NONE', #1861, 1000.000000000000000 ) ;
#2003 = ADVANCED_FACE ( 'NONE', ( #4941 ), #4906, .F. ) ;
#2004 = ORIENTED_EDGE ( 'NONE', *, *, #2934, .F. ) ;
#2005 = CARTESIAN_POINT ( 'NONE',  ( 14.50000000000001243, 0.000000000000000000, 0.000000000000000000 ) ) ;
#2006 = ORIENTED_EDGE ( 'NONE', *, *, #475, .T. ) ;
#2007 = AXIS2_PLACEMENT_3D ( 'NONE', #1454, #3017, #6721 ) ;
#2008 = CARTESIAN_POINT ( 'NONE',  ( -37.29817992665991966, -15.00000000000000355, -32.66874713763699134 ) ) ;
#2009 = ORIENTED_EDGE ( 'NONE', *, *, #1778, .F. ) ;
#2010 = FACE_BOUND ( 'NONE', #3828, .T. ) ;
#2011 = EDGE_LOOP ( 'NONE', ( #3408, #5847, #119, #340 ) ) ;
#2012 = EDGE_CURVE ( 'NONE', #1005, #97, #1672, .T. ) ;
#2013 = EDGE_LOOP ( 'NONE', ( #5949, #4079, #126, #3498, #2522, #1515, #3113 ) ) ;
#2014 = CARTESIAN_POINT ( 'NONE',  ( -4.549999999999991829, 0.000000000000000000, 4.499999999999990230 ) ) ;
#2015 = DIRECTION ( 'NONE',  ( -0.000000000000000000, 1.000000000000000000, -0.000000000000000000 ) ) ;
#2016 = ORIENTED_EDGE ( 'NONE', *, *, #2620, .T. ) ;
#2017 = CARTESIAN_POINT ( 'NONE',  ( 14.00000000000001243, 4.000000000000000000, 43.09999999999998721 ) ) ;
#2018 = LINE ( 'NONE', #4633, #4818 ) ;
#2019 = VERTEX_POINT ( 'NONE', #6021 ) ;
#2020 = DIRECTION ( 'NONE',  ( -1.000000000000000000, 0.000000000000000000, 0.000000000000000000 ) ) ;
#2021 = VECTOR ( 'NONE', #5698, 1000.000000000000000 ) ;
#2022 = CIRCLE ( 'NONE', #127, 1.000000000000009548 ) ;
#2023 = DIRECTION ( 'NONE',  ( 0.000000000000000000, 1.000000000000000000, 0.000000000000000000 ) ) ;
#2024 = LINE ( 'NONE', #349, #4692 ) ;
#2025 = VECTOR ( 'NONE', #5618, 1000.000000000000000 ) ;
#2026 = EDGE_LOOP ( 'NONE', ( #5033, #4426, #4407, #5858 ) ) ;
#2027 = CARTESIAN_POINT ( 'NONE',  ( -43.43117510761985756, 0.000000000000000000, -17.00412893255710500 ) ) ;
#2028 = DIRECTION ( 'NONE',  ( 0.000000000000000000, 1.000000000000000000, 0.000000000000000000 ) ) ;
#2029 = DIRECTION ( 'NONE',  ( -0.000000000000000000, 1.000000000000000000, -0.000000000000000000 ) ) ;
#2030 = CYLINDRICAL_SURFACE ( 'NONE', #1935, 1.000000000000000888 ) ;
#2031 = ADVANCED_FACE ( 'NONE', ( #3926 ), #4419, .F. ) ;
#2032 = ADVANCED_FACE ( 'NONE', ( #6543 ), #1767, .F. ) ;
#2033 = EDGE_CURVE ( 'NONE', #1059, #6531, #5046, .T. ) ;
#2034 = EDGE_CURVE ( 'NONE', #5182, #6221, #5713, .T. ) ;
#2035 = ORIENTED_EDGE ( 'NONE', *, *, #3697, .T. ) ;
#2036 = CARTESIAN_POINT ( 'NONE',  ( -25.23727132722122590, -15.00000000000000355, 34.79251218982857097 ) ) ;
#2037 = EDGE_LOOP ( 'NONE', ( #4724, #5800, #4634, #4865 ) ) ;
#2038 = ORIENTED_EDGE ( 'NONE', *, *, #4160, .F. ) ;
#2039 = CARTESIAN_POINT ( 'NONE',  ( 20.05000000000001137, 0.000000000000000000, -14.05000000000001315 ) ) ;
#2040 = EDGE_LOOP ( 'NONE', ( #4997, #5944, #26, #6395 ) ) ;
#2041 = PLANE ( 'NONE',  #1888 ) ;
#2042 = CIRCLE ( 'NONE', #4266, 0.5000000000000004441 ) ;
#2043 = VERTEX_POINT ( 'NONE', #2467 ) ;
#2044 = CARTESIAN_POINT ( 'NONE',  ( 0.000000000000000000, 0.000000000000000000, 0.000000000000000000 ) ) ;
#2045 = CIRCLE ( 'NONE', #4158, 0.5000000000000004441 ) ;
#2046 = ORIENTED_EDGE ( 'NONE', *, *, #6135, .F. ) ;
#2047 = VERTEX_POINT ( 'NONE', #6130 ) ;
#2048 = LINE ( 'NONE', #4142, #4448 ) ;
#2049 = EDGE_CURVE ( 'NONE', #4435, #1969, #2226, .T. ) ;
#2050 = VECTOR ( 'NONE', #529, 1000.000000000000000 ) ;
#2051 = DIRECTION ( 'NONE',  ( -0.000000000000000000, 1.000000000000000000, -0.000000000000000000 ) ) ;
#2052 = ORIENTED_EDGE ( 'NONE', *, *, #6428, .F. ) ;
#2053 = VECTOR ( 'NONE', #4558, 1000.000000000000000 ) ;
#2054 = DIRECTION ( 'NONE',  ( -0.2079116908176846246, 0.000000000000000000, -0.9781476007338215650 ) ) ;
#2055 = DIRECTION ( 'NONE',  ( 1.000000000000000000, 0.000000000000000000, -0.000000000000000000 ) ) ;
#2056 = ORIENTED_EDGE ( 'NONE', *, *, #5171, .F. ) ;
#2057 = ORIENTED_EDGE ( 'NONE', *, *, #6629, .T. ) ;
#2058 = CARTESIAN_POINT ( 'NONE',  ( -41.37500000000000711, 4.000000000000000000, -54.62500000000000000 ) ) ;
#2059 = EDGE_LOOP ( 'NONE', ( #2215, #2699, #6032, #5896, #151, #4399, #443, #4251 ) ) ;
#2060 = CARTESIAN_POINT ( 'NONE',  ( 0.000000000000000000, 0.000000000000000000, -9.000000000000007105 ) ) ;
#2061 = DIRECTION ( 'NONE',  ( 0.000000000000000000, 0.000000000000000000, 1.000000000000000000 ) ) ;
#2062 = CARTESIAN_POINT ( 'NONE',  ( 4.090511152350386759, 0.000000000000000000, -10.44779811080189091 ) ) ;
#2063 = LINE ( 'NONE', #2688, #3723 ) ;
#2064 = EDGE_CURVE ( 'NONE', #6301, #4075, #3332, .T. ) ;
#2065 = CIRCLE ( 'NONE', #5296, 0.5000000000000004441 ) ;
#2066 = FACE_OUTER_BOUND ( 'NONE', #6601, .T. ) ;
#2067 = CARTESIAN_POINT ( 'NONE',  ( -34.12724381228955650, 0.000000000000000000, 16.72716429272117011 ) ) ;
#2068 = CARTESIAN_POINT ( 'NONE',  ( 14.00000000000001243, 4.000000000000000000, 4.999999999999990230 ) ) ;
#2069 = CARTESIAN_POINT ( 'NONE',  ( 14.00000000000001243, 0.000000000000000000, -27.55000000000001137 ) ) ;
#2070 = ORIENTED_EDGE ( 'NONE', *, *, #5364, .T. ) ;
#2071 = ADVANCED_FACE ( 'NONE', ( #1419 ), #5606, .F. ) ;
#2072 = VERTEX_POINT ( 'NONE', #793 ) ;
#2073 = DIRECTION ( 'NONE',  ( 0.000000000000000000, -0.000000000000000000, 1.000000000000000000 ) ) ;
#2074 = DIRECTION ( 'NONE',  ( -0.000000000000000000, 1.000000000000000000, -0.000000000000000000 ) ) ;
#2075 = ORIENTED_EDGE ( 'NONE', *, *, #3391, .T. ) ;
#2076 = EDGE_CURVE ( 'NONE', #3355, #4543, #1382, .T. ) ;
#2077 = DIRECTION ( 'NONE',  ( 0.000000000000000000, 0.000000000000000000, 1.000000000000000000 ) ) ;
#2078 = ORIENTED_EDGE ( 'NONE', *, *, #4389, .F. ) ;
#2079 = ORIENTED_EDGE ( 'NONE', *, *, #1942, .F. ) ;
#2080 = CYLINDRICAL_SURFACE ( 'NONE', #509, 1.000000000000000888 ) ;
#2081 = CIRCLE ( 'NONE', #3638, 0.9999999999999931166 ) ;
#2082 = EDGE_LOOP ( 'NONE', ( #1768, #2606, #1625, #3433 ) ) ;
#2083 = DIRECTION ( 'NONE',  ( 0.000000000000000000, 0.000000000000000000, 1.000000000000000000 ) ) ;
#2084 = ORIENTED_EDGE ( 'NONE', *, *, #3875, .F. ) ;
#2085 = EDGE_CURVE ( 'NONE', #1177, #270, #2426, .T. ) ;
#2086 = CYLINDRICAL_SURFACE ( 'NONE', #185, 0.5000000000000004441 ) ;
#2087 = DIRECTION ( 'NONE',  ( 0.000000000000000000, 1.000000000000000000, 0.000000000000000000 ) ) ;
#2088 = ORIENTED_EDGE ( 'NONE', *, *, #3952, .F. ) ;
#2089 = EDGE_CURVE ( 'NONE', #4545, #1967, #6647, .T. ) ;
#2090 = ORIENTED_EDGE ( 'NONE', *, *, #1407, .F. ) ;
#2091 = DIRECTION ( 'NONE',  ( -0.000000000000000000, 1.000000000000000000, -0.000000000000000000 ) ) ;
#2092 = VERTEX_POINT ( 'NONE', #4663 ) ;
#2093 = CARTESIAN_POINT ( 'NONE',  ( -41.37500000000000711, 4.000000000000000000, -54.62500000000000000 ) ) ;
#2094 = CIRCLE ( 'NONE', #6883, 0.5000000000000004441 ) ;
#2095 = EDGE_CURVE ( 'NONE', #2148, #4508, #1874, .T. ) ;
#2096 = CARTESIAN_POINT ( 'NONE',  ( -25.08061036275547195, -15.00000000000000355, -21.86884555243841177 ) ) ;
#2097 = FACE_OUTER_BOUND ( 'NONE', #6772, .T. ) ;
#2098 = DIRECTION ( 'NONE',  ( -0.000000000000000000, 1.000000000000000000, -0.000000000000000000 ) ) ;
#2099 = CARTESIAN_POINT ( 'NONE',  ( -25.82275618771046766, 0.000000000000000000, 1.927329814508483397 ) ) ;
#2100 = DIRECTION ( 'NONE',  ( 0.000000000000000000, 0.000000000000000000, 1.000000000000000000 ) ) ;
#2101 = DIRECTION ( 'NONE',  ( -1.000000000000000000, 0.000000000000000000, 0.000000000000000000 ) ) ;
#2102 = FACE_OUTER_BOUND ( 'NONE', #1078, .T. ) ;
#2103 = EDGE_LOOP ( 'NONE', ( #4596, #5538, #1687, #1919 ) ) ;
#2104 = ORIENTED_EDGE ( 'NONE', *, *, #1624, .F. ) ;
#2105 = DIRECTION ( 'NONE',  ( -0.000000000000000000, 1.000000000000000000, -0.000000000000000000 ) ) ;
#2106 = DIRECTION ( 'NONE',  ( 0.000000000000000000, 1.000000000000000000, 0.000000000000000000 ) ) ;
#2107 = AXIS2_PLACEMENT_3D ( 'NONE', #3544, #1838, #2912 ) ;
#2108 = VERTEX_POINT ( 'NONE', #3477 ) ;
#2109 = CARTESIAN_POINT ( 'NONE',  ( -23.58299501878243376, -15.00000000000000355, -31.16938420455214498 ) ) ;
#2110 = ORIENTED_EDGE ( 'NONE', *, *, #6498, .F. ) ;
#2111 = EDGE_CURVE ( 'NONE', #3045, #368, #4006, .T. ) ;
#2112 = ADVANCED_FACE ( 'NONE', ( #827 ), #303, .F. ) ;
#2113 = ORIENTED_EDGE ( 'NONE', *, *, #4492, .F. ) ;
#2114 = VECTOR ( 'NONE', #4591, 1000.000000000000000 ) ;
#2115 = CARTESIAN_POINT ( 'NONE',  ( -22.65182007334010450, 0.000000000000000000, -3.428793951223214176 ) ) ;
#2116 = EDGE_CURVE ( 'NONE', #4366, #6630, #3056, .T. ) ;
#2117 = ORIENTED_EDGE ( 'NONE', *, *, #3318, .F. ) ;
#2118 = DIRECTION ( 'NONE',  ( -0.000000000000000000, 1.000000000000000000, -0.000000000000000000 ) ) ;
#2119 = ORIENTED_EDGE ( 'NONE', *, *, #235, .T. ) ;
#2120 = AXIS2_PLACEMENT_3D ( 'NONE', #2982, #2498, #5569 ) ;
#2121 = FACE_OUTER_BOUND ( 'NONE', #907, .T. ) ;
#2122 = DIRECTION ( 'NONE',  ( 0.000000000000000000, 0.000000000000000000, -1.000000000000000000 ) ) ;
#2123 = VERTEX_POINT ( 'NONE', #2533 ) ;
#2124 = VECTOR ( 'NONE', #4414, 1000.000000000000000 ) ;
#2125 = VERTEX_POINT ( 'NONE', #4034 ) ;
#2126 = DIRECTION ( 'NONE',  ( 0.000000000000000000, 1.000000000000000000, 0.000000000000000000 ) ) ;
#2127 = ORIENTED_EDGE ( 'NONE', *, *, #4176, .T. ) ;
#2128 = VECTOR ( 'NONE', #4436, 1000.000000000000000 ) ;
#2129 = LINE ( 'NONE', #2717, #2521 ) ;
#2130 = CARTESIAN_POINT ( 'NONE',  ( 24.87500000000000711, 4.000000000000000000, -37.44957351945706137 ) ) ;
#2131 = CARTESIAN_POINT ( 'NONE',  ( -25.82275618771046766, 0.000000000000000000, 2.927329814508480954 ) ) ;
#2132 = LINE ( 'NONE', #5831, #2050 ) ;
#2133 = AXIS2_PLACEMENT_3D ( 'NONE', #243, #1921, #4428 ) ;
#2134 = CYLINDRICAL_SURFACE ( 'NONE', #5464, 0.9999999999999983347 ) ;
#2135 = EDGE_CURVE ( 'NONE', #3639, #5071, #1225, .T. ) ;
#2136 = CARTESIAN_POINT ( 'NONE',  ( -36.36700498121759040, 0.000000000000000000, 37.13586951276005976 ) ) ;
#2137 = CARTESIAN_POINT ( 'NONE',  ( 0.000000000000000000, -15.00000000000000355, 43.09999999999998721 ) ) ;
#2138 = CARTESIAN_POINT ( 'NONE',  ( 14.00000000000001243, -15.00000000000000355, -28.05000000000001137 ) ) ;
#2139 = AXIS2_PLACEMENT_3D ( 'NONE', #4548, #822, #1798 ) ;
#2140 = DIRECTION ( 'NONE',  ( 0.000000000000000000, 1.000000000000000000, 0.000000000000000000 ) ) ;
#2141 = ORIENTED_EDGE ( 'NONE', *, *, #3321, .F. ) ;
#2142 = ORIENTED_EDGE ( 'NONE', *, *, #6892, .T. ) ;
#2143 = CARTESIAN_POINT ( 'NONE',  ( -36.15909329039983788, 4.000000000000000000, -3.950009283574258845 ) ) ;
#2144 = VECTOR ( 'NONE', #2452, 1000.000000000000000 ) ;
#2145 = ORIENTED_EDGE ( 'NONE', *, *, #3931, .T. ) ;
#2146 = LINE ( 'NONE', #4270, #2232 ) ;
#2147 = ORIENTED_EDGE ( 'NONE', *, *, #4842, .F. ) ;
#2148 = VERTEX_POINT ( 'NONE', #3511 ) ;
#2149 = CYLINDRICAL_SURFACE ( 'NONE', #2328, 0.9999999999999940048 ) ;
#2150 = VERTEX_POINT ( 'NONE', #6796 ) ;
#2151 = CIRCLE ( 'NONE', #926, 1.000000000000007772 ) ;
#2152 = CYLINDRICAL_SURFACE ( 'NONE', #3035, 0.5000000000000004441 ) ;
#2153 = VERTEX_POINT ( 'NONE', #862 ) ;
#2154 = DIRECTION ( 'NONE',  ( 0.000000000000000000, -0.000000000000000000, 1.000000000000000000 ) ) ;
#2155 = LINE ( 'NONE', #6341, #4874 ) ;
#2156 = ADVANCED_FACE ( 'NONE', ( #4068 ), #3436, .F. ) ;
#2157 = ADVANCED_FACE ( 'NONE', ( #5114 ), #1947, .F. ) ;
#2158 = ORIENTED_EDGE ( 'NONE', *, *, #5171, .T. ) ;
#2159 = EDGE_CURVE ( 'NONE', #5111, #5551, #3652, .T. ) ;
#2160 = EDGE_CURVE ( 'NONE', #3496, #5283, #2595, .T. ) ;
#2161 = ORIENTED_EDGE ( 'NONE', *, *, #493, .T. ) ;
#2162 = AXIS2_PLACEMENT_3D ( 'NONE', #2069, #4194, #1580 ) ;
#2163 = AXIS2_PLACEMENT_3D ( 'NONE', #660, #3337, #2817 ) ;
#2164 = LINE ( 'NONE', #1566, #2778 ) ;
#2165 = ORIENTED_EDGE ( 'NONE', *, *, #6294, .T. ) ;
#2166 = CYLINDRICAL_SURFACE ( 'NONE', #3739, 1.000000000000007772 ) ;
#2167 = AXIS2_PLACEMENT_3D ( 'NONE', #2514, #6146, #424 ) ;
#2168 = LINE ( 'NONE', #6813, #4129 ) ;
#2169 = DIRECTION ( 'NONE',  ( -0.9311749454423305927, 0.000000000000000000, -0.3645726552835151235 ) ) ;
#2170 = EDGE_CURVE ( 'NONE', #5010, #2476, #2673, .T. ) ;
#2171 = CIRCLE ( 'NONE', #5841, 0.5000000000000004441 ) ;
#2172 = DIRECTION ( 'NONE',  ( -0.3645726552835140688, 0.000000000000000000, 0.9311749454423310368 ) ) ;
#2173 = LINE ( 'NONE', #1749, #5167 ) ;
#2174 = CARTESIAN_POINT ( 'NONE',  ( 33.55000000000001137, 0.000000000000000000, 10.54999999999999005 ) ) ;
#2175 = CARTESIAN_POINT ( 'NONE',  ( -33.76267115700605359, -15.00000000000000355, 2.107980548257108122 ) ) ;
#2176 = DIRECTION ( 'NONE',  ( -0.000000000000000000, 1.000000000000000000, -0.000000000000000000 ) ) ;
#2177 = CARTESIAN_POINT ( 'NONE',  ( -18.75250000000000838, 0.000000000000000000, 0.000000000000000000 ) ) ;
#2178 = ORIENTED_EDGE ( 'NONE', *, *, #2660, .T. ) ;
#2179 = VECTOR ( 'NONE', #5371, 1000.000000000000000 ) ;
#2180 = DIRECTION ( 'NONE',  ( 1.000000000000000000, 0.000000000000000000, -0.000000000000000000 ) ) ;
#2181 = ORIENTED_EDGE ( 'NONE', *, *, #5288, .T. ) ;
#2182 = DIRECTION ( 'NONE',  ( 0.000000000000000000, 0.000000000000000000, 1.000000000000000000 ) ) ;
#2183 = ORIENTED_EDGE ( 'NONE', *, *, #6355, .T. ) ;
#2184 = EDGE_LOOP ( 'NONE', ( #4126, #6566, #4661, #4096 ) ) ;
#2185 = SURFACE_STYLE_USAGE ( .BOTH. , #2251 ) ;
#2186 = ORIENTED_EDGE ( 'NONE', *, *, #149, .F. ) ;
#2187 = CARTESIAN_POINT ( 'NONE',  ( 20.05000000000001137, 0.000000000000000000, -14.55000000000001492 ) ) ;
#2188 = VERTEX_POINT ( 'NONE', #5852 ) ;
#2189 = DIRECTION ( 'NONE',  ( -1.000000000000000000, 0.000000000000000000, 0.000000000000000000 ) ) ;
#2190 = LINE ( 'NONE', #1666, #3869 ) ;
#2191 = EDGE_CURVE ( 'NONE', #2092, #6442, #4803, .T. ) ;
#2192 = ORIENTED_EDGE ( 'NONE', *, *, #4074, .T. ) ;
#2193 = AXIS2_PLACEMENT_3D ( 'NONE', #1762, #1307, #6505 ) ;
#2194 = VERTEX_POINT ( 'NONE', #1593 ) ;
#2195 = VECTOR ( 'NONE', #3862, 1000.000000000000000 ) ;
#2196 = CARTESIAN_POINT ( 'NONE',  ( -36.15909329039983788, -15.00000000000000355, 9.737999515448448662 ) ) ;
#2197 = ORIENTED_EDGE ( 'NONE', *, *, #1474, .T. ) ;
#2198 = DIRECTION ( 'NONE',  ( 0.000000000000000000, -0.000000000000000000, 1.000000000000000000 ) ) ;
#2199 = VECTOR ( 'NONE', #5598, 999.9999999999998863 ) ;
#2200 = CARTESIAN_POINT ( 'NONE',  ( -4.549999999999991829, -15.00000000000000355, 10.54999999999999005 ) ) ;
#2201 = DIRECTION ( 'NONE',  ( -0.000000000000000000, 1.000000000000000000, -0.000000000000000000 ) ) ;
#2202 = DIRECTION ( 'NONE',  ( 0.000000000000000000, 0.000000000000000000, 1.000000000000000000 ) ) ;
#2203 = EDGE_CURVE ( 'NONE', #944, #5961, #5362, .T. ) ;
#2204 = VECTOR ( 'NONE', #5965, 1000.000000000000000 ) ;
#2205 = DIRECTION ( 'NONE',  ( 0.000000000000000000, 1.000000000000000000, 0.000000000000000000 ) ) ;
#2206 = CARTESIAN_POINT ( 'NONE',  ( 0.5000000000000108802, 4.000000000000000000, -0.000000000000000000 ) ) ;
#2207 = LINE ( 'NONE', #1127, #407 ) ;
#2208 = DIRECTION ( 'NONE',  ( 0.000000000000000000, 0.000000000000000000, 1.000000000000000000 ) ) ;
#2209 = CARTESIAN_POINT ( 'NONE',  ( -25.44518301803898552, 4.000000000000000000, -7.249661807973366123 ) ) ;
#2210 = VERTEX_POINT ( 'NONE', #5750 ) ;
#2211 = DIRECTION ( 'NONE',  ( -0.000000000000000000, 1.000000000000000000, -0.000000000000000000 ) ) ;
#2212 = ADVANCED_FACE ( 'NONE', ( #6307 ), #2152, .F. ) ;
#2213 = EDGE_LOOP ( 'NONE', ( #961, #4169, #1511, #1374, #5838, #6576, #859, #6044 ) ) ;
#2214 = CYLINDRICAL_SURFACE ( 'NONE', #1461, 0.5000000000000004441 ) ;
#2215 = ORIENTED_EDGE ( 'NONE', *, *, #2076, .F. ) ;
#2216 = CARTESIAN_POINT ( 'NONE',  ( -24.89158124226813840, 4.000000000000000000, -25.08411512825341916 ) ) ;
#2217 = VERTEX_POINT ( 'NONE', #6404 ) ;
#2218 = DIRECTION ( 'NONE',  ( 0.000000000000000000, 1.000000000000000000, 0.000000000000000000 ) ) ;
#2219 = DIRECTION ( 'NONE',  ( 0.000000000000000000, 0.000000000000000000, 1.000000000000000000 ) ) ;
#2220 = DIRECTION ( 'NONE',  ( 0.000000000000000000, 0.000000000000000000, 1.000000000000000000 ) ) ;
#2221 = EDGE_CURVE ( 'NONE', #1836, #5776, #1629, .T. ) ;
#2222 = ORIENTED_EDGE ( 'NONE', *, *, #3064, .F. ) ;
#2223 = AXIS2_PLACEMENT_3D ( 'NONE', #817, #6750, #365 ) ;
#2224 = VECTOR ( 'NONE', #221, 1000.000000000000000 ) ;
#2225 = EDGE_LOOP ( 'NONE', ( #5699, #6362, #650, #3659 ) ) ;
#2226 = CIRCLE ( 'NONE', #1560, 0.9999999999999974465 ) ;
#2227 = CARTESIAN_POINT ( 'NONE',  ( 33.55000000000001137, -15.00000000000000355, 42.59999999999998721 ) ) ;
#2228 = ORIENTED_EDGE ( 'NONE', *, *, #1619, .T. ) ;
#2229 = CARTESIAN_POINT ( 'NONE',  ( -5.049999999999991829, 0.000000000000000000, -8.500000000000007105 ) ) ;
#2230 = CARTESIAN_POINT ( 'NONE',  ( -24.89158124226813484, -15.00000000000000355, 2.291902469791998964 ) ) ;
#2231 = CARTESIAN_POINT ( 'NONE',  ( -23.79090670959995535, -15.00000000000000355, -32.14753180528519749 ) ) ;
#2232 = VECTOR ( 'NONE', #576, 1000.000000000000000 ) ;
#2233 = DIRECTION ( 'NONE',  ( 0.000000000000000000, 0.000000000000000000, 1.000000000000000000 ) ) ;
#2234 = EDGE_CURVE ( 'NONE', #6064, #4420, #4837, .T. ) ;
#2235 = CARTESIAN_POINT ( 'NONE',  ( -25.82275618771045345, 0.000000000000000000, 16.61533861353128216 ) ) ;
#2236 = LINE ( 'NONE', #4363, #4273 ) ;
#2237 = LINE ( 'NONE', #4785, #2516 ) ;
#2238 = CARTESIAN_POINT ( 'NONE',  ( -35.05841875773188576, 4.000000000000000000, 30.05060043646134105 ) ) ;
#2239 = ADVANCED_FACE ( 'NONE', ( #6338 ), #3761, .F. ) ;
#2240 = VECTOR ( 'NONE', #4917, 1000.000000000000000 ) ;
#2241 = ADVANCED_FACE ( 'NONE', ( #5256 ), #479, .F. ) ;
#2242 = VECTOR ( 'NONE', #4528, 1000.000000000000114 ) ;
#2243 = ORIENTED_EDGE ( 'NONE', *, *, #295, .F. ) ;
#2244 = VECTOR ( 'NONE', #2255, 1000.000000000000000 ) ;
#2245 = EDGE_CURVE ( 'NONE', #5733, #4687, #5943, .T. ) ;
#2246 = CARTESIAN_POINT ( 'NONE',  ( 29.37500000000000711, 0.000000000000000000, -36.00619784648299770 ) ) ;
#2247 = AXIS2_PLACEMENT_3D ( 'NONE', #1159, #6104, #1323 ) ;
#2248 = ORIENTED_EDGE ( 'NONE', *, *, #4200, .F. ) ;
#2249 = FACE_OUTER_BOUND ( 'NONE', #6901, .T. ) ;
#2250 = VERTEX_POINT ( 'NONE', #63 ) ;
#2251 = SURFACE_SIDE_STYLE ('',( #125 ) ) ;
#2252 = ORIENTED_EDGE ( 'NONE', *, *, #1403, .T. ) ;
#2253 = LINE ( 'NONE', #3327, #699 ) ;
#2254 = CARTESIAN_POINT ( 'NONE',  ( -4.549999999999991829, -15.00000000000000355, 42.59999999999998721 ) ) ;
#2255 = DIRECTION ( 'NONE',  ( -1.554411716825095609E-16, 0.000000000000000000, -1.000000000000000000 ) ) ;
#2256 = ORIENTED_EDGE ( 'NONE', *, *, #5712, .F. ) ;
#2257 = EDGE_CURVE ( 'NONE', #4728, #1352, #40, .T. ) ;
#2258 = ORIENTED_EDGE ( 'NONE', *, *, #149, .T. ) ;
#2259 = LINE ( 'NONE', #2877, #770 ) ;
#2260 = VERTEX_POINT ( 'NONE', #1108 ) ;
#2261 = CARTESIAN_POINT ( 'NONE',  ( -23.79090670960005482, 4.000000000000000000, 8.916494591781969348 ) ) ;
#2262 = CARTESIAN_POINT ( 'NONE',  ( 0.5000000000000108802, 0.000000000000000000, 0.000000000000000000 ) ) ;
#2263 = CARTESIAN_POINT ( 'NONE',  ( 28.87500000000000355, -15.00000000000000355, -35.14017244269856377 ) ) ;
#2264 = APPLICATION_PROTOCOL_DEFINITION ( 'draft international standard', 'automotive_design', 1998, #1713 ) ;
#2265 = AXIS2_PLACEMENT_3D ( 'NONE', #1753, #6525, #3843 ) ;
#2266 = DIRECTION ( 'NONE',  ( -0.000000000000000000, 1.000000000000000000, -0.000000000000000000 ) ) ;
#2267 = ORIENTED_EDGE ( 'NONE', *, *, #1000, .T. ) ;
#2268 = CIRCLE ( 'NONE', #6285, 0.9999999999999940048 ) ;
#2269 = DIRECTION ( 'NONE',  ( 0.9311749454423308148, -0.000000000000000000, 0.3645726552835142908 ) ) ;
#2270 = AXIS2_PLACEMENT_3D ( 'NONE', #6, #5234, #1537 ) ;
#2271 = DIRECTION ( 'NONE',  ( 0.000000000000000000, 1.000000000000000000, 0.000000000000000000 ) ) ;
#2272 = CARTESIAN_POINT ( 'NONE',  ( 41.37500000000000711, 4.000000000000000000, 54.62500000000000000 ) ) ;
#2273 = LINE ( 'NONE', #1683, #5888 ) ;
#2274 = CARTESIAN_POINT ( 'NONE',  ( -25.08061036275547195, -15.00000000000000355, -8.180836753415702489 ) ) ;
#2275 = EDGE_CURVE ( 'NONE', #3827, #2456, #3160, .T. ) ;
#2276 = ORIENTED_EDGE ( 'NONE', *, *, #979, .T. ) ;
#2277 = CARTESIAN_POINT ( 'NONE',  ( 1.000000000000011324, 0.000000000000000000, 43.09999999999998721 ) ) ;
#2278 = ORIENTED_EDGE ( 'NONE', *, *, #4541, .F. ) ;
#2279 = DIRECTION ( 'NONE',  ( 0.3645726552835139023, 0.000000000000000000, -0.9311749454423310368 ) ) ;
#2280 = VERTEX_POINT ( 'NONE', #5324 ) ;
#2281 = LINE ( 'NONE', #5391, #6279 ) ;
#2282 = LINE ( 'NONE', #781, #4310 ) ;
#2283 = LINE ( 'NONE', #4935, #2244 ) ;
#2284 = AXIS2_PLACEMENT_3D ( 'NONE', #5981, #5919, #6502 ) ;
#2285 = ORIENTED_EDGE ( 'NONE', *, *, #1000, .F. ) ;
#2286 = AXIS2_PLACEMENT_3D ( 'NONE', #1886, #6070, #1850 ) ;
#2287 = VERTEX_POINT ( 'NONE', #4312 ) ;
#2288 = EDGE_CURVE ( 'NONE', #5548, #3355, #2042, .T. ) ;
#2289 = DIRECTION ( 'NONE',  ( 0.000000000000000000, 0.000000000000000000, -1.000000000000000000 ) ) ;
#2290 = ORIENTED_EDGE ( 'NONE', *, *, #3363, .T. ) ;
#2291 = DIRECTION ( 'NONE',  ( 0.000000000000000000, 0.000000000000000000, 1.000000000000000000 ) ) ;
#2292 = CARTESIAN_POINT ( 'NONE',  ( 33.37500000000000000, 4.000000000000000000, -42.93440107675850470 ) ) ;
#2293 = EDGE_CURVE ( 'NONE', #4994, #2573, #3486, .T. ) ;
#2294 = DIRECTION ( 'NONE',  ( 0.000000000000000000, 0.000000000000000000, 1.000000000000000000 ) ) ;
#2295 = AXIS2_PLACEMENT_3D ( 'NONE', #5782, #412, #3126 ) ;
#2296 = CARTESIAN_POINT ( 'NONE',  ( -35.05841875773188576, 4.000000000000000000, 16.36259163743765299 ) ) ;
#2297 = VERTEX_POINT ( 'NONE', #442 ) ;
#2298 = ADVANCED_FACE ( 'NONE', ( #2569 ), #4700, .F. ) ;
#2299 = VECTOR ( 'NONE', #4515, 1000.000000000000000 ) ;
#2300 = CYLINDRICAL_SURFACE ( 'NONE', #2579, 0.5000000000000004441 ) ;
#2301 = CARTESIAN_POINT ( 'NONE',  ( -35.05841875773189287, 4.000000000000000000, -38.38944355865220359 ) ) ;
#2302 = LINE ( 'NONE', #3907, #1292 ) ;
#2303 = FACE_OUTER_BOUND ( 'NONE', #433, .T. ) ;
#2304 = DIRECTION ( 'NONE',  ( 0.000000000000000000, 0.000000000000000000, 1.000000000000000000 ) ) ;
#2305 = ORIENTED_EDGE ( 'NONE', *, *, #1249, .T. ) ;
#2306 = VERTEX_POINT ( 'NONE', #6436 ) ;
#2307 = CARTESIAN_POINT ( 'NONE',  ( -41.37499999999999289, 0.000000000000000000, 54.62500000000000000 ) ) ;
#2308 = EDGE_LOOP ( 'NONE', ( #3616, #452, #2556, #1502 ) ) ;
#2309 = DIRECTION ( 'NONE',  ( 0.000000000000000000, 0.000000000000000000, 1.000000000000000000 ) ) ;
#2310 = ORIENTED_EDGE ( 'NONE', *, *, #706, .F. ) ;
#2311 = DIRECTION ( 'NONE',  ( 0.000000000000000000, 1.000000000000000000, 0.000000000000000000 ) ) ;
#2312 = DIRECTION ( 'NONE',  ( 0.000000000000000000, 1.000000000000000000, 0.000000000000000000 ) ) ;
#2313 = CARTESIAN_POINT ( 'NONE',  ( -25.08061036275547551, 0.000000000000000000, -35.55685435146111928 ) ) ;
#2314 = ADVANCED_FACE ( 'NONE', ( #1143 ), #3883, .F. ) ;
#2315 = CYLINDRICAL_SURFACE ( 'NONE', #2139, 1.000000000000000888 ) ;
#2316 = AXIS2_PLACEMENT_3D ( 'NONE', #6740, #3033, #2513 ) ;
#2317 = ORIENTED_EDGE ( 'NONE', *, *, #4289, .T. ) ;
#2318 = EDGE_CURVE ( 'NONE', #6644, #3746, #5522, .T. ) ;
#2319 = EDGE_CURVE ( 'NONE', #834, #5910, #4408, .T. ) ;
#2320 = VERTEX_POINT ( 'NONE', #1172 ) ;
#2321 = LINE ( 'NONE', #3860, #6352 ) ;
#2322 = ORIENTED_EDGE ( 'NONE', *, *, #4326, .F. ) ;
#2323 = CARTESIAN_POINT ( 'NONE',  ( -14.49676025893403875, 0.000000000000000000, 37.02696773214037052 ) ) ;
#2324 = DIRECTION ( 'NONE',  ( 0.000000000000000000, 0.000000000000000000, 1.000000000000000000 ) ) ;
#2325 = AXIS2_PLACEMENT_3D ( 'NONE', #3116, #5350, #538 ) ;
#2326 = LINE ( 'NONE', #2882, #4170 ) ;
#2327 = AXIS2_PLACEMENT_3D ( 'NONE', #4390, #4947, #6517 ) ;
#2328 = AXIS2_PLACEMENT_3D ( 'NONE', #3193, #6272, #543 ) ;
#2329 = CARTESIAN_POINT ( 'NONE',  ( 20.05000000000001137, -15.00000000000000355, 23.54999999999998650 ) ) ;
#2330 = ORIENTED_EDGE ( 'NONE', *, *, #1688, .F. ) ;
#2331 = CARTESIAN_POINT ( 'NONE',  ( -25.08061036275546840, -15.00000000000000355, 5.507172045607005018 ) ) ;
#2332 = CARTESIAN_POINT ( 'NONE',  ( -34.71272867277878760, 0.000000000000000000, 11.23799951544757292 ) ) ;
#2333 = FACE_OUTER_BOUND ( 'NONE', #4152, .T. ) ;
#2334 = LINE ( 'NONE', #3451, #1399 ) ;
#2335 = CARTESIAN_POINT ( 'NONE',  ( 19.55000000000001137, -15.00000000000000355, 23.54999999999998650 ) ) ;
#2336 = EDGE_CURVE ( 'NONE', #2379, #4859, #2281, .T. ) ;
#2337 = VECTOR ( 'NONE', #4745, 1000.000000000000000 ) ;
#2338 = EDGE_CURVE ( 'NONE', #288, #6765, #2482, .T. ) ;
#2339 = ORIENTED_EDGE ( 'NONE', *, *, #4258, .F. ) ;
#2340 = ORIENTED_EDGE ( 'NONE', *, *, #2203, .F. ) ;
#2341 = AXIS2_PLACEMENT_3D ( 'NONE', #186, #253, #3354 ) ;
#2342 = LINE ( 'NONE', #6596, #3121 ) ;
#2343 = ORIENTED_EDGE ( 'NONE', *, *, #3631, .F. ) ;
#2344 = AXIS2_PLACEMENT_3D ( 'NONE', #1358, #3628, #5758 ) ;
#2345 = VECTOR ( 'NONE', #1817, 1000.000000000000000 ) ;
#2346 = FACE_OUTER_BOUND ( 'NONE', #6718, .T. ) ;
#2347 = ORIENTED_EDGE ( 'NONE', *, *, #582, .F. ) ;
#2348 = CARTESIAN_POINT ( 'NONE',  ( -25.44518301803897842, 0.000000000000000000, 33.81436458909475817 ) ) ;
#2349 = VERTEX_POINT ( 'NONE', #2869 ) ;
#2350 = CARTESIAN_POINT ( 'NONE',  ( -35.05841875773189287, 4.000000000000000000, -11.01342596060678503 ) ) ;
#2351 = DIRECTION ( 'NONE',  ( 0.000000000000000000, 0.000000000000000000, 1.000000000000000000 ) ) ;
#2352 = CARTESIAN_POINT ( 'NONE',  ( 20.05000000000001137, -15.00000000000000355, 42.59999999999998721 ) ) ;
#2353 = ORIENTED_EDGE ( 'NONE', *, *, #5650, .F. ) ;
#2354 = EDGE_LOOP ( 'NONE', ( #6752, #3959, #219, #2178, #2502, #1826, #2600 ) ) ;
#2355 = CARTESIAN_POINT ( 'NONE',  ( -9.849942406112539572, 0.000000000000000000, 25.15827627140396316 ) ) ;
#2356 = CARTESIAN_POINT ( 'NONE',  ( 19.55000000000001137, 0.000000000000000000, 23.54999999999998650 ) ) ;
#2357 = EDGE_LOOP ( 'NONE', ( #1988, #3191, #5151, #2558 ) ) ;
#2358 = EDGE_CURVE ( 'NONE', #5330, #5240, #1708, .T. ) ;
#2359 = FACE_OUTER_BOUND ( 'NONE', #395, .T. ) ;
#2360 = CARTESIAN_POINT ( 'NONE',  ( -24.89158124226813840, 0.000000000000000000, -11.39610632923070810 ) ) ;
#2361 = EDGE_CURVE ( 'NONE', #3889, #4551, #2253, .T. ) ;
#2362 = CARTESIAN_POINT ( 'NONE',  ( 0.5000000000000108802, 0.000000000000000000, 23.54999999999998650 ) ) ;
#2363 = EDGE_CURVE ( 'NONE', #3546, #2043, #2151, .T. ) ;
#2364 = ORIENTED_EDGE ( 'NONE', *, *, #687, .T. ) ;
#2365 = PLANE ( 'NONE',  #440 ) ;
#2366 = ORIENTED_EDGE ( 'NONE', *, *, #1315, .F. ) ;
#2367 = EDGE_CURVE ( 'NONE', #37, #583, #4716, .T. ) ;
#2368 = CARTESIAN_POINT ( 'NONE',  ( 29.37500000000000711, 4.000000000000000000, -45.24380215351698808 ) ) ;
#2369 = CIRCLE ( 'NONE', #6281, 0.5000000000000004441 ) ;
#2370 = DIRECTION ( 'NONE',  ( 0.000000000000000000, 0.000000000000000000, 1.000000000000000000 ) ) ;
#2371 = FACE_BOUND ( 'NONE', #5088, .T. ) ;
#2372 = CYLINDRICAL_SURFACE ( 'NONE', #5894, 1.000000000000000888 ) ;
#2373 = DIRECTION ( 'NONE',  ( 0.000000000000000000, 1.000000000000000000, 0.000000000000000000 ) ) ;
#2374 = CIRCLE ( 'NONE', #2488, 0.9999999999999974465 ) ;
#2375 = EDGE_CURVE ( 'NONE', #6237, #5251, #4345, .T. ) ;
#2376 = ORIENTED_EDGE ( 'NONE', *, *, #5802, .T. ) ;
#2377 = EDGE_LOOP ( 'NONE', ( #4282, #5770, #5811, #2009 ) ) ;
#2378 = DIRECTION ( 'NONE',  ( 0.000000000000000000, 0.000000000000000000, 1.000000000000000000 ) ) ;
#2379 = VERTEX_POINT ( 'NONE', #1697 ) ;
#2380 = AXIS2_PLACEMENT_3D ( 'NONE', #4392, #4883, #5406 ) ;
#2381 = DIRECTION ( 'NONE',  ( 0.9311749454423339234, 0.000000000000000000, 0.3645726552835066858 ) ) ;
#2382 = ORIENTED_EDGE ( 'NONE', *, *, #2806, .T. ) ;
#2383 = CARTESIAN_POINT ( 'NONE',  ( 3.568623937862056117, 0.000000000000000000, 16.78905562747770475 ) ) ;
#2384 = EDGE_CURVE ( 'NONE', #372, #6475, #3823, .T. ) ;
#2385 = ORIENTED_EDGE ( 'NONE', *, *, #4090, .F. ) ;
#2386 = CARTESIAN_POINT ( 'NONE',  ( 0.000000000000000000, 4.000000000000000000, 4.999999999999990230 ) ) ;
#2387 = DIRECTION ( 'NONE',  ( 0.000000000000000000, 0.000000000000000000, 1.000000000000000000 ) ) ;
#2388 = DIRECTION ( 'NONE',  ( -0.000000000000000000, 1.000000000000000000, -0.000000000000000000 ) ) ;
#2389 = ORIENTED_EDGE ( 'NONE', *, *, #5654, .T. ) ;
#2390 = ORIENTED_EDGE ( 'NONE', *, *, #5487, .T. ) ;
#2391 = FACE_OUTER_BOUND ( 'NONE', #3434, .T. ) ;
#2392 = CARTESIAN_POINT ( 'NONE',  ( -25.08061036275547195, 4.000000000000000000, -21.86884555243841177 ) ) ;
#2393 = ORIENTED_EDGE ( 'NONE', *, *, #3246, .T. ) ;
#2394 = AXIS2_PLACEMENT_3D ( 'NONE', #2836, #4896, #3294 ) ;
#2395 = CARTESIAN_POINT ( 'NONE',  ( 14.00000000000001243, 0.000000000000000000, 4.499999999999990230 ) ) ;
#2396 = CARTESIAN_POINT ( 'NONE',  ( 0.000000000000000000, -15.00000000000000355, 29.09999999999998721 ) ) ;
#2397 = LINE ( 'NONE', #2952, #3726 ) ;
#2398 = CARTESIAN_POINT ( 'NONE',  ( 27.43489101437130984, 0.000000000000000000, -47.51862513700618251 ) ) ;
#2399 = CARTESIAN_POINT ( 'NONE',  ( -36.15909329039983788, 4.000000000000000000, -17.63801808259696813 ) ) ;
#2400 = ORIENTED_EDGE ( 'NONE', *, *, #6892, .F. ) ;
#2401 = DIRECTION ( 'NONE',  ( 0.000000000000000000, 1.000000000000000000, -0.000000000000000000 ) ) ;
#2402 = CARTESIAN_POINT ( 'NONE',  ( -35.05841875773189287, 0.000000000000000000, -38.38944355865220359 ) ) ;
#2403 = FACE_BOUND ( 'NONE', #6206, .T. ) ;
#2404 = CARTESIAN_POINT ( 'NONE',  ( -34.71272867277878049, -15.00000000000000355, 11.23799951544756937 ) ) ;
#2405 = CARTESIAN_POINT ( 'NONE',  ( -34.86938963724455931, 4.000000000000000000, 26.83533086064632300 ) ) ;
#2406 = EDGE_CURVE ( 'NONE', #3980, #1551, #5420, .T. ) ;
#2407 = EDGE_CURVE ( 'NONE', #591, #3856, #2705, .T. ) ;
#2408 = CIRCLE ( 'NONE', #3968, 0.5000000000000004441 ) ;
#2409 = ORIENTED_EDGE ( 'NONE', *, *, #3301, .F. ) ;
#2410 = ORIENTED_EDGE ( 'NONE', *, *, #6140, .F. ) ;
#2411 = LINE ( 'NONE', #5978, #16 ) ;
#2412 = ORIENTED_EDGE ( 'NONE', *, *, #928, .F. ) ;
#2413 = LINE ( 'NONE', #4542, #1669 ) ;
#2414 = ORIENTED_EDGE ( 'NONE', *, *, #1733, .F. ) ;
#2415 = FACE_OUTER_BOUND ( 'NONE', #405, .T. ) ;
#2416 = AXIS2_PLACEMENT_3D ( 'NONE', #5891, #1147, #2122 ) ;
#2417 = EDGE_CURVE ( 'NONE', #313, #1846, #3598, .T. ) ;
#2418 = ORIENTED_EDGE ( 'NONE', *, *, #1760, .F. ) ;
#2419 = CARTESIAN_POINT ( 'NONE',  ( 25.37500000000000711, 0.000000000000000000, -38.31559892324149530 ) ) ;
#2420 = CARTESIAN_POINT ( 'NONE',  ( -24.89158124226813840, 4.000000000000000000, -25.08411512825341916 ) ) ;
#2421 = LINE ( 'NONE', #2200, #2124 ) ;
#2422 = ORIENTED_EDGE ( 'NONE', *, *, #5650, .T. ) ;
#2423 = EDGE_CURVE ( 'NONE', #2306, #1473, #4375, .T. ) ;
#2424 = ORIENTED_EDGE ( 'NONE', *, *, #5951, .F. ) ;
#2425 = CARTESIAN_POINT ( 'NONE',  ( -25.08061036275546130, 4.000000000000000000, 32.88318964365242891 ) ) ;
#2426 = LINE ( 'NONE', #5081, #5451 ) ;
#2427 = ORIENTED_EDGE ( 'NONE', *, *, #2375, .F. ) ;
#2428 = EDGE_CURVE ( 'NONE', #2539, #2599, #1732, .T. ) ;
#2429 = LINE ( 'NONE', #829, #4065 ) ;
#2430 = CARTESIAN_POINT ( 'NONE',  ( -5.049999999999991829, -15.00000000000000355, -14.05000000000001315 ) ) ;
#2431 = DIRECTION ( 'NONE',  ( -0.3645726552835139023, 0.000000000000000000, 0.9311749454423310368 ) ) ;
#2432 = ORIENTED_EDGE ( 'NONE', *, *, #1946, .F. ) ;
#2433 = VERTEX_POINT ( 'NONE', #2838 ) ;
#2434 = CARTESIAN_POINT ( 'NONE',  ( 14.50000000000001243, -15.00000000000000355, 23.54999999999998650 ) ) ;
#2435 = ORIENTED_EDGE ( 'NONE', *, *, #1384, .T. ) ;
#2436 = AXIS2_PLACEMENT_3D ( 'NONE', #1196, #6495, #2180 ) ;
#2437 = DIRECTION ( 'NONE',  ( 0.000000000000000000, 1.000000000000000000, 0.000000000000000000 ) ) ;
#2438 = CARTESIAN_POINT ( 'NONE',  ( 33.05000000000001137, 0.000000000000000000, -9.000000000000007105 ) ) ;
#2439 = CARTESIAN_POINT ( 'NONE',  ( -25.23727132722123301, 4.000000000000000000, -19.95952300626225551 ) ) ;
#2440 = CARTESIAN_POINT ( 'NONE',  ( -18.04999999999999005, -15.00000000000000355, 23.54999999999998650 ) ) ;
#2441 = LINE ( 'NONE', #6181, #1048 ) ;
#2442 = VECTOR ( 'NONE', #6683, 1000.000000000000000 ) ;
#2443 = CIRCLE ( 'NONE', #1329, 0.9999999999996054267 ) ;
#2444 = EDGE_CURVE ( 'NONE', #756, #2639, #1203, .T. ) ;
#2445 = EDGE_LOOP ( 'NONE', ( #4673, #589, #2868, #5370, #5122, #4877, #2432 ) ) ;
#2446 = EDGE_CURVE ( 'NONE', #5243, #6403, #4442, .T. ) ;
#2447 = DIRECTION ( 'NONE',  ( 0.000000000000000000, -0.000000000000000000, 1.000000000000000000 ) ) ;
#2448 = EDGE_CURVE ( 'NONE', #3023, #2463, #5603, .T. ) ;
#2449 = ORIENTED_EDGE ( 'NONE', *, *, #2535, .F. ) ;
#2450 = AXIS2_PLACEMENT_3D ( 'NONE', #2995, #2478, #4605 ) ;
#2451 = ADVANCED_FACE ( 'NONE', ( #2415 ), #3953, .T. ) ;
#2452 = DIRECTION ( 'NONE',  ( 1.000000000000000000, 0.000000000000000000, 0.000000000000000000 ) ) ;
#2453 = EDGE_LOOP ( 'NONE', ( #927, #6176, #183, #5878 ) ) ;
#2454 = CYLINDRICAL_SURFACE ( 'NONE', #2223, 0.5000000000000004441 ) ;
#2455 = AXIS2_PLACEMENT_3D ( 'NONE', #5448, #4401, #4507 ) ;
#2456 = VERTEX_POINT ( 'NONE', #6082 ) ;
#2457 = DIRECTION ( 'NONE',  ( 1.000000000000000000, 0.000000000000000000, -0.000000000000000000 ) ) ;
#2458 = EDGE_CURVE ( 'NONE', #988, #5177, #327, .T. ) ;
#2459 = DIRECTION ( 'NONE',  ( 0.000000000000000000, 0.000000000000000000, 1.000000000000000000 ) ) ;
#2460 = FACE_OUTER_BOUND ( 'NONE', #1417, .T. ) ;
#2461 = VERTEX_POINT ( 'NONE', #2905 ) ;
#2462 = AXIS2_PLACEMENT_3D ( 'NONE', #2586, #6422, #2621 ) ;
#2463 = VERTEX_POINT ( 'NONE', #3465 ) ;
#2464 = CIRCLE ( 'NONE', #1907, 0.9999999999999974465 ) ;
#2465 = AXIS2_PLACEMENT_3D ( 'NONE', #5562, #100, #2459 ) ;
#2466 = DIRECTION ( 'NONE',  ( -0.3645726552835140688, 0.000000000000000000, 0.9311749454423309258 ) ) ;
#2467 = CARTESIAN_POINT ( 'NONE',  ( -25.08061036275546485, 0.000000000000000000, 32.88318964365242181 ) ) ;
#2468 = ORIENTED_EDGE ( 'NONE', *, *, #2543, .T. ) ;
#2469 = PLANE ( 'NONE',  #2295 ) ;
#2470 = PLANE ( 'NONE',  #6593 ) ;
#2471 = ORIENTED_EDGE ( 'NONE', *, *, #4985, .T. ) ;
#2472 = DIRECTION ( 'NONE',  ( -0.000000000000000000, 1.000000000000000000, -0.000000000000000000 ) ) ;
#2473 = DIRECTION ( 'NONE',  ( 0.000000000000000000, 1.000000000000000000, -0.000000000000000000 ) ) ;
#2474 = ORIENTED_EDGE ( 'NONE', *, *, #5288, .F. ) ;
#2475 = CARTESIAN_POINT ( 'NONE',  ( -25.44518301803898552, 0.000000000000000000, -7.249661807973366123 ) ) ;
#2476 = VERTEX_POINT ( 'NONE', #261 ) ;
#2477 = CARTESIAN_POINT ( 'NONE',  ( 14.00000000000001243, -15.00000000000000355, 10.04999999999999005 ) ) ;
#2478 = DIRECTION ( 'NONE',  ( 0.000000000000000000, 1.000000000000000000, -0.000000000000000000 ) ) ;
#2479 = DIRECTION ( 'NONE',  ( 0.000000000000000000, 1.000000000000000000, -0.000000000000000000 ) ) ;
#2480 = CARTESIAN_POINT ( 'NONE',  ( 1.000000000000011324, 4.000000000000000000, 29.09999999999998721 ) ) ;
#2481 = LINE ( 'NONE', #285, #4611 ) ;
#2482 = CIRCLE ( 'NONE', #3925, 0.5000000000000004441 ) ;
#2483 = ORIENTED_EDGE ( 'NONE', *, *, #3263, .T. ) ;
#2484 = EDGE_CURVE ( 'NONE', #535, #4374, #1771, .T. ) ;
#2485 = PLANE ( 'NONE',  #1711 ) ;
#2486 = ADVANCED_FACE ( 'NONE', ( #5176 ), #5036, .F. ) ;
#2487 = VERTEX_POINT ( 'NONE', #6712 ) ;
#2488 = AXIS2_PLACEMENT_3D ( 'NONE', #669, #5658, #1325 ) ;
#2489 = PLANE ( 'NONE',  #590 ) ;
#2490 = EDGE_LOOP ( 'NONE', ( #1149, #290, #5397, #513 ) ) ;
#2491 = CARTESIAN_POINT ( 'NONE',  ( 0.000000000000000000, -15.00000000000000355, 29.09999999999998721 ) ) ;
#2492 = VERTEX_POINT ( 'NONE', #1410 ) ;
#2493 = AXIS2_PLACEMENT_3D ( 'NONE', #4002, #3967, #3481 ) ;
#2494 = CARTESIAN_POINT ( 'NONE',  ( 20.05000000000001137, 4.000000000000000000, 42.59999999999998721 ) ) ;
#2495 = ORIENTED_EDGE ( 'NONE', *, *, #5051, .F. ) ;
#2496 = ORIENTED_EDGE ( 'NONE', *, *, #2852, .F. ) ;
#2497 = LINE ( 'NONE', #1350, #1215 ) ;
#2498 = DIRECTION ( 'NONE',  ( -0.000000000000000000, 1.000000000000000000, -0.000000000000000000 ) ) ;
#2499 = ORIENTED_EDGE ( 'NONE', *, *, #6428, .T. ) ;
#2500 = LINE ( 'NONE', #4666, #1747 ) ;
#2501 = CARTESIAN_POINT ( 'NONE',  ( -25.82275618771047121, 4.000000000000000000, -11.76067898451422344 ) ) ;
#2502 = ORIENTED_EDGE ( 'NONE', *, *, #4418, .T. ) ;
#2503 = LINE ( 'NONE', #3625, #5498 ) ;
#2504 = FACE_OUTER_BOUND ( 'NONE', #3221, .T. ) ;
#2505 = AXIS2_PLACEMENT_3D ( 'NONE', #3335, #4487, #4555 ) ;
#2506 = DIRECTION ( 'NONE',  ( 0.000000000000000000, 1.000000000000000000, -0.000000000000000000 ) ) ;
#2507 = ORIENTED_EDGE ( 'NONE', *, *, #1728, .F. ) ;
#2508 = EDGE_CURVE ( 'NONE', #1352, #4210, #3427, .T. ) ;
#2509 = CARTESIAN_POINT ( 'NONE',  ( -25.44518301803897131, 0.000000000000000000, 20.12635579007106301 ) ) ;
#2510 = ADVANCED_FACE ( 'NONE', ( #1863 ), #2454, .F. ) ;
#2511 = DIRECTION ( 'NONE',  ( 1.270278060211849936E-16, 0.000000000000000000, 1.000000000000000000 ) ) ;
#2512 = CARTESIAN_POINT ( 'NONE',  ( 29.87500000000001421, -15.00000000000000355, -35.14017244269856377 ) ) ;
#2513 = DIRECTION ( 'NONE',  ( 0.000000000000000000, 0.000000000000000000, 1.000000000000000000 ) ) ;
#2514 = CARTESIAN_POINT ( 'NONE',  ( 14.00000000000001243, -15.00000000000000355, 23.54999999999998650 ) ) ;
#2515 = EDGE_CURVE ( 'NONE', #6006, #5772, #6673, .T. ) ;
#2516 = VECTOR ( 'NONE', #4364, 1000.000000000000000 ) ;
#2517 = EDGE_LOOP ( 'NONE', ( #3013, #5205, #2669, #1098 ) ) ;
#2518 = DIRECTION ( 'NONE',  ( 1.000000000000000000, 0.000000000000000000, -0.000000000000000000 ) ) ;
#2519 = VERTEX_POINT ( 'NONE', #1972 ) ;
#2520 = AXIS2_PLACEMENT_3D ( 'NONE', #3179, #3742, #5308 ) ;
#2521 = VECTOR ( 'NONE', #2685, 1000.000000000000000 ) ;
#2522 = ORIENTED_EDGE ( 'NONE', *, *, #5051, .T. ) ;
#2523 = LINE ( 'NONE', #1479, #5447 ) ;
#2524 = ORIENTED_EDGE ( 'NONE', *, *, #928, .T. ) ;
#2525 = DIRECTION ( 'NONE',  ( 1.000000000000000000, 0.000000000000000000, 0.000000000000000000 ) ) ;
#2526 = AXIS2_PLACEMENT_3D ( 'NONE', #517, #2189, #1595 ) ;
#2527 = VERTEX_POINT ( 'NONE', #5666 ) ;
#2528 = PLANE ( 'NONE',  #4240 ) ;
#2529 = ORIENTED_EDGE ( 'NONE', *, *, #1942, .T. ) ;
#2530 = ORIENTED_EDGE ( 'NONE', *, *, #5952, .F. ) ;
#2531 = CARTESIAN_POINT ( 'NONE',  ( 33.55000000000001137, -15.00000000000000355, -14.55000000000001492 ) ) ;
#2532 = VECTOR ( 'NONE', #797, 1000.000000000000000 ) ;
#2533 = CARTESIAN_POINT ( 'NONE',  ( 41.37499999999999289, 4.000000000000000000, -54.62500000000000000 ) ) ;
#2534 = ORIENTED_EDGE ( 'NONE', *, *, #3476, .F. ) ;
#2535 = EDGE_CURVE ( 'NONE', #3600, #6445, #4476, .T. ) ;
#2536 = LINE ( 'NONE', #936, #5305 ) ;
#2537 = FACE_OUTER_BOUND ( 'NONE', #1200, .T. ) ;
#2538 = ADVANCED_FACE ( 'NONE', ( #6119 ), #5557, .F. ) ;
#2539 = VERTEX_POINT ( 'NONE', #5072 ) ;
#2540 = CARTESIAN_POINT ( 'NONE',  ( 1.000000000000011324, 4.000000000000000000, -9.000000000000007105 ) ) ;
#2541 = EDGE_CURVE ( 'NONE', #6862, #5384, #5141, .T. ) ;
#2542 = VECTOR ( 'NONE', #298, 1000.000000000000000 ) ;
#2543 = EDGE_CURVE ( 'NONE', #5283, #1478, #5672, .T. ) ;
#2544 = DIRECTION ( 'NONE',  ( 1.000000000000000000, 0.000000000000000000, -0.000000000000000000 ) ) ;
#2545 = CARTESIAN_POINT ( 'NONE',  ( -18.04999999999999005, -15.00000000000000355, -8.500000000000007105 ) ) ;
#2546 = ORIENTED_EDGE ( 'NONE', *, *, #6498, .T. ) ;
#2547 = CYLINDRICAL_SURFACE ( 'NONE', #5197, 0.5000000000000004441 ) ;
#2548 = DIRECTION ( 'NONE',  ( 0.000000000000000000, 0.000000000000000000, -1.000000000000000000 ) ) ;
#2549 = LINE ( 'NONE', #4222, #156 ) ;
#2550 = DIRECTION ( 'NONE',  ( -0.9311749454423312589, 0.000000000000000000, -0.3645726552835133472 ) ) ;
#2551 = AXIS2_PLACEMENT_3D ( 'NONE', #5621, #3975, #6107 ) ;
#2552 = ORIENTED_EDGE ( 'NONE', *, *, #5479, .F. ) ;
#2553 = EDGE_CURVE ( 'NONE', #1177, #350, #6233, .T. ) ;
#2554 = CARTESIAN_POINT ( 'NONE',  ( -37.29817992665991966, 4.000000000000000000, 8.395279259431131180 ) ) ;
#2555 = CIRCLE ( 'NONE', #881, 0.5000000000000004441 ) ;
#2556 = ORIENTED_EDGE ( 'NONE', *, *, #5495, .T. ) ;
#2557 = VECTOR ( 'NONE', #4132, 1000.000000000000000 ) ;
#2558 = ORIENTED_EDGE ( 'NONE', *, *, #5282, .F. ) ;
#2559 = DIRECTION ( 'NONE',  ( -0.000000000000000000, 1.000000000000000000, -0.000000000000000000 ) ) ;
#2560 = ORIENTED_EDGE ( 'NONE', *, *, #274, .T. ) ;
#2561 = AXIS2_PLACEMENT_3D ( 'NONE', #2954, #2473, #3517 ) ;
#2562 = CARTESIAN_POINT ( 'NONE',  ( -4.549999999999991829, -15.00000000000000355, 0.000000000000000000 ) ) ;
#2563 = ORIENTED_EDGE ( 'NONE', *, *, #6491, .T. ) ;
#2564 = FACE_BOUND ( 'NONE', #230, .T. ) ;
#2565 = ORIENTED_EDGE ( 'NONE', *, *, #6578, .F. ) ;
#2566 = EDGE_LOOP ( 'NONE', ( #1740, #1594, #4147, #2704 ) ) ;
#2567 = CIRCLE ( 'NONE', #6354, 0.5000000000000004441 ) ;
#2568 = CARTESIAN_POINT ( 'NONE',  ( 20.05000000000001137, 4.000000000000000000, 4.999999999999990230 ) ) ;
#2569 = FACE_OUTER_BOUND ( 'NONE', #3612, .T. ) ;
#2570 = EDGE_LOOP ( 'NONE', ( #1112, #809, #6339, #6174, #3877, #2507, #2896 ) ) ;
#2571 = CARTESIAN_POINT ( 'NONE',  ( 24.37500000000000711, 4.000000000000000000, -42.93440107675849049 ) ) ;
#2572 = CARTESIAN_POINT ( 'NONE',  ( -34.12724381228956361, -15.00000000000000355, -38.02487090336868647 ) ) ;
#2573 = VERTEX_POINT ( 'NONE', #2939 ) ;
#2574 = CIRCLE ( 'NONE', #3574, 0.5000000000000004441 ) ;
#2575 = AXIS2_PLACEMENT_3D ( 'NONE', #5539, #5472, #762 ) ;
#2576 = AXIS2_PLACEMENT_3D ( 'NONE', #2743, #3655, #3826 ) ;
#2577 = ORIENTED_EDGE ( 'NONE', *, *, #3758, .T. ) ;
#2578 = LINE ( 'NONE', #6314, #6679 ) ;
#2579 = AXIS2_PLACEMENT_3D ( 'NONE', #6034, #2960, #1254 ) ;
#2580 = ORIENTED_EDGE ( 'NONE', *, *, #919, .F. ) ;
#2581 = CARTESIAN_POINT ( 'NONE',  ( -34.86938963724456642, 4.000000000000000000, -0.5406867373990952297 ) ) ;
#2582 = ADVANCED_FACE ( 'NONE', ( #1898 ), #3008, .F. ) ;
#2583 = DIRECTION ( 'NONE',  ( 0.000000000000000000, 0.000000000000000000, 1.000000000000000000 ) ) ;
#2584 = CARTESIAN_POINT ( 'NONE',  ( -4.782498186094843007, 0.000000000000000000, -22.49988496483635814 ) ) ;
#2585 = DIRECTION ( 'NONE',  ( 0.000000000000000000, 0.000000000000000000, 1.000000000000000000 ) ) ;
#2586 = CARTESIAN_POINT ( 'NONE',  ( 33.55000000000001137, -15.00000000000000355, 0.000000000000000000 ) ) ;
#2587 = PLANE ( 'NONE',  #2520 ) ;
#2588 = DIRECTION ( 'NONE',  ( 0.000000000000000000, 0.000000000000000000, 1.000000000000000000 ) ) ;
#2589 = CARTESIAN_POINT ( 'NONE',  ( -25.44518301803897131, 4.000000000000000000, 20.12635579007106301 ) ) ;
#2590 = ORIENTED_EDGE ( 'NONE', *, *, #3453, .F. ) ;
#2591 = ORIENTED_EDGE ( 'NONE', *, *, #5412, .F. ) ;
#2592 = ADVANCED_FACE ( 'NONE', ( #852 ), #3501, .F. ) ;
#2593 = CARTESIAN_POINT ( 'NONE',  ( 19.55000000000001137, -15.00000000000000355, -14.55000000000001492 ) ) ;
#2594 = FACE_OUTER_BOUND ( 'NONE', #1866, .T. ) ;
#2595 = CIRCLE ( 'NONE', #3711, 0.9999999999999940048 ) ;
#2596 = ORIENTED_EDGE ( 'NONE', *, *, #4284, .T. ) ;
#2597 = DIRECTION ( 'NONE',  ( 0.000000000000000000, 0.000000000000000000, 1.000000000000000000 ) ) ;
#2598 = VECTOR ( 'NONE', #428, 1000.000000000000000 ) ;
#2599 = VERTEX_POINT ( 'NONE', #990 ) ;
#2600 = ORIENTED_EDGE ( 'NONE', *, *, #3044, .T. ) ;
#2601 = PLANE ( 'NONE',  #326 ) ;
#2602 = EDGE_CURVE ( 'NONE', #6872, #1040, #5210, .T. ) ;
#2603 = ORIENTED_EDGE ( 'NONE', *, *, #4671, .T. ) ;
#2604 = AXIS2_PLACEMENT_3D ( 'NONE', #562, #1611, #3738 ) ;
#2605 = CARTESIAN_POINT ( 'NONE',  ( -41.37499999999999289, 4.000000000000000000, 54.62500000000000000 ) ) ;
#2606 = ORIENTED_EDGE ( 'NONE', *, *, #1573, .T. ) ;
#2607 = VECTOR ( 'NONE', #3371, 1000.000000000000000 ) ;
#2608 = PLANE ( 'NONE',  #3528 ) ;
#2609 = CARTESIAN_POINT ( 'NONE',  ( 1.000000000000011324, -15.00000000000000355, -8.500000000000007105 ) ) ;
#2610 = ORIENTED_EDGE ( 'NONE', *, *, #5742, .F. ) ;
#2611 = VERTEX_POINT ( 'NONE', #5281 ) ;
#2612 = CARTESIAN_POINT ( 'NONE',  ( -36.36700498121759040, -15.00000000000000355, 22.44786071373636815 ) ) ;
#2613 = EDGE_LOOP ( 'NONE', ( #4128, #4522, #4600, #4477 ) ) ;
#2614 = CARTESIAN_POINT ( 'NONE',  ( -33.76267115700603938, 4.000000000000000000, 29.48399814630251825 ) ) ;
#2615 = DIRECTION ( 'NONE',  ( -0.000000000000000000, 1.000000000000000000, -0.000000000000000000 ) ) ;
#2616 = DIRECTION ( 'NONE',  ( 0.4999999999999997224, 0.000000000000000000, 0.8660254037844388186 ) ) ;
#2617 = FACE_OUTER_BOUND ( 'NONE', #6168, .T. ) ;
#2618 = VECTOR ( 'NONE', #6173, 1000.000000000000114 ) ;
#2620 = EDGE_CURVE ( 'NONE', #616, #1660, #1442, .T. ) ;
#2619 = PRESENTATION_LAYER_ASSIGNMENT (  '', '', ( #3627 ) ) ;
#2621 = DIRECTION ( 'NONE',  ( 0.000000000000000000, 0.000000000000000000, 1.000000000000000000 ) ) ;
#2622 = CARTESIAN_POINT ( 'NONE',  ( -5.049999999999991829, -15.00000000000000355, 10.04999999999999005 ) ) ;
#2623 = CYLINDRICAL_SURFACE ( 'NONE', #3207, 2.250000000000001776 ) ;
#2624 = FACE_OUTER_BOUND ( 'NONE', #4581, .T. ) ;
#2625 = EDGE_CURVE ( 'NONE', #2433, #3924, #4001, .T. ) ;
#2626 = ORIENTED_EDGE ( 'NONE', *, *, #6161, .F. ) ;
#2627 = AXIS2_PLACEMENT_3D ( 'NONE', #3779, #1720, #4395 ) ;
#2628 = EDGE_LOOP ( 'NONE', ( #1662, #585, #4278, #2186 ) ) ;
#2629 = LINE ( 'NONE', #2005, #4118 ) ;
#2630 = DIRECTION ( 'NONE',  ( 0.000000000000000000, 0.000000000000000000, 1.000000000000000000 ) ) ;
#2631 = ORIENTED_EDGE ( 'NONE', *, *, #6458, .T. ) ;
#2632 = VECTOR ( 'NONE', #4856, 1000.000000000000000 ) ;
#2633 = CARTESIAN_POINT ( 'NONE',  ( -18.04999999999999005, 0.000000000000000000, 24.04999999999998650 ) ) ;
#2634 = CIRCLE ( 'NONE', #393, 0.5000000000000004441 ) ;
#2635 = VERTEX_POINT ( 'NONE', #434 ) ;
#2636 = ORIENTED_EDGE ( 'NONE', *, *, #2159, .F. ) ;
#2637 = CARTESIAN_POINT ( 'NONE',  ( -25.23727132722123656, 0.000000000000000000, -33.64753180528495591 ) ) ;
#2638 = VECTOR ( 'NONE', #6406, 1000.000000000000000 ) ;
#2639 = VERTEX_POINT ( 'NONE', #1063 ) ;
#2640 = CARTESIAN_POINT ( 'NONE',  ( -25.82275618771046410, -15.00000000000000355, 29.30334741255390085 ) ) ;
#2641 = ORIENTED_EDGE ( 'NONE', *, *, #1727, .T. ) ;
#2642 = LINE ( 'NONE', #4805, #743 ) ;
#2643 = DIRECTION ( 'NONE',  ( -0.000000000000000000, 1.000000000000000000, -0.000000000000000000 ) ) ;
#2644 = ORIENTED_EDGE ( 'NONE', *, *, #1670, .T. ) ;
#2645 = EDGE_CURVE ( 'NONE', #5955, #3023, #4758, .T. ) ;
#2646 = EDGE_LOOP ( 'NONE', ( #1107, #994, #5360, #6572 ) ) ;
#2647 = ADVANCED_FACE ( 'NONE', ( #3748 ), #1481, .T. ) ;
#2648 = CARTESIAN_POINT ( 'NONE',  ( -25.08061036275547195, -15.00000000000000355, -8.180836753415702489 ) ) ;
#2649 = EDGE_LOOP ( 'NONE', ( #3004, #5824, #3072, #6151, #5960, #6735, #1067 ) ) ;
#2650 = LINE ( 'NONE', #4776, #4643 ) ;
#2651 = CARTESIAN_POINT ( 'NONE',  ( -32.75000000000000000, 4.000000000000000000, 42.24999999999999289 ) ) ;
#2652 = CARTESIAN_POINT ( 'NONE',  ( 1.000000000000011324, 4.000000000000000000, 24.04999999999998650 ) ) ;
#2653 = CARTESIAN_POINT ( 'NONE',  ( -34.12724381228956361, -15.00000000000000355, -24.33686210434598252 ) ) ;
#2654 = PLANE ( 'NONE',  #574 ) ;
#2655 = DIRECTION ( 'NONE',  ( 0.000000000000000000, 1.000000000000000000, -0.000000000000000000 ) ) ;
#2656 = DIRECTION ( 'NONE',  ( -0.000000000000000000, 1.000000000000000000, -0.000000000000000000 ) ) ;
#2657 = LINE ( 'NONE', #4786, #599 ) ;
#2658 = EDGE_LOOP ( 'NONE', ( #158, #1275, #3850, #3994 ) ) ;
#2659 = ORIENTED_EDGE ( 'NONE', *, *, #6889, .T. ) ;
#2660 = EDGE_CURVE ( 'NONE', #6445, #4366, #1328, .T. ) ;
#2661 = CARTESIAN_POINT ( 'NONE',  ( -18.75250000000000838, 0.000000000000000000, -33.56750000000000256 ) ) ;
#2662 = ADVANCED_FACE ( 'NONE', ( #6825 ), #2041, .T. ) ;
#2663 = VECTOR ( 'NONE', #3219, 1000.000000000000114 ) ;
#2664 = ORIENTED_EDGE ( 'NONE', *, *, #6639, .T. ) ;
#2665 = CIRCLE ( 'NONE', #6557, 0.5000000000000004441 ) ;
#2666 = FACE_OUTER_BOUND ( 'NONE', #6797, .T. ) ;
#2667 = EDGE_CURVE ( 'NONE', #97, #6396, #1100, .T. ) ;
#2668 = VERTEX_POINT ( 'NONE', #6300 ) ;
#2669 = ORIENTED_EDGE ( 'NONE', *, *, #6003, .F. ) ;
#2670 = VECTOR ( 'NONE', #6164, 1000.000000000000000 ) ;
#2671 = CARTESIAN_POINT ( 'NONE',  ( 14.00000000000001243, -15.00000000000000355, 29.59999999999998721 ) ) ;
#2672 = ORIENTED_EDGE ( 'NONE', *, *, #2446, .T. ) ;
#2673 = LINE ( 'NONE', #3724, #1253 ) ;
#2674 = EDGE_LOOP ( 'NONE', ( #5589, #6733, #3455, #6283 ) ) ;
#2675 = EDGE_CURVE ( 'NONE', #2734, #5521, #1516, .T. ) ;
#2676 = AXIS2_PLACEMENT_3D ( 'NONE', #3545, #269, #934 ) ;
#2677 = CYLINDRICAL_SURFACE ( 'NONE', #1085, 0.5000000000000004441 ) ;
#2678 = CARTESIAN_POINT ( 'NONE',  ( -5.049999999999991829, -15.00000000000000355, 29.59999999999998721 ) ) ;
#2679 = EDGE_LOOP ( 'NONE', ( #1440, #2435, #4615, #323 ) ) ;
#2680 = VECTOR ( 'NONE', #1086, 1000.000000000000000 ) ;
#2681 = ORIENTED_EDGE ( 'NONE', *, *, #6785, .F. ) ;
#2682 = DIRECTION ( 'NONE',  ( 1.000000000000000000, 0.000000000000000000, 0.000000000000000000 ) ) ;
#2683 = VERTEX_POINT ( 'NONE', #3642 ) ;
#2684 = VECTOR ( 'NONE', #3847, 1000.000000000000000 ) ;
#2685 = DIRECTION ( 'NONE',  ( 0.000000000000000000, 0.000000000000000000, 1.000000000000000000 ) ) ;
#2686 = CARTESIAN_POINT ( 'NONE',  ( -18.04999999999999005, 4.000000000000000000, -14.05000000000001315 ) ) ;
#2687 = DIRECTION ( 'NONE',  ( -0.000000000000000000, 1.000000000000000000, -0.000000000000000000 ) ) ;
#2688 = CARTESIAN_POINT ( 'NONE',  ( 0.000000000000000000, 0.000000000000000000, -28.05000000000001137 ) ) ;
#2689 = CARTESIAN_POINT ( 'NONE',  ( 0.000000000000000000, 4.000000000000000000, -9.000000000000007105 ) ) ;
#2690 = PLANE ( 'NONE',  #4017 ) ;
#2691 = DIRECTION ( 'NONE',  ( -0.000000000000000000, 1.000000000000000000, -0.000000000000000000 ) ) ;
#2692 = CARTESIAN_POINT ( 'NONE',  ( 14.00000000000001243, 0.000000000000000000, 24.04999999999998650 ) ) ;
#2693 = PLANE ( 'NONE',  #933 ) ;
#2694 = ORIENTED_EDGE ( 'NONE', *, *, #4094, .F. ) ;
#2695 = EDGE_CURVE ( 'NONE', #4977, #163, #3882, .T. ) ;
#2696 = CARTESIAN_POINT ( 'NONE',  ( 34.37500000000000000, 4.000000000000000000, -38.31559892324150240 ) ) ;
#2697 = AXIS2_PLACEMENT_3D ( 'NONE', #5187, #1877, #413 ) ;
#2698 = EDGE_CURVE ( 'NONE', #1447, #3355, #1585, .T. ) ;
#2699 = ORIENTED_EDGE ( 'NONE', *, *, #2288, .F. ) ;
#2700 = FACE_OUTER_BOUND ( 'NONE', #6622, .T. ) ;
#2701 = ORIENTED_EDGE ( 'NONE', *, *, #3564, .F. ) ;
#2702 = ORIENTED_EDGE ( 'NONE', *, *, #4671, .F. ) ;
#2703 = FILL_AREA_STYLE_COLOUR ( '', #1507 ) ;
#2704 = ORIENTED_EDGE ( 'NONE', *, *, #1546, .F. ) ;
#2705 = CIRCLE ( 'NONE', #596, 0.5000000000000004441 ) ;
#2706 = CARTESIAN_POINT ( 'NONE',  ( 1.000000000000011324, -15.00000000000000355, 24.04999999999998650 ) ) ;
#2707 = VERTEX_POINT ( 'NONE', #2661 ) ;
#2708 = CIRCLE ( 'NONE', #5726, 1.000000000000007772 ) ;
#2709 = CARTESIAN_POINT ( 'NONE',  ( 33.87499999999999289, 4.000000000000000000, -43.80042648054294574 ) ) ;
#2710 = DIRECTION ( 'NONE',  ( 0.9781476007338072431, 0.000000000000000000, -0.2079116908177515433 ) ) ;
#2711 = ADVANCED_FACE ( 'NONE', ( #2594 ), #4233, .F. ) ;
#2712 = ORIENTED_EDGE ( 'NONE', *, *, #1606, .T. ) ;
#2713 = VERTEX_POINT ( 'NONE', #6329 ) ;
#2714 = CIRCLE ( 'NONE', #6499, 0.5000000000000004441 ) ;
#2715 = CARTESIAN_POINT ( 'NONE',  ( -34.86938963724456642, 0.000000000000000000, -27.91670433544451413 ) ) ;
#2716 = ORIENTED_EDGE ( 'NONE', *, *, #5073, .T. ) ;
#2717 = CARTESIAN_POINT ( 'NONE',  ( 19.55000000000001137, 4.000000000000000000, -0.000000000000000000 ) ) ;
#2718 = AXIS2_PLACEMENT_3D ( 'NONE', #458, #2585, #6419 ) ;
#2719 = LINE ( 'NONE', #2943, #1564 ) ;
#2720 = DIRECTION ( 'NONE',  ( 0.000000000000000000, 0.000000000000000000, 1.000000000000000000 ) ) ;
#2721 = CIRCLE ( 'NONE', #2493, 0.9999999999999974465 ) ;
#2722 = FACE_OUTER_BOUND ( 'NONE', #3637, .T. ) ;
#2723 = EDGE_CURVE ( 'NONE', #4708, #5453, #1548, .T. ) ;
#2724 = ADVANCED_FACE ( 'NONE', ( #4268 ), #3677, .T. ) ;
#2725 = CARTESIAN_POINT ( 'NONE',  ( -5.049999999999991829, 0.000000000000000000, 4.999999999999990230 ) ) ;
#2726 = FACE_OUTER_BOUND ( 'NONE', #296, .T. ) ;
#2727 = DIRECTION ( 'NONE',  ( 0.000000000000000000, 0.000000000000000000, 1.000000000000000000 ) ) ;
#2728 = DIRECTION ( 'NONE',  ( 0.000000000000000000, 1.000000000000000000, 0.000000000000000000 ) ) ;
#2729 = DIRECTION ( 'NONE',  ( 0.000000000000000000, 0.000000000000000000, 1.000000000000000000 ) ) ;
#2730 = ORIENTED_EDGE ( 'NONE', *, *, #1778, .T. ) ;
#2731 = EDGE_CURVE ( 'NONE', #6237, #4859, #2555, .T. ) ;
#2732 = AXIS2_PLACEMENT_3D ( 'NONE', #1706, #5862, #1153 ) ;
#2733 = LINE ( 'NONE', #90, #1114 ) ;
#2734 = VERTEX_POINT ( 'NONE', #1620 ) ;
#2735 = FACE_OUTER_BOUND ( 'NONE', #2037, .T. ) ;
#2736 = EDGE_LOOP ( 'NONE', ( #519, #392, #2580, #2449 ) ) ;
#2737 = EDGE_LOOP ( 'NONE', ( #4792, #1109, #6518, #1210 ) ) ;
#2738 = PLANE ( 'NONE',  #2394 ) ;
#2739 = ORIENTED_EDGE ( 'NONE', *, *, #5433, .F. ) ;
#2740 = DIRECTION ( 'NONE',  ( 0.000000000000000000, 1.000000000000000000, -0.000000000000000000 ) ) ;
#2741 = ORIENTED_EDGE ( 'NONE', *, *, #1702, .F. ) ;
#2742 = CARTESIAN_POINT ( 'NONE',  ( -23.79090670960005127, 4.000000000000000000, 22.60450339080566096 ) ) ;
#2743 = CARTESIAN_POINT ( 'NONE',  ( 1.000000000000011324, 0.000000000000000000, -27.55000000000001137 ) ) ;
#2744 = ORIENTED_EDGE ( 'NONE', *, *, #1097, .T. ) ;
#2745 = AXIS2_PLACEMENT_3D ( 'NONE', #6123, #130, #3853 ) ;
#2746 = ORIENTED_EDGE ( 'NONE', *, *, #5742, .T. ) ;
#2747 = EDGE_CURVE ( 'NONE', #5633, #2931, #5880, .T. ) ;
#2748 = CARTESIAN_POINT ( 'NONE',  ( -25.82275618771047121, 0.000000000000000000, -11.76067898451422344 ) ) ;
#2749 = ORIENTED_EDGE ( 'NONE', *, *, #6269, .F. ) ;
#2750 = EDGE_CURVE ( 'NONE', #5496, #2599, #6427, .T. ) ;
#2751 = PLANE ( 'NONE',  #5641 ) ;
#2752 = ADVANCED_FACE ( 'NONE', ( #1654 ), #3785, .T. ) ;
#2753 = LINE ( 'NONE', #1743, #4165 ) ;
#2754 = FACE_OUTER_BOUND ( 'NONE', #2566, .T. ) ;
#2755 = ADVANCED_FACE ( 'NONE', ( #4827 ), #1166, .F. ) ;
#2756 = FACE_OUTER_BOUND ( 'NONE', #398, .T. ) ;
#2757 = VECTOR ( 'NONE', #5118, 1000.000000000000000 ) ;
#2758 = AXIS2_PLACEMENT_3D ( 'NONE', #482, #2643, #1003 ) ;
#2759 = DIRECTION ( 'NONE',  ( -0.000000000000000000, 1.000000000000000000, -0.000000000000000000 ) ) ;
#2760 = DIRECTION ( 'NONE',  ( 0.000000000000000000, 0.000000000000000000, 1.000000000000000000 ) ) ;
#2761 = LINE ( 'NONE', #4885, #3751 ) ;
#2762 = DIRECTION ( 'NONE',  ( 0.000000000000000000, 1.000000000000000000, 0.000000000000000000 ) ) ;
#2763 = CARTESIAN_POINT ( 'NONE',  ( 19.55000000000001137, -15.00000000000000355, -8.500000000000007105 ) ) ;
#2764 = VERTEX_POINT ( 'NONE', #4889 ) ;
#2765 = DIRECTION ( 'NONE',  ( 0.000000000000000000, 1.000000000000000000, 0.000000000000000000 ) ) ;
#2766 = ORIENTED_EDGE ( 'NONE', *, *, #2747, .T. ) ;
#2767 = DIRECTION ( 'NONE',  ( -0.000000000000000000, 1.000000000000000000, -0.000000000000000000 ) ) ;
#2768 = ADVANCED_FACE ( 'NONE', ( #4335 ), #3319, .F. ) ;
#2769 = ORIENTED_EDGE ( 'NONE', *, *, #4176, .F. ) ;
#2770 = CARTESIAN_POINT ( 'NONE',  ( -25.23727132722122590, 4.000000000000000000, 34.79251218982857097 ) ) ;
#2771 = ORIENTED_EDGE ( 'NONE', *, *, #3904, .F. ) ;
#2772 = DIRECTION ( 'NONE',  ( 0.000000000000000000, 0.000000000000000000, 1.000000000000000000 ) ) ;
#2773 = PLANE ( 'NONE',  #2526 ) ;
#2774 = CARTESIAN_POINT ( 'NONE',  ( -36.15909329039983788, 4.000000000000000000, -17.63801808259696813 ) ) ;
#2775 = ORIENTED_EDGE ( 'NONE', *, *, #2095, .T. ) ;
#2776 = VECTOR ( 'NONE', #503, 1000.000000000000000 ) ;
#2777 = ORIENTED_EDGE ( 'NONE', *, *, #4975, .F. ) ;
#2778 = VECTOR ( 'NONE', #3699, 1000.000000000000000 ) ;
#2779 = CARTESIAN_POINT ( 'NONE',  ( -36.36700498121759750, 4.000000000000000000, -4.928156884308060093 ) ) ;
#2780 = ORIENTED_EDGE ( 'NONE', *, *, #274, .F. ) ;
#2781 = EDGE_CURVE ( 'NONE', #5136, #2956, #3109, .T. ) ;
#2782 = CARTESIAN_POINT ( 'NONE',  ( -25.23727132722121880, 4.000000000000000000, 21.10450339080488646 ) ) ;
#2783 = CARTESIAN_POINT ( 'NONE',  ( 33.55000000000001137, -15.00000000000000355, 0.000000000000000000 ) ) ;
#2784 = CARTESIAN_POINT ( 'NONE',  ( -36.36700498121759750, -15.00000000000000355, -32.30417448235347422 ) ) ;
#2785 = VECTOR ( 'NONE', #3449, 1000.000000000000000 ) ;
#2786 = CARTESIAN_POINT ( 'NONE',  ( -22.65182007334010805, 0.000000000000000000, -30.80481154926863141 ) ) ;
#2787 = AXIS2_PLACEMENT_3D ( 'NONE', #152, #1333, #1263 ) ;
#2788 = ADVANCED_FACE ( 'NONE', ( #1723 ), #5912, .F. ) ;
#2789 = DIRECTION ( 'NONE',  ( -0.000000000000000000, 1.000000000000000000, -0.000000000000000000 ) ) ;
#2790 = CYLINDRICAL_SURFACE ( 'NONE', #1022, 0.9999999999999974465 ) ;
#2791 = CARTESIAN_POINT ( 'NONE',  ( -18.04999999999999005, 4.000000000000000000, -28.05000000000001137 ) ) ;
#2792 = LINE ( 'NONE', #1752, #4400 ) ;
#2793 = DIRECTION ( 'NONE',  ( 0.000000000000000000, 0.000000000000000000, 1.000000000000000000 ) ) ;
#2794 = AXIS2_PLACEMENT_3D ( 'NONE', #2368, #2437, #5023 ) ;
#2795 = VECTOR ( 'NONE', #943, 1000.000000000000000 ) ;
#2796 = VECTOR ( 'NONE', #4347, 1000.000000000000000 ) ;
#2797 = EDGE_CURVE ( 'NONE', #6705, #4565, #5975, .T. ) ;
#2798 = DIRECTION ( 'NONE',  ( 0.2079116908177516265, 0.000000000000000000, 0.9781476007338072431 ) ) ;
#2799 = AXIS2_PLACEMENT_3D ( 'NONE', #1288, #5475, #3871 ) ;
#2800 = ORIENTED_EDGE ( 'NONE', *, *, #5517, .T. ) ;
#2801 = DIRECTION ( 'NONE',  ( 0.000000000000000000, 1.000000000000000000, 0.000000000000000000 ) ) ;
#2802 = VERTEX_POINT ( 'NONE', #1134 ) ;
#2803 = EDGE_CURVE ( 'NONE', #5010, #715, #3326, .T. ) ;
#2804 = CARTESIAN_POINT ( 'NONE',  ( -25.82275618771045345, 4.000000000000000000, 15.61533861353128394 ) ) ;
#2805 = ORIENTED_EDGE ( 'NONE', *, *, #5355, .T. ) ;
#2806 = EDGE_CURVE ( 'NONE', #4590, #2831, #2733, .T. ) ;
#2807 = CARTESIAN_POINT ( 'NONE',  ( -26.18732884299396702, -15.00000000000000355, 16.54651355897361142 ) ) ;
#2808 = CARTESIAN_POINT ( 'NONE',  ( 34.37500000000000000, -15.00000000000000355, -42.93440107675849760 ) ) ;
#2809 = LINE ( 'NONE', #1205, #4358 ) ;
#2810 = EDGE_LOOP ( 'NONE', ( #4848, #3256, #2702, #3756 ) ) ;
#2811 = EDGE_CURVE ( 'NONE', #3466, #6760, #322, .T. ) ;
#2812 = EDGE_LOOP ( 'NONE', ( #419, #4337, #4684, #4015 ) ) ;
#2813 = DIRECTION ( 'NONE',  ( -0.000000000000000000, -1.000000000000000000, -0.000000000000000000 ) ) ;
#2814 = ORIENTED_EDGE ( 'NONE', *, *, #4696, .T. ) ;
#2815 = DIRECTION ( 'NONE',  ( 0.000000000000000000, 0.000000000000000000, 1.000000000000000000 ) ) ;
#2816 = CARTESIAN_POINT ( 'NONE',  ( 1.000000000000011324, 0.000000000000000000, 29.59999999999998721 ) ) ;
#2817 = DIRECTION ( 'NONE',  ( -0.9311749454423305927, 0.000000000000000000, -0.3645726552835151235 ) ) ;
#2818 = CYLINDRICAL_SURFACE ( 'NONE', #52, 0.9999999999999974465 ) ;
#2819 = VECTOR ( 'NONE', #704, 1000.000000000000000 ) ;
#2820 = VECTOR ( 'NONE', #3835, 1000.000000000000000 ) ;
#2821 = CARTESIAN_POINT ( 'NONE',  ( -25.08061036275547195, 0.000000000000000000, -8.180836753415702489 ) ) ;
#2822 = ORIENTED_EDGE ( 'NONE', *, *, #4044, .T. ) ;
#2823 = VECTOR ( 'NONE', #3172, 1000.000000000000000 ) ;
#2824 = DIRECTION ( 'NONE',  ( -0.000000000000000000, 1.000000000000000000, -0.000000000000000000 ) ) ;
#2825 = DIRECTION ( 'NONE',  ( -0.000000000000000000, 1.000000000000000000, -0.000000000000000000 ) ) ;
#2826 = LINE ( 'NONE', #1719, #5492 ) ;
#2827 = DIRECTION ( 'NONE',  ( -0.4999999999999986677, 0.000000000000000000, 0.8660254037844394848 ) ) ;
#2828 = CARTESIAN_POINT ( 'NONE',  ( -25.23727132722122946, 4.000000000000000000, 7.416494591783163060 ) ) ;
#2829 = EDGE_CURVE ( 'NONE', #3804, #4798, #826, .T. ) ;
#2830 = EDGE_CURVE ( 'NONE', #3466, #1005, #3581, .T. ) ;
#2831 = VERTEX_POINT ( 'NONE', #5711 ) ;
#2832 = LINE ( 'NONE', #2307, #2128 ) ;
#2833 = ADVANCED_FACE ( 'NONE', ( #1418 ), #1873, .F. ) ;
#2834 = ORIENTED_EDGE ( 'NONE', *, *, #6540, .F. ) ;
#2835 = AXIS2_PLACEMENT_3D ( 'NONE', #1991, #4119, #6873 ) ;
#2836 = CARTESIAN_POINT ( 'NONE',  ( -24.89158124226813129, -15.00000000000000355, 29.66792006783741797 ) ) ;
#2837 = ORIENTED_EDGE ( 'NONE', *, *, #1853, .F. ) ;
#2838 = CARTESIAN_POINT ( 'NONE',  ( -4.549999999999991829, 4.000000000000000000, -8.500000000000007105 ) ) ;
#2839 = CARTESIAN_POINT ( 'NONE',  ( 33.05000000000001137, 0.000000000000000000, 4.499999999999990230 ) ) ;
#2840 = CARTESIAN_POINT ( 'NONE',  ( -22.65182007334010450, -15.00000000000000355, -3.428793951223214176 ) ) ;
#2841 = LINE ( 'NONE', #4971, #779 ) ;
#2842 = ORIENTED_EDGE ( 'NONE', *, *, #2698, .T. ) ;
#2843 = AXIS2_PLACEMENT_3D ( 'NONE', #1650, #5906, #1128 ) ;
#2844 = EDGE_LOOP ( 'NONE', ( #5680, #4622, #6012, #1142 ) ) ;
#2845 = CARTESIAN_POINT ( 'NONE',  ( -35.05841875773189287, -15.00000000000000355, -38.38944355865220359 ) ) ;
#2846 = ORIENTED_EDGE ( 'NONE', *, *, #310, .F. ) ;
#2847 = DIRECTION ( 'NONE',  ( 0.000000000000000000, 0.000000000000000000, 1.000000000000000000 ) ) ;
#2848 = FACE_OUTER_BOUND ( 'NONE', #5202, .T. ) ;
#2849 = DIRECTION ( 'NONE',  ( 0.000000000000000000, 1.000000000000000000, 0.000000000000000000 ) ) ;
#2850 = AXIS2_PLACEMENT_3D ( 'NONE', #4061, #1375, #5668 ) ;
#2851 = VECTOR ( 'NONE', #2291, 1000.000000000000000 ) ;
#2852 = EDGE_CURVE ( 'NONE', #449, #3572, #2497, .T. ) ;
#2853 = DIRECTION ( 'NONE',  ( 0.000000000000000000, 0.000000000000000000, 1.000000000000000000 ) ) ;
#2854 = VERTEX_POINT ( 'NONE', #3475 ) ;
#2855 = LINE ( 'NONE', #1393, #1016 ) ;
#2856 = DIRECTION ( 'NONE',  ( 0.000000000000000000, 0.000000000000000000, 1.000000000000000000 ) ) ;
#2857 = DIRECTION ( 'NONE',  ( 0.000000000000000000, 0.000000000000000000, 1.000000000000000000 ) ) ;
#2858 = DIRECTION ( 'NONE',  ( -0.000000000000000000, 1.000000000000000000, -0.000000000000000000 ) ) ;
#2859 = CYLINDRICAL_SURFACE ( 'NONE', #1599, 1.000000000000011324 ) ;
#2860 = ORIENTED_EDGE ( 'NONE', *, *, #123, .T. ) ;
#2861 = ORIENTED_EDGE ( 'NONE', *, *, #3904, .T. ) ;
#2862 = CARTESIAN_POINT ( 'NONE',  ( -4.549999999999991829, -15.00000000000000355, 0.000000000000000000 ) ) ;
#2863 = ORIENTED_EDGE ( 'NONE', *, *, #4234, .F. ) ;
#2864 = AXIS2_PLACEMENT_3D ( 'NONE', #4298, #1094, #5409 ) ;
#2865 = EDGE_CURVE ( 'NONE', #3682, #5257, #861, .T. ) ;
#2866 = DIRECTION ( 'NONE',  ( 1.000000000000000000, 0.000000000000000000, -0.000000000000000000 ) ) ;
#2867 = EDGE_CURVE ( 'NONE', #5777, #988, #5604, .T. ) ;
#2868 = ORIENTED_EDGE ( 'NONE', *, *, #916, .F. ) ;
#2869 = CARTESIAN_POINT ( 'NONE',  ( 24.37500000000000711, 0.000000000000000000, -38.31559892324150240 ) ) ;
#2870 = ADVANCED_FACE ( 'NONE', ( #5080 ), #5674, .F. ) ;
#2871 = LINE ( 'NONE', #2254, #5313 ) ;
#2872 = CARTESIAN_POINT ( 'NONE',  ( -37.29817992665991966, 4.000000000000000000, -18.98073833861428739 ) ) ;
#2873 = CARTESIAN_POINT ( 'NONE',  ( -25.08061036275546130, -15.00000000000000355, 19.19518084462873375 ) ) ;
#2874 = AXIS2_PLACEMENT_3D ( 'NONE', #1471, #3526, #3596 ) ;
#2875 = ORIENTED_EDGE ( 'NONE', *, *, #3688, .T. ) ;
#2876 = ORIENTED_EDGE ( 'NONE', *, *, #1730, .T. ) ;
#2877 = CARTESIAN_POINT ( 'NONE',  ( -32.75000000000000000, 4.000000000000000000, 46.75000000000000000 ) ) ;
#2878 = EDGE_LOOP ( 'NONE', ( #5109, #516, #6297, #963 ) ) ;
#2879 = DIRECTION ( 'NONE',  ( -0.000000000000000000, 1.000000000000000000, -0.000000000000000000 ) ) ;
#2880 = LINE ( 'NONE', #238, #421 ) ;
#2881 = AXIS2_PLACEMENT_3D ( 'NONE', #2562, #4690, #4168 ) ;
#2882 = CARTESIAN_POINT ( 'NONE',  ( -18.04999999999999005, -15.00000000000000355, 29.09999999999998721 ) ) ;
#2883 = VECTOR ( 'NONE', #664, 1000.000000000000000 ) ;
#2884 = ADVANCED_FACE ( 'NONE', ( #2391 ), #5044, .F. ) ;
#2885 = ORIENTED_EDGE ( 'NONE', *, *, #2428, .T. ) ;
#2886 = AXIS2_PLACEMENT_3D ( 'NONE', #1381, #3618, #4800 ) ;
#2887 = CARTESIAN_POINT ( 'NONE',  ( -34.50481698196103508, -15.00000000000000355, 12.21614711618137683 ) ) ;
#2888 = ORIENTED_EDGE ( 'NONE', *, *, #4293, .T. ) ;
#2889 = DIRECTION ( 'NONE',  ( -0.000000000000000000, 1.000000000000000000, -0.000000000000000000 ) ) ;
#2890 = DIRECTION ( 'NONE',  ( 0.000000000000000000, 1.000000000000000000, 0.000000000000000000 ) ) ;
#2891 = CARTESIAN_POINT ( 'NONE',  ( 0.000000000000000000, 0.000000000000000000, 43.09999999999998721 ) ) ;
#2892 = LINE ( 'NONE', #1782, #1658 ) ;
#2893 = FACE_OUTER_BOUND ( 'NONE', #4701, .T. ) ;
#2894 = VECTOR ( 'NONE', #1434, 1000.000000000000114 ) ;
#2895 = VERTEX_POINT ( 'NONE', #6235 ) ;
#2896 = ORIENTED_EDGE ( 'NONE', *, *, #4629, .F. ) ;
#2897 = VECTOR ( 'NONE', #846, 1000.000000000000227 ) ;
#2898 = DIRECTION ( 'NONE',  ( 0.9311749454423310368, -0.000000000000000000, 0.3645726552835139023 ) ) ;
#2899 = ORIENTED_EDGE ( 'NONE', *, *, #5436, .T. ) ;
#2900 = VECTOR ( 'NONE', #6102, 1000.000000000000000 ) ;
#2901 = EDGE_CURVE ( 'NONE', #325, #3295, #894, .T. ) ;
#2902 = AXIS2_PLACEMENT_3D ( 'NONE', #177, #4362, #2856 ) ;
#2903 = CARTESIAN_POINT ( 'NONE',  ( -24.89158124226813484, -15.00000000000000355, 2.291902469791998964 ) ) ;
#2904 = ORIENTED_EDGE ( 'NONE', *, *, #1039, .F. ) ;
#2905 = CARTESIAN_POINT ( 'NONE',  ( -18.04999999999999005, 0.000000000000000000, 43.09999999999998721 ) ) ;
#2906 = ORIENTED_EDGE ( 'NONE', *, *, #319, .T. ) ;
#2907 = CARTESIAN_POINT ( 'NONE',  ( -23.79090670959995180, -15.00000000000000355, -4.771514207239781591 ) ) ;
#2908 = FACE_OUTER_BOUND ( 'NONE', #4173, .T. ) ;
#2909 = DIRECTION ( 'NONE',  ( -0.9311749454423312589, 0.000000000000000000, -0.3645726552835133472 ) ) ;
#2910 = ORIENTED_EDGE ( 'NONE', *, *, #4926, .F. ) ;
#2911 = ORIENTED_EDGE ( 'NONE', *, *, #2953, .F. ) ;
#2912 = DIRECTION ( 'NONE',  ( 0.000000000000000000, 0.000000000000000000, 1.000000000000000000 ) ) ;
#2913 = CARTESIAN_POINT ( 'NONE',  ( 1.000000000000011324, -15.00000000000000355, -28.05000000000001137 ) ) ;
#2914 = ORIENTED_EDGE ( 'NONE', *, *, #4760, .F. ) ;
#2915 = EDGE_CURVE ( 'NONE', #2476, #6648, #4125, .T. ) ;
#2916 = CARTESIAN_POINT ( 'NONE',  ( -38.78435725479876339, 0.000000000000000000, -15.18481159426996463 ) ) ;
#2917 = DIRECTION ( 'NONE',  ( 0.000000000000000000, -0.000000000000000000, 1.000000000000000000 ) ) ;
#2918 = CARTESIAN_POINT ( 'NONE',  ( 20.05000000000001137, 0.000000000000000000, 29.59999999999998721 ) ) ;
#2919 = DIRECTION ( 'NONE',  ( 0.000000000000000000, 1.000000000000000000, 0.000000000000000000 ) ) ;
#2920 = FACE_OUTER_BOUND ( 'NONE', #6122, .T. ) ;
#2921 = VERTEX_POINT ( 'NONE', #6612 ) ;
#2922 = VECTOR ( 'NONE', #1663, 1000.000000000000000 ) ;
#2923 = CYLINDRICAL_SURFACE ( 'NONE', #4908, 0.9999999999999940048 ) ;
#2924 = DIRECTION ( 'NONE',  ( -0.000000000000000000, 1.000000000000000000, -0.000000000000000000 ) ) ;
#2925 = FACE_BOUND ( 'NONE', #3832, .T. ) ;
#2926 = CYLINDRICAL_SURFACE ( 'NONE', #1438, 0.5000000000000004441 ) ;
#2927 = CARTESIAN_POINT ( 'NONE',  ( 34.37500000000000000, 4.000000000000000000, -38.31559892324150240 ) ) ;
#2928 = EDGE_CURVE ( 'NONE', #851, #5916, #791, .T. ) ;
#2929 = EDGE_CURVE ( 'NONE', #3506, #834, #1909, .T. ) ;
#2930 = AXIS2_PLACEMENT_3D ( 'NONE', #3807, #2687, #4322 ) ;
#2931 = VERTEX_POINT ( 'NONE', #932 ) ;
#2932 = ORIENTED_EDGE ( 'NONE', *, *, #3979, .T. ) ;
#2933 = LINE ( 'NONE', #709, #3805 ) ;
#2934 = EDGE_CURVE ( 'NONE', #6894, #5111, #5909, .T. ) ;
#2935 = ORIENTED_EDGE ( 'NONE', *, *, #4232, .F. ) ;
#2936 = EDGE_CURVE ( 'NONE', #3827, #3512, #3996, .T. ) ;
#2937 = CARTESIAN_POINT ( 'NONE',  ( -24.89158124226812419, -15.00000000000000355, 15.97991126881479573 ) ) ;
#2938 = VERTEX_POINT ( 'NONE', #4483 ) ;
#2939 = CARTESIAN_POINT ( 'NONE',  ( -36.15909329039983788, 0.000000000000000000, -31.32602688161967208 ) ) ;
#2940 = ORIENTED_EDGE ( 'NONE', *, *, #2064, .T. ) ;
#2941 = DIRECTION ( 'NONE',  ( 0.000000000000000000, 0.000000000000000000, 1.000000000000000000 ) ) ;
#2942 = CARTESIAN_POINT ( 'NONE',  ( -5.049999999999991829, -15.00000000000000355, 29.09999999999998721 ) ) ;
#2943 = CARTESIAN_POINT ( 'NONE',  ( 0.000000000000000000, 0.000000000000000000, -44.72750000000000625 ) ) ;
#2944 = VERTEX_POINT ( 'NONE', #2425 ) ;
#2945 = ORIENTED_EDGE ( 'NONE', *, *, #3838, .T. ) ;
#2946 = DIRECTION ( 'NONE',  ( 0.000000000000000000, 1.000000000000000000, 0.000000000000000000 ) ) ;
#2947 = DIRECTION ( 'NONE',  ( 0.000000000000000000, 0.000000000000000000, 1.000000000000000000 ) ) ;
#2948 = ORIENTED_EDGE ( 'NONE', *, *, #5225, .F. ) ;
#2949 = AXIS2_PLACEMENT_3D ( 'NONE', #1793, #4930, #157 ) ;
#2950 = DIRECTION ( 'NONE',  ( -1.000000000000000000, 0.000000000000000000, 0.000000000000000000 ) ) ;
#2951 = CARTESIAN_POINT ( 'NONE',  ( -36.36700498121759040, 0.000000000000000000, 22.44786071373636815 ) ) ;
#2952 = CARTESIAN_POINT ( 'NONE',  ( 28.87500000000000711, -15.00000000000000355, -46.10982755730143623 ) ) ;
#2953 = EDGE_CURVE ( 'NONE', #6714, #5817, #3055, .T. ) ;
#2954 = CARTESIAN_POINT ( 'NONE',  ( -36.36700498121759040, 4.000000000000000000, 22.44786071373636815 ) ) ;
#2955 = EDGE_CURVE ( 'NONE', #2983, #6862, #4033, .T. ) ;
#2956 = VERTEX_POINT ( 'NONE', #1980 ) ;
#2957 = CARTESIAN_POINT ( 'NONE',  ( 14.00000000000001243, -15.00000000000000355, 42.59999999999998721 ) ) ;
#2958 = EDGE_LOOP ( 'NONE', ( #2090, #5473, #6675, #400, #1080, #2400, #1171, #2626 ) ) ;
#2959 = EDGE_CURVE ( 'NONE', #4054, #6859, #5346, .T. ) ;
#2960 = DIRECTION ( 'NONE',  ( -0.000000000000000000, 1.000000000000000000, -0.000000000000000000 ) ) ;
#2961 = ADVANCED_FACE ( 'NONE', ( #3122 ), #2601, .F. ) ;
#2962 = DIRECTION ( 'NONE',  ( 0.000000000000000000, 0.000000000000000000, 1.000000000000000000 ) ) ;
#2963 = FACE_BOUND ( 'NONE', #5450, .T. ) ;
#2964 = LINE ( 'NONE', #6591, #6784 ) ;
#2965 = FACE_OUTER_BOUND ( 'NONE', #5069, .T. ) ;
#2966 = AXIS2_PLACEMENT_3D ( 'NONE', #2419, #369, #6156 ) ;
#2967 = ORIENTED_EDGE ( 'NONE', *, *, #4466, .T. ) ;
#2968 = CARTESIAN_POINT ( 'NONE',  ( -34.13753940197766212, 0.000000000000000000, -13.36549425598281182 ) ) ;
#2969 = ORIENTED_EDGE ( 'NONE', *, *, #281, .F. ) ;
#2970 = CARTESIAN_POINT ( 'NONE',  ( -1.998790811442542781, 0.000000000000000000, -9.403571434065002066 ) ) ;
#2971 = EDGE_LOOP ( 'NONE', ( #5321, #5920, #3542, #198, #5074, #5286, #753, #4267 ) ) ;
#2972 = DIRECTION ( 'NONE',  ( 0.000000000000000000, 0.000000000000000000, -1.000000000000000000 ) ) ;
#2973 = CIRCLE ( 'NONE', #3311, 0.5000000000000004441 ) ;
#2974 = EDGE_CURVE ( 'NONE', #680, #5177, #511, .T. ) ;
#2975 = ORIENTED_EDGE ( 'NONE', *, *, #2234, .F. ) ;
#2976 = LINE ( 'NONE', #3010, #6526 ) ;
#2977 = CARTESIAN_POINT ( 'NONE',  ( -34.86938963724456642, 4.000000000000000000, -27.91670433544451413 ) ) ;
#2978 = FACE_BOUND ( 'NONE', #60, .T. ) ;
#2979 = VERTEX_POINT ( 'NONE', #2115 ) ;
#2980 = ORIENTED_EDGE ( 'NONE', *, *, #5430, .T. ) ;
#2981 = DIRECTION ( 'NONE',  ( 0.000000000000000000, 0.000000000000000000, 1.000000000000000000 ) ) ;
#2982 = CARTESIAN_POINT ( 'NONE',  ( -34.12724381228956361, -15.00000000000000355, -10.64885330532327323 ) ) ;
#2983 = VERTEX_POINT ( 'NONE', #1626 ) ;
#2984 = CARTESIAN_POINT ( 'NONE',  ( -23.79090670959995180, 4.000000000000000000, -4.771514207239782479 ) ) ;
#2985 = LINE ( 'NONE', #6187, #2144 ) ;
#2986 = DIRECTION ( 'NONE',  ( 1.000000000000000000, -0.000000000000000000, 0.000000000000000000 ) ) ;
#2987 = EDGE_LOOP ( 'NONE', ( #785, #3459, #536, #6022 ) ) ;
#2988 = EDGE_CURVE ( 'NONE', #1235, #5217, #3793, .T. ) ;
#2989 = ORIENTED_EDGE ( 'NONE', *, *, #1157, .T. ) ;
#2990 = DIRECTION ( 'NONE',  ( 0.000000000000000000, 1.000000000000000000, 0.000000000000000000 ) ) ;
#2991 = ORIENTED_EDGE ( 'NONE', *, *, #1135, .F. ) ;
#2992 = EDGE_CURVE ( 'NONE', #3117, #4469, #3757, .T. ) ;
#2993 = VECTOR ( 'NONE', #4544, 1000.000000000000000 ) ;
#2994 = DIRECTION ( 'NONE',  ( -0.9311749454423312589, 0.000000000000000000, -0.3645726552835132916 ) ) ;
#2995 = CARTESIAN_POINT ( 'NONE',  ( 1.000000000000011324, 4.000000000000000000, 23.54999999999998650 ) ) ;
#2996 = FACE_BOUND ( 'NONE', #5460, .T. ) ;
#2997 = LINE ( 'NONE', #3560, #4993 ) ;
#2998 = CARTESIAN_POINT ( 'NONE',  ( 14.50000000000001243, 0.000000000000000000, -8.500000000000007105 ) ) ;
#2999 = VECTOR ( 'NONE', #6756, 1000.000000000000000 ) ;
#3000 = AXIS2_PLACEMENT_3D ( 'NONE', #2748, #6094, #4976 ) ;
#3001 = ORIENTED_EDGE ( 'NONE', *, *, #4975, .T. ) ;
#3002 = ORIENTED_EDGE ( 'NONE', *, *, #403, .T. ) ;
#3003 = DIRECTION ( 'NONE',  ( 0.000000000000000000, 0.000000000000000000, 1.000000000000000000 ) ) ;
#3004 = ORIENTED_EDGE ( 'NONE', *, *, #1071, .F. ) ;
#3005 = AXIS2_PLACEMENT_3D ( 'NONE', #5092, #2962, #909 ) ;
#3006 = FACE_OUTER_BOUND ( 'NONE', #4340, .T. ) ;
#3007 = ORIENTED_EDGE ( 'NONE', *, *, #1218, .T. ) ;
#3008 = PLANE ( 'NONE',  #663 ) ;
#3009 = ORIENTED_EDGE ( 'NONE', *, *, #2085, .T. ) ;
#3010 = CARTESIAN_POINT ( 'NONE',  ( 0.000000000000000000, 4.000000000000000000, -14.05000000000001315 ) ) ;
#3011 = CARTESIAN_POINT ( 'NONE',  ( 0.000000000000000000, 4.000000000000000000, -14.05000000000001315 ) ) ;
#3012 = EDGE_CURVE ( 'NONE', #1059, #3496, #5885, .T. ) ;
#3013 = ORIENTED_EDGE ( 'NONE', *, *, #3647, .T. ) ;
#3014 = AXIS2_PLACEMENT_3D ( 'NONE', #1577, #1054, #5834 ) ;
#3015 = EDGE_LOOP ( 'NONE', ( #1824, #3437, #5131, #6864 ) ) ;
#3016 = ADVANCED_FACE ( 'NONE', ( #3684 ), #2149, .F. ) ;
#3017 = DIRECTION ( 'NONE',  ( 0.000000000000000000, 1.000000000000000000, -0.000000000000000000 ) ) ;
#3018 = CARTESIAN_POINT ( 'NONE',  ( -35.05841875773188576, -15.00000000000000355, 30.05060043646134105 ) ) ;
#3019 = EDGE_LOOP ( 'NONE', ( #202, #6783, #4689, #2127, #688, #6195, #3095 ) ) ;
#3020 = DIRECTION ( 'NONE',  ( 1.000000000000000000, 0.000000000000000000, -0.000000000000000000 ) ) ;
#3021 = CARTESIAN_POINT ( 'NONE',  ( 14.00000000000001243, 0.000000000000000000, 10.54999999999999005 ) ) ;
#3022 = AXIS2_PLACEMENT_3D ( 'NONE', #4047, #5127, #4010 ) ;
#3023 = VERTEX_POINT ( 'NONE', #964 ) ;
#3024 = CARTESIAN_POINT ( 'NONE',  ( 19.55000000000001137, 0.000000000000000000, 0.000000000000000000 ) ) ;
#3025 = EDGE_CURVE ( 'NONE', #215, #4593, #6795, .T. ) ;
#3026 = VERTEX_POINT ( 'NONE', #5850 ) ;
#3027 = LINE ( 'NONE', #4007, #2795 ) ;
#3028 = VERTEX_POINT ( 'NONE', #5215 ) ;
#3029 = VECTOR ( 'NONE', #3950, 1000.000000000000114 ) ;
#3030 = CARTESIAN_POINT ( 'NONE',  ( -18.04999999999999005, -15.00000000000000355, -14.55000000000001492 ) ) ;
#3031 = CARTESIAN_POINT ( 'NONE',  ( -22.65182007334010095, 4.000000000000000000, 23.94722364682220217 ) ) ;
#3032 = DIRECTION ( 'NONE',  ( 0.9311749454423308148, -0.000000000000000000, 0.3645726552835142908 ) ) ;
#3033 = DIRECTION ( 'NONE',  ( 0.000000000000000000, 1.000000000000000000, 0.000000000000000000 ) ) ;
#3034 = CYLINDRICAL_SURFACE ( 'NONE', #6603, 0.5000000000000004441 ) ;
#3035 = AXIS2_PLACEMENT_3D ( 'NONE', #1074, #4277, #1525 ) ;
#3036 = ORIENTED_EDGE ( 'NONE', *, *, #2750, .T. ) ;
#3037 = DIRECTION ( 'NONE',  ( 0.000000000000000000, -0.000000000000000000, 1.000000000000000000 ) ) ;
#3038 = EDGE_LOOP ( 'NONE', ( #789, #777, #1598, #6110 ) ) ;
#3039 = AXIS2_PLACEMENT_3D ( 'NONE', #5662, #1475, #917 ) ;
#3040 = ORIENTED_EDGE ( 'NONE', *, *, #3341, .F. ) ;
#3041 = VECTOR ( 'NONE', #2201, 1000.000000000000000 ) ;
#3042 = EDGE_CURVE ( 'NONE', #2047, #4506, #772, .T. ) ;
#3043 = CYLINDRICAL_SURFACE ( 'NONE', #1444, 0.5000000000000004441 ) ;
#3044 = EDGE_CURVE ( 'NONE', #3583, #3426, #5008, .T. ) ;
#3045 = VERTEX_POINT ( 'NONE', #2637 ) ;
#3046 = CARTESIAN_POINT ( 'NONE',  ( 0.000000000000000000, 4.000000000000000000, -28.05000000000001137 ) ) ;
#3047 = ADVANCED_FACE ( 'NONE', ( #1106 ), #4732, .F. ) ;
#3048 = CIRCLE ( 'NONE', #1607, 0.5000000000000004441 ) ;
#3049 = ORIENTED_EDGE ( 'NONE', *, *, #5629, .T. ) ;
#3050 = AXIS2_PLACEMENT_3D ( 'NONE', #971, #5224, #4669 ) ;
#3051 = DIRECTION ( 'NONE',  ( 0.000000000000000000, 1.000000000000000000, 0.000000000000000000 ) ) ;
#3052 = EDGE_CURVE ( 'NONE', #357, #3302, #6347, .T. ) ;
#3053 = ORIENTED_EDGE ( 'NONE', *, *, #5467, .F. ) ;
#3054 = ORIENTED_EDGE ( 'NONE', *, *, #4820, .T. ) ;
#3055 = LINE ( 'NONE', #4552, #3226 ) ;
#3056 = LINE ( 'NONE', #6684, #1001 ) ;
#3057 = VERTEX_POINT ( 'NONE', #2014 ) ;
#3058 = CARTESIAN_POINT ( 'NONE',  ( -41.37500000000000711, 0.000000000000000000, -54.62500000000000000 ) ) ;
#3059 = CARTESIAN_POINT ( 'NONE',  ( 0.000000000000000000, 0.000000000000000000, -9.000000000000007105 ) ) ;
#3060 = ORIENTED_EDGE ( 'NONE', *, *, #5712, .T. ) ;
#3061 = LINE ( 'NONE', #415, #1939 ) ;
#3062 = ORIENTED_EDGE ( 'NONE', *, *, #4265, .F. ) ;
#3063 = VECTOR ( 'NONE', #138, 1000.000000000000000 ) ;
#3064 = EDGE_CURVE ( 'NONE', #5961, #3066, #2048, .T. ) ;
#3065 = CARTESIAN_POINT ( 'NONE',  ( -34.12724381228955650, 4.000000000000000000, 30.41517309174485106 ) ) ;
#3066 = VERTEX_POINT ( 'NONE', #1523 ) ;
#3067 = CARTESIAN_POINT ( 'NONE',  ( -34.50481698196103508, 0.000000000000000000, 12.21614711618137683 ) ) ;
#3068 = CARTESIAN_POINT ( 'NONE',  ( -5.203124553291780252, 0.000000000000000000, 13.28958481066923980 ) ) ;
#3069 = LINE ( 'NONE', #2062, #603 ) ;
#3070 = DIRECTION ( 'NONE',  ( 0.000000000000000000, 0.000000000000000000, 1.000000000000000000 ) ) ;
#3071 = CARTESIAN_POINT ( 'NONE',  ( 25.37500000000000711, -15.00000000000000355, -38.31559892324149530 ) ) ;
#3072 = ORIENTED_EDGE ( 'NONE', *, *, #876, .F. ) ;
#3073 = CARTESIAN_POINT ( 'NONE',  ( 0.000000000000000000, 4.000000000000000000, 10.04999999999999005 ) ) ;
#3074 = VERTEX_POINT ( 'NONE', #2568 ) ;
#3075 = CIRCLE ( 'NONE', #2966, 1.000000000000000888 ) ;
#3076 = AXIS2_PLACEMENT_3D ( 'NONE', #693, #2950, #2815 ) ;
#3077 = ORIENTED_EDGE ( 'NONE', *, *, #705, .F. ) ;
#3078 = DIRECTION ( 'NONE',  ( -0.2079116908176844580, 0.000000000000000000, -0.9781476007338215650 ) ) ;
#3079 = ORIENTED_EDGE ( 'NONE', *, *, #6636, .T. ) ;
#3080 = DIRECTION ( 'NONE',  ( 0.000000000000000000, 1.000000000000000000, 0.000000000000000000 ) ) ;
#3081 = VECTOR ( 'NONE', #6169, 1000.000000000000000 ) ;
#3082 = ORIENTED_EDGE ( 'NONE', *, *, #3417, .T. ) ;
#3083 = FACE_BOUND ( 'NONE', #1404, .T. ) ;
#3084 = ORIENTED_EDGE ( 'NONE', *, *, #3138, .T. ) ;
#3085 = ADVANCED_FACE ( 'NONE', ( #1489 ), #4699, .F. ) ;
#3086 = ADVANCED_FACE ( 'NONE', ( #997 ), #2080, .F. ) ;
#3087 = VERTEX_POINT ( 'NONE', #5814 ) ;
#3088 = CARTESIAN_POINT ( 'NONE',  ( -20.19708584351437963, 0.000000000000000000, -7.907542241121360505 ) ) ;
#3089 = AXIS2_PLACEMENT_3D ( 'NONE', #1770, #726, #3834 ) ;
#3090 = EDGE_CURVE ( 'NONE', #5601, #6539, #4439, .T. ) ;
#3091 = CARTESIAN_POINT ( 'NONE',  ( -23.79090670960005482, -15.00000000000000355, 8.916494591781969348 ) ) ;
#3092 = VERTEX_POINT ( 'NONE', #1729 ) ;
#3093 = DIRECTION ( 'NONE',  ( 0.9311749454423309258, -0.000000000000000000, 0.3645726552835141798 ) ) ;
#3094 = DIRECTION ( 'NONE',  ( -0.9311749454423313699, 0.000000000000000000, -0.3645726552835132916 ) ) ;
#3095 = ORIENTED_EDGE ( 'NONE', *, *, #1135, .T. ) ;
#3096 = CARTESIAN_POINT ( 'NONE',  ( 1.000000000000011324, 4.000000000000000000, 42.59999999999998721 ) ) ;
#3097 = EDGE_CURVE ( 'NONE', #4384, #2611, #1661, .T. ) ;
#3098 = VERTEX_POINT ( 'NONE', #3849 ) ;
#3099 = DIRECTION ( 'NONE',  ( 0.000000000000000000, 0.000000000000000000, 1.000000000000000000 ) ) ;
#3100 = ORIENTED_EDGE ( 'NONE', *, *, #582, .T. ) ;
#3101 =( LENGTH_UNIT ( ) NAMED_UNIT ( * ) SI_UNIT ( .MILLI., .METRE. ) );
#3102 = DIRECTION ( 'NONE',  ( 0.000000000000000000, 1.000000000000000000, 0.000000000000000000 ) ) ;
#3103 = CARTESIAN_POINT ( 'NONE',  ( 20.05000000000001137, -15.00000000000000355, 4.499999999999990230 ) ) ;
#3104 = LINE ( 'NONE', #1678, #2823 ) ;
#3105 = EDGE_CURVE ( 'NONE', #6561, #6559, #5485, .T. ) ;
#3106 = DIRECTION ( 'NONE',  ( 0.000000000000000000, 0.000000000000000000, 1.000000000000000000 ) ) ;
#3107 = CARTESIAN_POINT ( 'NONE',  ( -18.04999999999999005, 0.000000000000000000, 42.59999999999998721 ) ) ;
#3108 = PLANE ( 'NONE',  #6599 ) ;
#3109 = CIRCLE ( 'NONE', #4117, 1.000000000000000888 ) ;
#3110 = ORIENTED_EDGE ( 'NONE', *, *, #783, .T. ) ;
#3111 = AXIS2_PLACEMENT_3D ( 'NONE', #5520, #3463, #5138 ) ;
#3112 = ADVANCED_FACE ( 'NONE', ( #3820 ), #1141, .F. ) ;
#3113 = ORIENTED_EDGE ( 'NONE', *, *, #6135, .T. ) ;
#3114 = VECTOR ( 'NONE', #6273, 1000.000000000000000 ) ;
#3115 = CARTESIAN_POINT ( 'NONE',  ( 14.50000000000001243, -15.00000000000000355, 10.54999999999999005 ) ) ;
#3116 = CARTESIAN_POINT ( 'NONE',  ( -32.75000000000000000, 0.000000000000000000, 44.50000000000000000 ) ) ;
#3117 = VERTEX_POINT ( 'NONE', #5953 ) ;
#3118 = FACE_BOUND ( 'NONE', #6400, .T. ) ;
#3119 = ORIENTED_EDGE ( 'NONE', *, *, #786, .F. ) ;
#3120 = ORIENTED_EDGE ( 'NONE', *, *, #6708, .T. ) ;
#3121 = VECTOR ( 'NONE', #5032, 1000.000000000000000 ) ;
#3122 = FACE_OUTER_BOUND ( 'NONE', #1423, .T. ) ;
#3123 = ORIENTED_EDGE ( 'NONE', *, *, #2901, .F. ) ;
#3124 = DIRECTION ( 'NONE',  ( 0.000000000000000000, 0.000000000000000000, 1.000000000000000000 ) ) ;
#3125 = ORIENTED_EDGE ( 'NONE', *, *, #1488, .F. ) ;
#3126 = DIRECTION ( 'NONE',  ( 0.000000000000000000, 0.000000000000000000, 1.000000000000000000 ) ) ;
#3127 = DIRECTION ( 'NONE',  ( 0.000000000000000000, 1.000000000000000000, 0.000000000000000000 ) ) ;
#3128 = ORIENTED_EDGE ( 'NONE', *, *, #1299, .F. ) ;
#3129 = VECTOR ( 'NONE', #523, 1000.000000000000000 ) ;
#3130 = CIRCLE ( 'NONE', #684, 1.000000000000000888 ) ;
#3131 = ORIENTED_EDGE ( 'NONE', *, *, #5011, .T. ) ;
#3132 = EDGE_CURVE ( 'NONE', #884, #2250, #3916, .T. ) ;
#3133 = DIRECTION ( 'NONE',  ( 0.9781476007338071321, 0.000000000000000000, -0.2079116908177521539 ) ) ;
#3134 = VECTOR ( 'NONE', #5407, 1000.000000000000000 ) ;
#3135 = VERTEX_POINT ( 'NONE', #1170 ) ;
#3136 = EDGE_CURVE ( 'NONE', #122, #3698, #171, .T. ) ;
#3137 = DIRECTION ( 'NONE',  ( 0.000000000000000000, 1.000000000000000000, 0.000000000000000000 ) ) ;
#3138 = EDGE_CURVE ( 'NONE', #5579, #5736, #3262, .T. ) ;
#3139 = LINE ( 'NONE', #527, #1124 ) ;
#3140 = DIRECTION ( 'NONE',  ( 0.9311749454423308148, -0.000000000000000000, 0.3645726552835142908 ) ) ;
#3141 = DIRECTION ( 'NONE',  ( -0.000000000000000000, 1.000000000000000000, -0.000000000000000000 ) ) ;
#3142 = CARTESIAN_POINT ( 'NONE',  ( -23.58299501878243376, 0.000000000000000000, -31.16938420455214498 ) ) ;
#3143 = FACE_OUTER_BOUND ( 'NONE', #3276, .T. ) ;
#3144 = FACE_OUTER_BOUND ( 'NONE', #2878, .T. ) ;
#3145 = CARTESIAN_POINT ( 'NONE',  ( -36.15909329039983078, -15.00000000000000355, 37.11401711349386545 ) ) ;
#3146 = EDGE_LOOP ( 'NONE', ( #4897, #3228, #197, #3971 ) ) ;
#3147 = VERTEX_POINT ( 'NONE', #6469 ) ;
#3148 = CARTESIAN_POINT ( 'NONE',  ( 33.05000000000001137, 4.000000000000000000, -9.000000000000007105 ) ) ;
#3149 = CARTESIAN_POINT ( 'NONE',  ( -18.04999999999999005, 4.000000000000000000, 29.59999999999998721 ) ) ;
#3150 = EDGE_CURVE ( 'NONE', #4668, #5384, #581, .T. ) ;
#3151 = EDGE_LOOP ( 'NONE', ( #5705, #4195, #2590, #4931 ) ) ;
#3152 = CYLINDRICAL_SURFACE ( 'NONE', #6573, 0.5000000000000004441 ) ;
#3153 = AXIS2_PLACEMENT_3D ( 'NONE', #6745, #1929, #4018 ) ;
#3154 = ORIENTED_EDGE ( 'NONE', *, *, #3782, .F. ) ;
#3155 = EDGE_CURVE ( 'NONE', #2707, #2539, #5389, .T. ) ;
#3156 = VERTEX_POINT ( 'NONE', #2770 ) ;
#3157 = DIRECTION ( 'NONE',  ( 0.000000000000000000, 0.000000000000000000, 1.000000000000000000 ) ) ;
#3158 = ORIENTED_EDGE ( 'NONE', *, *, #5355, .F. ) ;
#3159 = VECTOR ( 'NONE', #632, 1000.000000000000000 ) ;
#3160 = LINE ( 'NONE', #2605, #5482 ) ;
#3161 = VERTEX_POINT ( 'NONE', #1234 ) ;
#3162 = VECTOR ( 'NONE', #1571, 1000.000000000000000 ) ;
#3163 = CARTESIAN_POINT ( 'NONE',  ( 14.00000000000001243, 0.000000000000000000, -9.000000000000007105 ) ) ;
#3164 = DIRECTION ( 'NONE',  ( 0.2079116908177520429, 0.000000000000000000, 0.9781476007338072431 ) ) ;
#3165 = ORIENTED_EDGE ( 'NONE', *, *, #3782, .T. ) ;
#3166 = ORIENTED_EDGE ( 'NONE', *, *, #4367, .F. ) ;
#3167 = DIRECTION ( 'NONE',  ( -0.000000000000000000, 1.000000000000000000, -0.000000000000000000 ) ) ;
#3168 = ORIENTED_EDGE ( 'NONE', *, *, #110, .F. ) ;
#3169 = LINE ( 'NONE', #3204, #182 ) ;
#3170 = CARTESIAN_POINT ( 'NONE',  ( -22.65182007334003345, 0.000000000000000000, 10.25921484779930104 ) ) ;
#3171 = CARTESIAN_POINT ( 'NONE',  ( -18.54999999999999005, 4.000000000000000000, 23.54999999999998650 ) ) ;
#3172 = DIRECTION ( 'NONE',  ( -0.000000000000000000, 1.000000000000000000, -0.000000000000000000 ) ) ;
#3173 = ADVANCED_FACE ( 'NONE', ( #5452 ), #2738, .F. ) ;
#3174 = EDGE_CURVE ( 'NONE', #5243, #5399, #4398, .T. ) ;
#3175 = EDGE_CURVE ( 'NONE', #438, #1451, #4867, .T. ) ;
#3176 = EDGE_CURVE ( 'NONE', #2210, #4035, #4070, .T. ) ;
#3177 = VECTOR ( 'NONE', #6046, 1000.000000000000000 ) ;
#3178 = FACE_OUTER_BOUND ( 'NONE', #3146, .T. ) ;
#3179 = CARTESIAN_POINT ( 'NONE',  ( -24.89158124226813840, -15.00000000000000355, -25.08411512825341916 ) ) ;
#3180 = DIRECTION ( 'NONE',  ( 0.000000000000000000, 0.000000000000000000, 1.000000000000000000 ) ) ;
#3181 = FACE_OUTER_BOUND ( 'NONE', #5248, .T. ) ;
#3182 = ORIENTED_EDGE ( 'NONE', *, *, #3301, .T. ) ;
#3183 = VECTOR ( 'NONE', #6701, 1000.000000000000000 ) ;
#3184 = ORIENTED_EDGE ( 'NONE', *, *, #384, .F. ) ;
#3185 = LINE ( 'NONE', #4231, #5558 ) ;
#3186 = DIRECTION ( 'NONE',  ( 0.000000000000000000, 0.000000000000000000, 1.000000000000000000 ) ) ;
#3187 = EDGE_LOOP ( 'NONE', ( #5159, #6274, #6808, #447 ) ) ;
#3188 = CIRCLE ( 'NONE', #4863, 0.5000000000000004441 ) ;
#3189 = DIRECTION ( 'NONE',  ( 0.000000000000000000, 0.000000000000000000, 1.000000000000000000 ) ) ;
#3190 = VECTOR ( 'NONE', #6811, 1000.000000000000000 ) ;
#3191 = ORIENTED_EDGE ( 'NONE', *, *, #3896, .T. ) ;
#3192 = VERTEX_POINT ( 'NONE', #4343 ) ;
#3193 = CARTESIAN_POINT ( 'NONE',  ( -36.36700498121759750, -15.00000000000000355, -32.30417448235347422 ) ) ;
#3194 = AXIS2_PLACEMENT_3D ( 'NONE', #31, #5292, #4280 ) ;
#3195 = EDGE_LOOP ( 'NONE', ( #2842, #4965, #5462, #480 ) ) ;
#3196 = CARTESIAN_POINT ( 'NONE',  ( 33.05000000000001137, -15.00000000000000355, -27.55000000000001137 ) ) ;
#3197 = ORIENTED_EDGE ( 'NONE', *, *, #1870, .F. ) ;
#3198 = PLANE ( 'NONE',  #3411 ) ;
#3199 = DIRECTION ( 'NONE',  ( -0.9311749454423312589, 0.000000000000000000, -0.3645726552835132916 ) ) ;
#3200 = ORIENTED_EDGE ( 'NONE', *, *, #5954, .F. ) ;
#3201 = ORIENTED_EDGE ( 'NONE', *, *, #6030, .F. ) ;
#3202 = LINE ( 'NONE', #4774, #4895 ) ;
#3203 = ORIENTED_EDGE ( 'NONE', *, *, #4500, .T. ) ;
#3204 = CARTESIAN_POINT ( 'NONE',  ( -4.549999999999991829, 4.000000000000000000, 0.000000000000000000 ) ) ;
#3205 = LINE ( 'NONE', #3242, #5574 ) ;
#3206 = DIRECTION ( 'NONE',  ( -0.000000000000000000, 1.000000000000000000, -0.000000000000000000 ) ) ;
#3207 = AXIS2_PLACEMENT_3D ( 'NONE', #4226, #6358, #3708 ) ;
#3208 = CARTESIAN_POINT ( 'NONE',  ( 0.5000000000000108802, -15.00000000000000355, -8.500000000000007105 ) ) ;
#3209 = EDGE_CURVE ( 'NONE', #6403, #6500, #6628, .T. ) ;
#3210 = EDGE_CURVE ( 'NONE', #5910, #5496, #4964, .T. ) ;
#3211 = MANIFOLD_SOLID_BREP ( 'Taglio-Estrusione3', #5624 ) ;
#3212 = DIRECTION ( 'NONE',  ( 1.000000000000000000, 0.000000000000000000, 0.000000000000000000 ) ) ;
#3213 = CIRCLE ( 'NONE', #2316, 0.9999999999999974465 ) ;
#3214 = DIRECTION ( 'NONE',  ( -0.000000000000000000, -1.000000000000000000, -0.000000000000000000 ) ) ;
#3215 = LINE ( 'NONE', #4920, #4749 ) ;
#3216 = LINE ( 'NONE', #85, #199 ) ;
#3217 = CARTESIAN_POINT ( 'NONE',  ( -25.82275618771047121, 0.000000000000000000, -25.44868778353693273 ) ) ;
#3218 = ORIENTED_EDGE ( 'NONE', *, *, #3386, .F. ) ;
#3219 = DIRECTION ( 'NONE',  ( 0.9781476007338072431, 0.000000000000000000, -0.2079116908177515433 ) ) ;
#3220 = AXIS2_PLACEMENT_3D ( 'NONE', #642, #2798, #3289 ) ;
#3221 = EDGE_LOOP ( 'NONE', ( #6443, #2192, #6095, #4026 ) ) ;
#3222 = AXIS2_PLACEMENT_3D ( 'NONE', #4688, #633, #1061 ) ;
#3223 = CARTESIAN_POINT ( 'NONE',  ( -18.04999999999999005, 0.000000000000000000, 29.59999999999998721 ) ) ;
#3224 = ORIENTED_EDGE ( 'NONE', *, *, #1855, .F. ) ;
#3225 = VERTEX_POINT ( 'NONE', #3702 ) ;
#3226 = VECTOR ( 'NONE', #232, 1000.000000000000114 ) ;
#3227 = DIRECTION ( 'NONE',  ( -0.000000000000000000, 1.000000000000000000, -0.000000000000000000 ) ) ;
#3228 = ORIENTED_EDGE ( 'NONE', *, *, #1978, .T. ) ;
#3229 = CARTESIAN_POINT ( 'NONE',  ( -32.75000000000000000, 4.000000000000000000, 44.50000000000000000 ) ) ;
#3230 = VERTEX_POINT ( 'NONE', #6842 ) ;
#3231 = CARTESIAN_POINT ( 'NONE',  ( -25.82275618771047121, 4.000000000000000000, -24.44868778353693628 ) ) ;
#3232 = FACE_OUTER_BOUND ( 'NONE', #4043, .T. ) ;
#3233 = EDGE_LOOP ( 'NONE', ( #1951, #102, #3648, #2412 ) ) ;
#3234 = EDGE_CURVE ( 'NONE', #104, #3804, #3593, .T. ) ;
#3235 = CIRCLE ( 'NONE', #1785, 0.9999999999999940048 ) ;
#3236 = EDGE_CURVE ( 'NONE', #2802, #2983, #286, .T. ) ;
#3237 = EDGE_LOOP ( 'NONE', ( #1320, #3859, #4589, #1331 ) ) ;
#3238 = CARTESIAN_POINT ( 'NONE',  ( -36.15909329039983078, 4.000000000000000000, 37.11401711349386545 ) ) ;
#3239 = ORIENTED_EDGE ( 'NONE', *, *, #1006, .F. ) ;
#3240 = CIRCLE ( 'NONE', #2787, 1.000000000000011324 ) ;
#3241 = DIRECTION ( 'NONE',  ( -0.9781476007338019141, 0.000000000000000000, 0.2079116908177766343 ) ) ;
#3242 = CARTESIAN_POINT ( 'NONE',  ( 14.50000000000001243, 4.000000000000000000, -0.000000000000000000 ) ) ;
#3243 = CIRCLE ( 'NONE', #682, 0.5000000000000004441 ) ;
#3244 = CARTESIAN_POINT ( 'NONE',  ( -34.86938963724455220, 4.000000000000000000, 13.14732206162371320 ) ) ;
#3245 = DIRECTION ( 'NONE',  ( -0.000000000000000000, 1.000000000000000000, -0.000000000000000000 ) ) ;
#3246 = EDGE_CURVE ( 'NONE', #68, #3889, #2065, .T. ) ;
#3247 = AXIS2_PLACEMENT_3D ( 'NONE', #5543, #5939, #2760 ) ;
#3248 = FACE_OUTER_BOUND ( 'NONE', #1664, .T. ) ;
#3249 = DIRECTION ( 'NONE',  ( -0.000000000000000000, 1.000000000000000000, -0.000000000000000000 ) ) ;
#3250 = DIRECTION ( 'NONE',  ( 0.9311749454423309258, 0.000000000000000000, 0.3645726552835141798 ) ) ;
#3251 = CYLINDRICAL_SURFACE ( 'NONE', #1072, 0.5000000000000004441 ) ;
#3252 = CARTESIAN_POINT ( 'NONE',  ( -25.82275618771047121, 0.000000000000000000, -10.76067898451422700 ) ) ;
#3253 = VERTEX_POINT ( 'NONE', #4153 ) ;
#3254 = DIRECTION ( 'NONE',  ( -0.000000000000000000, 1.000000000000000000, -0.000000000000000000 ) ) ;
#3255 = AXIS2_PLACEMENT_3D ( 'NONE', #1386, #3514, #5645 ) ;
#3256 = ORIENTED_EDGE ( 'NONE', *, *, #281, .T. ) ;
#3257 = CARTESIAN_POINT ( 'NONE',  ( -36.15909329039983078, 4.000000000000000000, 23.42600831447017740 ) ) ;
#3258 = EDGE_LOOP ( 'NONE', ( #2376, #5667, #1844, #5759 ) ) ;
#3259 = EDGE_CURVE ( 'NONE', #4620, #1969, #5232, .T. ) ;
#3260 = EDGE_CURVE ( 'NONE', #1586, #583, #5194, .T. ) ;
#3261 = ORIENTED_EDGE ( 'NONE', *, *, #276, .T. ) ;
#3262 = LINE ( 'NONE', #4405, #1068 ) ;
#3263 = EDGE_CURVE ( 'NONE', #5414, #2519, #843, .T. ) ;
#3264 = ORIENTED_EDGE ( 'NONE', *, *, #687, .F. ) ;
#3265 = AXIS2_PLACEMENT_3D ( 'NONE', #716, #4899, #128 ) ;
#3266 = DIRECTION ( 'NONE',  ( 0.000000000000000000, -0.000000000000000000, 1.000000000000000000 ) ) ;
#3267 = ORIENTED_EDGE ( 'NONE', *, *, #2992, .T. ) ;
#3268 = ADVANCED_FACE ( 'NONE', ( #454 ), #945, .F. ) ;
#3269 = CIRCLE ( 'NONE', #2162, 0.5000000000000004441 ) ;
#3270 = LINE ( 'NONE', #2709, #4648 ) ;
#3271 = CARTESIAN_POINT ( 'NONE',  ( -36.36700498121759750, 0.000000000000000000, -4.928156884308060093 ) ) ;
#3272 = VERTEX_POINT ( 'NONE', #2581 ) ;
#3273 = ORIENTED_EDGE ( 'NONE', *, *, #975, .F. ) ;
#3274 = AXIS2_PLACEMENT_3D ( 'NONE', #2230, #4357, #6482 ) ;
#3275 = CARTESIAN_POINT ( 'NONE',  ( 33.55000000000001137, 4.000000000000000000, -8.500000000000007105 ) ) ;
#3276 = EDGE_LOOP ( 'NONE', ( #3678, #5067, #6066, #2846 ) ) ;
#3277 = CARTESIAN_POINT ( 'NONE',  ( -24.89158124226813129, 0.000000000000000000, 29.66792006783741797 ) ) ;
#3278 = FACE_OUTER_BOUND ( 'NONE', #6371, .T. ) ;
#3279 = VECTOR ( 'NONE', #2472, 1000.000000000000000 ) ;
#3280 =( NAMED_UNIT ( * ) SI_UNIT ( $, .STERADIAN. ) SOLID_ANGLE_UNIT ( ) );
#3281 = EDGE_CURVE ( 'NONE', #1974, #6630, #724, .T. ) ;
#3282 = DIRECTION ( 'NONE',  ( 0.000000000000000000, 0.000000000000000000, 1.000000000000000000 ) ) ;
#3283 = LINE ( 'NONE', #5971, #133 ) ;
#3284 = LINE ( 'NONE', #1226, #1968 ) ;
#3285 = DIRECTION ( 'NONE',  ( 0.000000000000000000, 0.000000000000000000, 1.000000000000000000 ) ) ;
#3286 = DIRECTION ( 'NONE',  ( 0.000000000000000000, 1.000000000000000000, 0.000000000000000000 ) ) ;
#3287 = ORIENTED_EDGE ( 'NONE', *, *, #5656, .T. ) ;
#3288 = VECTOR ( 'NONE', #2309, 1000.000000000000000 ) ;
#3289 = DIRECTION ( 'NONE',  ( 0.9781476007338072431, 0.000000000000000000, -0.2079116908177516265 ) ) ;
#3290 = VERTEX_POINT ( 'NONE', #6284 ) ;
#3291 = LINE ( 'NONE', #3680, #1338 ) ;
#3292 = ORIENTED_EDGE ( 'NONE', *, *, #3931, .F. ) ;
#3293 = ADVANCED_FACE ( 'NONE', ( #4709 ), #2547, .F. ) ;
#3294 = DIRECTION ( 'NONE',  ( 0.3645726552835139023, 0.000000000000000000, -0.9311749454423310368 ) ) ;
#3295 = VERTEX_POINT ( 'NONE', #2614 ) ;
#3296 = DIRECTION ( 'NONE',  ( 1.000000000000000000, -0.000000000000000000, 0.000000000000000000 ) ) ;
#3297 = DIRECTION ( 'NONE',  ( -0.000000000000000000, 1.000000000000000000, -0.000000000000000000 ) ) ;
#3298 = DIRECTION ( 'NONE',  ( -0.000000000000000000, 1.000000000000000000, -0.000000000000000000 ) ) ;
#3299 = ORIENTED_EDGE ( 'NONE', *, *, #496, .T. ) ;
#3300 = VECTOR ( 'NONE', #2727, 1000.000000000000000 ) ;
#3301 = EDGE_CURVE ( 'NONE', #6728, #3572, #6072, .T. ) ;
#3302 = VERTEX_POINT ( 'NONE', #6247 ) ;
#3303 = DIRECTION ( 'NONE',  ( 0.000000000000000000, 0.000000000000000000, 1.000000000000000000 ) ) ;
#3304 = VERTEX_POINT ( 'NONE', #1468 ) ;
#3305 = FACE_OUTER_BOUND ( 'NONE', #747, .T. ) ;
#3306 = CARTESIAN_POINT ( 'NONE',  ( 19.55000000000001137, 0.000000000000000000, 4.499999999999990230 ) ) ;
#3307 = CARTESIAN_POINT ( 'NONE',  ( -35.05841875773188576, 4.000000000000000000, 30.05060043646134105 ) ) ;
#3308 = ADVANCED_FACE ( 'NONE', ( #6737 ), #871, .F. ) ;
#3309 = PRODUCT_CONTEXT ( 'NONE', #1713, 'mechanical' ) ;
#3310 = CARTESIAN_POINT ( 'NONE',  ( -18.04999999999999005, 0.000000000000000000, -28.05000000000001137 ) ) ;
#3311 = AXIS2_PLACEMENT_3D ( 'NONE', #1596, #6900, #3728 ) ;
#3312 = DIRECTION ( 'NONE',  ( 0.000000000000000000, 0.000000000000000000, 1.000000000000000000 ) ) ;
#3313 = EDGE_CURVE ( 'NONE', #5136, #2297, #5725, .T. ) ;
#3314 = LINE ( 'NONE', #5439, #689 ) ;
#3315 = CYLINDRICAL_SURFACE ( 'NONE', #5086, 1.000000000000000888 ) ;
#3316 = LINE ( 'NONE', #2138, #512 ) ;
#3317 = DIRECTION ( 'NONE',  ( 0.000000000000000000, 0.000000000000000000, 1.000000000000000000 ) ) ;
#3318 = EDGE_CURVE ( 'NONE', #5528, #5955, #1503, .T. ) ;
#3319 = CYLINDRICAL_SURFACE ( 'NONE', #6556, 0.9999999999999974465 ) ;
#3320 = VERTEX_POINT ( 'NONE', #3806 ) ;
#3321 = EDGE_CURVE ( 'NONE', #2433, #723, #3169, .T. ) ;
#3322 = DIRECTION ( 'NONE',  ( 0.000000000000000000, 1.000000000000000000, 0.000000000000000000 ) ) ;
#3323 = ORIENTED_EDGE ( 'NONE', *, *, #5745, .F. ) ;
#3324 = DIRECTION ( 'NONE',  ( 1.000000000000000000, -0.000000000000000000, 0.000000000000000000 ) ) ;
#3325 = ORIENTED_EDGE ( 'NONE', *, *, #4854, .F. ) ;
#3326 = CIRCLE ( 'NONE', #107, 0.5000000000000004441 ) ;
#3327 = CARTESIAN_POINT ( 'NONE',  ( -18.54999999999999005, -15.00000000000000355, 10.54999999999999005 ) ) ;
#3328 = DIRECTION ( 'NONE',  ( -0.8660254037844395958, 0.000000000000000000, -0.4999999999999981681 ) ) ;
#3329 = DIRECTION ( 'NONE',  ( -0.000000000000000000, 1.000000000000000000, -0.000000000000000000 ) ) ;
#3330 = EDGE_LOOP ( 'NONE', ( #2165, #6724, #1303, #2117 ) ) ;
#3331 = ORIENTED_EDGE ( 'NONE', *, *, #366, .T. ) ;
#3332 = CIRCLE ( 'NONE', #5564, 0.5000000000000004441 ) ;
#3333 = CARTESIAN_POINT ( 'NONE',  ( -34.71272867277879470, 4.000000000000000000, 24.92600831447018805 ) ) ;
#3334 = ORIENTED_EDGE ( 'NONE', *, *, #3105, .T. ) ;
#3335 = CARTESIAN_POINT ( 'NONE',  ( -18.04999999999999005, -15.00000000000000355, -27.55000000000001137 ) ) ;
#3336 = CARTESIAN_POINT ( 'NONE',  ( 19.55000000000001137, -15.00000000000000355, -27.55000000000001137 ) ) ;
#3337 = DIRECTION ( 'NONE',  ( 0.3645726552835151235, 0.000000000000000000, -0.9311749454423305927 ) ) ;
#3338 = VECTOR ( 'NONE', #5829, 1000.000000000000000 ) ;
#3339 = CARTESIAN_POINT ( 'NONE',  ( -25.82275618771047121, -15.00000000000000355, -25.44868778353693273 ) ) ;
#3340 = EDGE_CURVE ( 'NONE', #5289, #3117, #6513, .T. ) ;
#3341 = EDGE_CURVE ( 'NONE', #2831, #5592, #4954, .T. ) ;
#3342 = DIRECTION ( 'NONE',  ( 0.000000000000000000, 1.000000000000000000, 0.000000000000000000 ) ) ;
#3343 = CIRCLE ( 'NONE', #6361, 0.9999999999996054267 ) ;
#3344 = ORIENTED_EDGE ( 'NONE', *, *, #5656, .F. ) ;
#3345 = EDGE_CURVE ( 'NONE', #95, #5417, #1955, .T. ) ;
#3346 = FACE_OUTER_BOUND ( 'NONE', #1856, .T. ) ;
#3347 = LINE ( 'NONE', #6487, #4465 ) ;
#3348 = DIRECTION ( 'NONE',  ( 1.000000000000000000, 0.000000000000000000, 0.000000000000000000 ) ) ;
#3349 = DIRECTION ( 'NONE',  ( -0.000000000000000000, 1.000000000000000000, -0.000000000000000000 ) ) ;
#3350 = DIRECTION ( 'NONE',  ( -0.3645726552835142908, 0.000000000000000000, 0.9311749454423308148 ) ) ;
#3351 = VECTOR ( 'NONE', #1539, 1000.000000000000000 ) ;
#3352 = VECTOR ( 'NONE', #2388, 1000.000000000000000 ) ;
#3353 = ORIENTED_EDGE ( 'NONE', *, *, #6852, .F. ) ;
#3354 = DIRECTION ( 'NONE',  ( 0.000000000000000000, 0.000000000000000000, 1.000000000000000000 ) ) ;
#3355 = VERTEX_POINT ( 'NONE', #4 ) ;
#3356 = DIRECTION ( 'NONE',  ( 0.000000000000000000, 0.000000000000000000, 1.000000000000000000 ) ) ;
#3357 = CIRCLE ( 'NONE', #6270, 0.9999999999999940048 ) ;
#3358 = VERTEX_POINT ( 'NONE', #5335 ) ;
#3359 = CARTESIAN_POINT ( 'NONE',  ( 24.87500000000001066, -15.00000000000000355, -43.80042648054293863 ) ) ;
#3360 = PLANE ( 'NONE',  #5195 ) ;
#3361 = CARTESIAN_POINT ( 'NONE',  ( -34.71272867277880181, -15.00000000000000355, -16.13801808259793447 ) ) ;
#3362 = CYLINDRICAL_SURFACE ( 'NONE', #4236, 0.9999999999996054267 ) ;
#3363 = EDGE_CURVE ( 'NONE', #95, #3057, #2650, .T. ) ;
#3364 = EDGE_LOOP ( 'NONE', ( #4098, #6836, #3577, #6507 ) ) ;
#3365 = VERTEX_POINT ( 'NONE', #5299 ) ;
#3366 = AXIS2_PLACEMENT_3D ( 'NONE', #4766, #6897, #3124 ) ;
#3367 = DIRECTION ( 'NONE',  ( -0.9311749454423309258, 0.000000000000000000, -0.3645726552835140688 ) ) ;
#3368 = ORIENTED_EDGE ( 'NONE', *, *, #792, .F. ) ;
#3369 = DIRECTION ( 'NONE',  ( 0.000000000000000000, 1.000000000000000000, 0.000000000000000000 ) ) ;
#3370 = FACE_OUTER_BOUND ( 'NONE', #5740, .T. ) ;
#3371 = DIRECTION ( 'NONE',  ( -0.000000000000000000, 1.000000000000000000, -0.000000000000000000 ) ) ;
#3372 = AXIS2_PLACEMENT_3D ( 'NONE', #6490, #5510, #5442 ) ;
#3373 = VECTOR ( 'NONE', #3032, 1000.000000000000114 ) ;
#3374 = CARTESIAN_POINT ( 'NONE',  ( -22.65182007334010805, 0.000000000000000000, -17.11680275024592035 ) ) ;
#3375 = VERTEX_POINT ( 'NONE', #2782 ) ;
#3376 = AXIS2_PLACEMENT_3D ( 'NONE', #355, #6289, #3527 ) ;
#3377 = CYLINDRICAL_SURFACE ( 'NONE', #2133, 0.5000000000000004441 ) ;
#3378 = CIRCLE ( 'NONE', #6730, 0.5000000000000004441 ) ;
#3379 = CARTESIAN_POINT ( 'NONE',  ( 14.00000000000001243, -15.00000000000000355, 43.09999999999998721 ) ) ;
#3380 = LINE ( 'NONE', #6660, #5950 ) ;
#3381 = CARTESIAN_POINT ( 'NONE',  ( -4.549999999999991829, 4.000000000000000000, 4.499999999999990230 ) ) ;
#3382 = DIRECTION ( 'NONE',  ( 0.000000000000000000, 0.000000000000000000, 1.000000000000000000 ) ) ;
#3383 = EDGE_CURVE ( 'NONE', #5776, #3230, #1676, .T. ) ;
#3384 = EDGE_CURVE ( 'NONE', #6373, #5566, #2129, .T. ) ;
#3385 = ADVANCED_FACE ( 'NONE', ( #1120 ), #5400, .F. ) ;
#3386 = EDGE_CURVE ( 'NONE', #5480, #1452, #5933, .T. ) ;
#3387 = ORIENTED_EDGE ( 'NONE', *, *, #193, .T. ) ;
#3388 = ORIENTED_EDGE ( 'NONE', *, *, #4696, .F. ) ;
#3389 = DIRECTION ( 'NONE',  ( 0.000000000000000000, 0.000000000000000000, 1.000000000000000000 ) ) ;
#3390 = ORIENTED_EDGE ( 'NONE', *, *, #6852, .T. ) ;
#3391 = EDGE_CURVE ( 'NONE', #892, #5601, #1605, .T. ) ;
#3392 = CIRCLE ( 'NONE', #4294, 0.9999999999999940048 ) ;
#3393 = DIRECTION ( 'NONE',  ( -0.000000000000000000, 1.000000000000000000, -0.000000000000000000 ) ) ;
#3394 = ORIENTED_EDGE ( 'NONE', *, *, #3900, .F. ) ;
#3395 = DIRECTION ( 'NONE',  ( 0.000000000000000000, 0.000000000000000000, 1.000000000000000000 ) ) ;
#3396 = CARTESIAN_POINT ( 'NONE',  ( -4.549999999999991829, 0.000000000000000000, 23.54999999999998650 ) ) ;
#3397 = DIRECTION ( 'NONE',  ( 0.8660254037844393737, 0.000000000000000000, 0.4999999999999986677 ) ) ;
#3398 = DIRECTION ( 'NONE',  ( 0.000000000000000000, 0.000000000000000000, 1.000000000000000000 ) ) ;
#3399 = ORIENTED_EDGE ( 'NONE', *, *, #1978, .F. ) ;
#3400 = EDGE_LOOP ( 'NONE', ( #3566, #4599, #5602, #5756, #1917, #5590, #2183 ) ) ;
#3401 = CARTESIAN_POINT ( 'NONE',  ( -36.15909329039983078, 4.000000000000000000, 37.11401711349386545 ) ) ;
#3402 = EDGE_LOOP ( 'NONE', ( #3720, #1322, #729, #4826 ) ) ;
#3403 = DIRECTION ( 'NONE',  ( 0.000000000000000000, 0.000000000000000000, 1.000000000000000000 ) ) ;
#3404 = DIRECTION ( 'NONE',  ( 0.000000000000000000, 0.000000000000000000, -1.000000000000000000 ) ) ;
#3405 = DIRECTION ( 'NONE',  ( -0.000000000000000000, -1.000000000000000000, -0.000000000000000000 ) ) ;
#3406 = AXIS2_PLACEMENT_3D ( 'NONE', #2067, #4719, #5106 ) ;
#3407 = AXIS2_PLACEMENT_3D ( 'NONE', #5083, #2879, #2847 ) ;
#3408 = ORIENTED_EDGE ( 'NONE', *, *, #3044, .F. ) ;
#3409 = DIRECTION ( 'NONE',  ( 0.000000000000000000, 0.000000000000000000, 1.000000000000000000 ) ) ;
#3410 = VERTEX_POINT ( 'NONE', #1639 ) ;
#3411 = AXIS2_PLACEMENT_3D ( 'NONE', #5958, #5393, #4769 ) ;
#3412 = DIRECTION ( 'NONE',  ( 0.000000000000000000, 1.000000000000000000, 0.000000000000000000 ) ) ;
#3413 = DIRECTION ( 'NONE',  ( -0.000000000000000000, 1.000000000000000000, -0.000000000000000000 ) ) ;
#3414 = LINE ( 'NONE', #5544, #3719 ) ;
#3415 = PLANE ( 'NONE',  #1996 ) ;
#3416 = CARTESIAN_POINT ( 'NONE',  ( -34.12724381228956361, 4.000000000000000000, -24.33686210434598252 ) ) ;
#3417 = EDGE_CURVE ( 'NONE', #4891, #4035, #4355, .T. ) ;
#3418 = VECTOR ( 'NONE', #2917, 1000.000000000000000 ) ;
#3419 = VERTEX_POINT ( 'NONE', #5897 ) ;
#3420 = EDGE_LOOP ( 'NONE', ( #1904, #1073, #6598, #2659 ) ) ;
#3421 = DIRECTION ( 'NONE',  ( 0.9311749454423308148, 0.000000000000000000, 0.3645726552835142908 ) ) ;
#3422 = ORIENTED_EDGE ( 'NONE', *, *, #2811, .F. ) ;
#3423 = VECTOR ( 'NONE', #1021, 1000.000000000000000 ) ;
#3424 = EDGE_CURVE ( 'NONE', #2287, #5528, #1618, .T. ) ;
#3425 = CARTESIAN_POINT ( 'NONE',  ( -32.75000000000000000, 4.000000000000000000, -44.50000000000000000 ) ) ;
#3426 = VERTEX_POINT ( 'NONE', #3277 ) ;
#3427 = LINE ( 'NONE', #1831, #2993 ) ;
#3428 = ORIENTED_EDGE ( 'NONE', *, *, #2170, .T. ) ;
#3429 = CARTESIAN_POINT ( 'NONE',  ( 33.87499999999999289, -15.00000000000000355, -43.80042648054294574 ) ) ;
#3430 = DIRECTION ( 'NONE',  ( 0.000000000000000000, 0.000000000000000000, -1.000000000000000000 ) ) ;
#3431 = FACE_OUTER_BOUND ( 'NONE', #4069, .T. ) ;
#3432 = AXIS2_PLACEMENT_3D ( 'NONE', #703, #5545, #4533 ) ;
#3433 = ORIENTED_EDGE ( 'NONE', *, *, #1349, .F. ) ;
#3434 = EDGE_LOOP ( 'NONE', ( #3082, #5808, #69, #1480 ) ) ;
#3435 = CARTESIAN_POINT ( 'NONE',  ( -15.21250000000000924, -15.00000000000000355, -44.72750000000000625 ) ) ;
#3436 = CYLINDRICAL_SURFACE ( 'NONE', #2120, 0.9999999999999940048 ) ;
#3437 = ORIENTED_EDGE ( 'NONE', *, *, #6147, .T. ) ;
#3438 = FACE_OUTER_BOUND ( 'NONE', #5735, .T. ) ;
#3439 = DIRECTION ( 'NONE',  ( -0.000000000000000000, 1.000000000000000000, -0.000000000000000000 ) ) ;
#3440 = ADVANCED_FACE ( 'NONE', ( #1084 ), #2751, .F. ) ;
#3441 = AXIS2_PLACEMENT_3D ( 'NONE', #6189, #4512, #3573 ) ;
#3442 = CARTESIAN_POINT ( 'NONE',  ( -34.50481698196104929, 4.000000000000000000, -28.84787928088683984 ) ) ;
#3443 = ADVANCED_FACE ( 'NONE', ( #3305 ), #2166, .F. ) ;
#3444 = ORIENTED_EDGE ( 'NONE', *, *, #1006, .T. ) ;
#3445 = VECTOR ( 'NONE', #755, 1000.000000000000000 ) ;
#3446 = DIRECTION ( 'NONE',  ( 0.000000000000000000, 0.000000000000000000, 1.000000000000000000 ) ) ;
#3447 = ORIENTED_EDGE ( 'NONE', *, *, #5225, .T. ) ;
#3448 = CARTESIAN_POINT ( 'NONE',  ( 1.000000000000011324, -15.00000000000000355, 29.09999999999998721 ) ) ;
#3449 = DIRECTION ( 'NONE',  ( 0.3645726552835139023, 0.000000000000000000, -0.9311749454423310368 ) ) ;
#3450 = FACE_OUTER_BOUND ( 'NONE', #4572, .T. ) ;
#3451 = CARTESIAN_POINT ( 'NONE',  ( 0.5000000000000108802, 0.000000000000000000, 0.000000000000000000 ) ) ;
#3452 = LINE ( 'NONE', #2763, #5271 ) ;
#3453 = EDGE_CURVE ( 'NONE', #4102, #3474, #3833, .T. ) ;
#3454 = CIRCLE ( 'NONE', #6810, 0.9999999999999940048 ) ;
#3455 = ORIENTED_EDGE ( 'NONE', *, *, #1953, .F. ) ;
#3456 = ORIENTED_EDGE ( 'NONE', *, *, #2541, .T. ) ;
#3457 = CIRCLE ( 'NONE', #345, 0.5000000000000004441 ) ;
#3458 = CARTESIAN_POINT ( 'NONE',  ( -26.18732884299398123, -15.00000000000000355, -24.51751283809460702 ) ) ;
#3459 = ORIENTED_EDGE ( 'NONE', *, *, #6158, .T. ) ;
#3460 = AXIS2_PLACEMENT_3D ( 'NONE', #5158, #2506, #4639 ) ;
#3461 = CIRCLE ( 'NONE', #4577, 0.9999999999999974465 ) ;
#3462 = VECTOR ( 'NONE', #6451, 1000.000000000000000 ) ;
#3463 = DIRECTION ( 'NONE',  ( -0.3645726552835142908, 0.000000000000000000, 0.9311749454423308148 ) ) ;
#3464 = ORIENTED_EDGE ( 'NONE', *, *, #2336, .F. ) ;
#3465 = CARTESIAN_POINT ( 'NONE',  ( -36.36700498121759750, 4.000000000000000000, -31.30417448235348132 ) ) ;
#3466 = VERTEX_POINT ( 'NONE', #5431 ) ;
#3467 = LINE ( 'NONE', #2907, #1405 ) ;
#3468 = LINE ( 'NONE', #857, #754 ) ;
#3469 = EDGE_CURVE ( 'NONE', #3746, #3253, #3769, .T. ) ;
#3470 = CARTESIAN_POINT ( 'NONE',  ( 0.000000000000000000, 0.000000000000000000, 29.09999999999998721 ) ) ;
#3471 = ORIENTED_EDGE ( 'NONE', *, *, #6868, .F. ) ;
#3472 = ADVANCED_FACE ( 'NONE', ( #2359 ), #237, .F. ) ;
#3473 = EDGE_CURVE ( 'NONE', #380, #1177, #6686, .T. ) ;
#3474 = VERTEX_POINT ( 'NONE', #5465 ) ;
#3475 = CARTESIAN_POINT ( 'NONE',  ( -4.549999999999991829, 4.000000000000000000, 29.59999999999998721 ) ) ;
#3476 = EDGE_CURVE ( 'NONE', #278, #1967, #4943, .T. ) ;
#3477 = CARTESIAN_POINT ( 'NONE',  ( -5.049999999999991829, 0.000000000000000000, 43.09999999999998721 ) ) ;
#3478 = ORIENTED_EDGE ( 'NONE', *, *, #2033, .F. ) ;
#3479 = CARTESIAN_POINT ( 'NONE',  ( -23.79090670960005127, 0.000000000000000000, 22.60450339080565740 ) ) ;
#3480 = LINE ( 'NONE', #342, #6039 ) ;
#3481 = DIRECTION ( 'NONE',  ( 0.000000000000000000, 0.000000000000000000, 1.000000000000000000 ) ) ;
#3482 = CARTESIAN_POINT ( 'NONE',  ( 1.000000000000011324, -15.00000000000000355, 10.54999999999999005 ) ) ;
#3483 = ORIENTED_EDGE ( 'NONE', *, *, #361, .F. ) ;
#3484 = LINE ( 'NONE', #6656, #2242 ) ;
#3485 = ORIENTED_EDGE ( 'NONE', *, *, #3562, .T. ) ;
#3486 = CIRCLE ( 'NONE', #6713, 0.9999999999999940048 ) ;
#3487 = DIRECTION ( 'NONE',  ( 0.000000000000000000, 0.000000000000000000, 1.000000000000000000 ) ) ;
#3488 = AXIS2_PLACEMENT_3D ( 'NONE', #3780, #6325, #4299 ) ;
#3489 = DIRECTION ( 'NONE',  ( 0.000000000000000000, 1.000000000000000000, -0.000000000000000000 ) ) ;
#3490 = FACE_BOUND ( 'NONE', #1340, .T. ) ;
#3491 = CARTESIAN_POINT ( 'NONE',  ( -24.89158124226812419, 0.000000000000000000, 15.97991126881479573 ) ) ;
#3492 = DIRECTION ( 'NONE',  ( -0.000000000000000000, 1.000000000000000000, -0.000000000000000000 ) ) ;
#3493 = EDGE_CURVE ( 'NONE', #5298, #2476, #5534, .T. ) ;
#3494 = VECTOR ( 'NONE', #2098, 1000.000000000000000 ) ;
#3495 = VECTOR ( 'NONE', #239, 1000.000000000000000 ) ;
#3496 = VERTEX_POINT ( 'NONE', #4421 ) ;
#3497 = LINE ( 'NONE', #5625, #6494 ) ;
#3498 = ORIENTED_EDGE ( 'NONE', *, *, #6509, .T. ) ;
#3499 = CARTESIAN_POINT ( 'NONE',  ( -4.549999999999991829, 0.000000000000000000, 42.59999999999998721 ) ) ;
#3500 = ORIENTED_EDGE ( 'NONE', *, *, #2293, .T. ) ;
#3501 = PLANE ( 'NONE',  #4336 ) ;
#3502 = ORIENTED_EDGE ( 'NONE', *, *, #5404, .T. ) ;
#3503 = CARTESIAN_POINT ( 'NONE',  ( 14.00000000000001243, 0.000000000000000000, 29.09999999999998721 ) ) ;
#3504 = DIRECTION ( 'NONE',  ( 0.000000000000000000, 1.000000000000000000, -0.000000000000000000 ) ) ;
#3505 = CARTESIAN_POINT ( 'NONE',  ( -36.36700498121759750, -15.00000000000000355, -4.928156884308060093 ) ) ;
#3506 = VERTEX_POINT ( 'NONE', #271 ) ;
#3507 = EDGE_CURVE ( 'NONE', #6127, #2047, #2429, .T. ) ;
#3508 = CIRCLE ( 'NONE', #504, 2.250000000000001776 ) ;
#3509 = ORIENTED_EDGE ( 'NONE', *, *, #3493, .F. ) ;
#3510 = CARTESIAN_POINT ( 'NONE',  ( 33.05000000000001137, -15.00000000000000355, 4.499999999999990230 ) ) ;
#3511 = CARTESIAN_POINT ( 'NONE',  ( -35.05841875773189287, 0.000000000000000000, 2.674582838415921593 ) ) ;
#3512 = VERTEX_POINT ( 'NONE', #1769 ) ;
#3513 = DIRECTION ( 'NONE',  ( 0.000000000000000000, 1.000000000000000000, 0.000000000000000000 ) ) ;
#3514 = DIRECTION ( 'NONE',  ( -0.000000000000000000, 1.000000000000000000, -0.000000000000000000 ) ) ;
#3515 = CARTESIAN_POINT ( 'NONE',  ( 20.05000000000001137, -15.00000000000000355, 4.999999999999990230 ) ) ;
#3516 = VECTOR ( 'NONE', #1163, 1000.000000000000000 ) ;
#3517 = DIRECTION ( 'NONE',  ( 0.000000000000000000, 0.000000000000000000, -1.000000000000000000 ) ) ;
#3518 = ORIENTED_EDGE ( 'NONE', *, *, #4410, .T. ) ;
#3519 = CARTESIAN_POINT ( 'NONE',  ( 1.000000000000011324, 4.000000000000000000, 29.59999999999998721 ) ) ;
#3520 = ORIENTED_EDGE ( 'NONE', *, *, #4232, .T. ) ;
#3521 = LINE ( 'NONE', #731, #5133 ) ;
#3522 = AXIS2_PLACEMENT_3D ( 'NONE', #5075, #3707, #4297 ) ;
#3523 = AXIS2_PLACEMENT_3D ( 'NONE', #4978, #4453, #6580 ) ;
#3524 = DIRECTION ( 'NONE',  ( -1.000000000000000000, 0.000000000000000000, 0.000000000000000000 ) ) ;
#3525 = CARTESIAN_POINT ( 'NONE',  ( 14.00000000000001243, 4.000000000000000000, 29.59999999999998721 ) ) ;
#3526 = DIRECTION ( 'NONE',  ( 0.000000000000000000, 0.000000000000000000, 1.000000000000000000 ) ) ;
#3527 = DIRECTION ( 'NONE',  ( 0.000000000000000000, 0.000000000000000000, 1.000000000000000000 ) ) ;
#3528 = AXIS2_PLACEMENT_3D ( 'NONE', #4632, #2054, #1002 ) ;
#3529 = EDGE_CURVE ( 'NONE', #2250, #3746, #2634, .T. ) ;
#3530 = ORIENTED_EDGE ( 'NONE', *, *, #3313, .T. ) ;
#3531 = CARTESIAN_POINT ( 'NONE',  ( 20.05000000000001137, 0.000000000000000000, 29.09999999999998721 ) ) ;
#3532 = EDGE_CURVE ( 'NONE', #4550, #4593, #1841, .T. ) ;
#3533 = ORIENTED_EDGE ( 'NONE', *, *, #3383, .F. ) ;
#3534 = DIRECTION ( 'NONE',  ( 0.000000000000000000, 0.000000000000000000, 1.000000000000000000 ) ) ;
#3535 = ORIENTED_EDGE ( 'NONE', *, *, #2929, .F. ) ;
#3536 = CARTESIAN_POINT ( 'NONE',  ( 0.000000000000000000, 0.000000000000000000, 24.04999999999998650 ) ) ;
#3537 = EDGE_CURVE ( 'NONE', #4868, #4798, #796, .T. ) ;
#3538 = VERTEX_POINT ( 'NONE', #4523 ) ;
#3539 = CARTESIAN_POINT ( 'NONE',  ( 14.00000000000001243, -15.00000000000000355, 4.999999999999990230 ) ) ;
#3540 = DIRECTION ( 'NONE',  ( 0.000000000000000000, 1.000000000000000000, -0.000000000000000000 ) ) ;
#3541 = FACE_BOUND ( 'NONE', #1443, .T. ) ;
#3542 = ORIENTED_EDGE ( 'NONE', *, *, #3529, .T. ) ;
#3543 = ORIENTED_EDGE ( 'NONE', *, *, #3155, .F. ) ;
#3544 = CARTESIAN_POINT ( 'NONE',  ( -5.049999999999991829, -15.00000000000000355, -27.55000000000001137 ) ) ;
#3545 = CARTESIAN_POINT ( 'NONE',  ( 20.05000000000001137, -15.00000000000000355, -27.55000000000001137 ) ) ;
#3546 = VERTEX_POINT ( 'NONE', #6650 ) ;
#3547 = DIRECTION ( 'NONE',  ( 0.000000000000000000, 0.000000000000000000, 1.000000000000000000 ) ) ;
#3548 = CARTESIAN_POINT ( 'NONE',  ( 33.05000000000001137, 4.000000000000000000, 43.09999999999998721 ) ) ;
#3549 = ORIENTED_EDGE ( 'NONE', *, *, #6706, .F. ) ;
#3550 = CYLINDRICAL_SURFACE ( 'NONE', #3050, 0.9999999999999940048 ) ;
#3551 = ORIENTED_EDGE ( 'NONE', *, *, #1757, .F. ) ;
#3552 = ORIENTED_EDGE ( 'NONE', *, *, #4256, .T. ) ;
#3553 = DIRECTION ( 'NONE',  ( 0.000000000000000000, 0.000000000000000000, 1.000000000000000000 ) ) ;
#3554 = ORIENTED_EDGE ( 'NONE', *, *, #3012, .T. ) ;
#3555 = AXIS2_PLACEMENT_3D ( 'NONE', #3815, #2765, #3961 ) ;
#3556 = CIRCLE ( 'NONE', #553, 0.5000000000000004441 ) ;
#3557 = CARTESIAN_POINT ( 'NONE',  ( -18.04999999999999005, 0.000000000000000000, 10.54999999999999005 ) ) ;
#3558 = LINE ( 'NONE', #6699, #1241 ) ;
#3559 = CARTESIAN_POINT ( 'NONE',  ( -36.15909329039983788, -15.00000000000000355, 9.737999515448448662 ) ) ;
#3560 = CARTESIAN_POINT ( 'NONE',  ( -18.54999999999999005, 4.000000000000000000, 0.000000000000000000 ) ) ;
#3561 = CARTESIAN_POINT ( 'NONE',  ( 1.000000000000011324, -15.00000000000000355, 29.59999999999998721 ) ) ;
#3562 = EDGE_CURVE ( 'NONE', #3135, #5884, #1281, .T. ) ;
#3563 = EDGE_CURVE ( 'NONE', #4264, #5392, #3999, .T. ) ;
#3564 = EDGE_CURVE ( 'NONE', #163, #4977, #1406, .T. ) ;
#3565 = AXIS2_PLACEMENT_3D ( 'NONE', #2845, #6614, #5012 ) ;
#3566 = ORIENTED_EDGE ( 'NONE', *, *, #1582, .T. ) ;
#3567 = LINE ( 'NONE', #2968, #5721 ) ;
#3568 = ORIENTED_EDGE ( 'NONE', *, *, #4637, .T. ) ;
#3569 = AXIS2_PLACEMENT_3D ( 'NONE', #1274, #4446, #4517 ) ;
#3570 = ORIENTED_EDGE ( 'NONE', *, *, #4406, .T. ) ;
#3571 = CARTESIAN_POINT ( 'NONE',  ( -4.549999999999991829, -15.00000000000000355, 4.499999999999990230 ) ) ;
#3572 = VERTEX_POINT ( 'NONE', #6132 ) ;
#3573 = DIRECTION ( 'NONE',  ( 0.000000000000000000, 0.000000000000000000, 1.000000000000000000 ) ) ;
#3574 = AXIS2_PLACEMENT_3D ( 'NONE', #5948, #1587, #6367 ) ;
#3575 = ORIENTED_EDGE ( 'NONE', *, *, #4220, .F. ) ;
#3576 = CARTESIAN_POINT ( 'NONE',  ( -36.36700498121759040, 4.000000000000000000, 22.44786071373636815 ) ) ;
#3577 = ORIENTED_EDGE ( 'NONE', *, *, #6165, .T. ) ;
#3578 = EDGE_CURVE ( 'NONE', #2043, #325, #1353, .T. ) ;
#3579 = CIRCLE ( 'NONE', #2794, 1.000000000000000888 ) ;
#3580 = ORIENTED_EDGE ( 'NONE', *, *, #4844, .F. ) ;
#3581 = LINE ( 'NONE', #4103, #995 ) ;
#3582 = CARTESIAN_POINT ( 'NONE',  ( 14.00000000000001243, 4.000000000000000000, 42.59999999999998721 ) ) ;
#3583 = VERTEX_POINT ( 'NONE', #6024 ) ;
#3584 = EDGE_CURVE ( 'NONE', #435, #2635, #3392, .T. ) ;
#3585 = DIRECTION ( 'NONE',  ( -0.000000000000000000, 1.000000000000000000, -0.000000000000000000 ) ) ;
#3586 = DIRECTION ( 'NONE',  ( -0.000000000000000000, 1.000000000000000000, -0.000000000000000000 ) ) ;
#3587 = ORIENTED_EDGE ( 'NONE', *, *, #363, .F. ) ;
#3588 = CARTESIAN_POINT ( 'NONE',  ( 19.55000000000001137, -15.00000000000000355, 0.000000000000000000 ) ) ;
#3589 = CARTESIAN_POINT ( 'NONE',  ( 33.87499999999999289, 4.000000000000000000, -37.44957351945705426 ) ) ;
#3590 = DIRECTION ( 'NONE',  ( 0.000000000000000000, 1.000000000000000000, -0.000000000000000000 ) ) ;
#3591 = EDGE_LOOP ( 'NONE', ( #3552, #3165, #1691, #1042 ) ) ;
#3592 = CIRCLE ( 'NONE', #359, 0.5000000000000004441 ) ;
#3593 = LINE ( 'NONE', #2060, #4509 ) ;
#3594 = DIRECTION ( 'NONE',  ( 0.000000000000000000, -0.000000000000000000, 1.000000000000000000 ) ) ;
#3595 = PLANE ( 'NONE',  #6845 ) ;
#3596 = DIRECTION ( 'NONE',  ( 1.000000000000000000, 0.000000000000000000, -0.000000000000000000 ) ) ;
#3597 = CARTESIAN_POINT ( 'NONE',  ( 0.000000000000000000, -15.00000000000000355, -14.05000000000001315 ) ) ;
#3598 = CIRCLE ( 'NONE', #3265, 0.5000000000000004441 ) ;
#3599 = AXIS2_PLACEMENT_3D ( 'NONE', #3217, #2140, #4721 ) ;
#3600 = VERTEX_POINT ( 'NONE', #3479 ) ;
#3601 = ADVANCED_FACE ( 'NONE', ( #5609 ), #725, .F. ) ;
#3602 = CARTESIAN_POINT ( 'NONE',  ( 0.000000000000000000, -15.00000000000000355, 24.04999999999998650 ) ) ;
#3603 = ADVANCED_FACE ( 'NONE', ( #3438 ), #3965, .F. ) ;
#3604 = ORIENTED_EDGE ( 'NONE', *, *, #4198, .F. ) ;
#3605 = EDGE_CURVE ( 'NONE', #5849, #613, #6527, .T. ) ;
#3606 = VECTOR ( 'NONE', #78, 1000.000000000000000 ) ;
#3607 = ORIENTED_EDGE ( 'NONE', *, *, #3979, .F. ) ;
#3608 = CIRCLE ( 'NONE', #1044, 0.5000000000000004441 ) ;
#3609 = LINE ( 'NONE', #6855, #5231 ) ;
#3610 = VERTEX_POINT ( 'NONE', #5014 ) ;
#3611 = CARTESIAN_POINT ( 'NONE',  ( 14.00000000000001243, 0.000000000000000000, 23.54999999999998650 ) ) ;
#3612 = EDGE_LOOP ( 'NONE', ( #94, #3604, #6185, #502 ) ) ;
#3613 = ADVANCED_FACE ( 'NONE', ( #4594 ), #341, .F. ) ;
#3614 = CIRCLE ( 'NONE', #2380, 0.5000000000000004441 ) ;
#3615 = FACE_BOUND ( 'NONE', #3400, .T. ) ;
#3616 = ORIENTED_EDGE ( 'NONE', *, *, #2293, .F. ) ;
#3617 = EDGE_LOOP ( 'NONE', ( #1976, #2546, #3800, #3344 ) ) ;
#3618 = DIRECTION ( 'NONE',  ( 0.000000000000000000, 1.000000000000000000, 0.000000000000000000 ) ) ;
#3619 = CARTESIAN_POINT ( 'NONE',  ( -24.84390369633583262, 0.000000000000000000, -9.726859579408626999 ) ) ;
#3620 = ORIENTED_EDGE ( 'NONE', *, *, #6847, .F. ) ;
#3621 = EDGE_CURVE ( 'NONE', #2125, #3639, #2536, .T. ) ;
#3622 = DIRECTION ( 'NONE',  ( 1.000000000000000000, -0.000000000000000000, 0.000000000000000000 ) ) ;
#3623 = DIRECTION ( 'NONE',  ( -0.000000000000000000, 1.000000000000000000, -0.000000000000000000 ) ) ;
#3624 = EDGE_LOOP ( 'NONE', ( #1623, #5030, #4475, #5103, #1492, #5881, #5124 ) ) ;
#3625 = CARTESIAN_POINT ( 'NONE',  ( 0.5000000000000108802, 4.000000000000000000, -0.000000000000000000 ) ) ;
#3626 = ORIENTED_EDGE ( 'NONE', *, *, #3246, .F. ) ;
#3627 = STYLED_ITEM ( 'NONE', ( #4373 ), #3211 ) ;
#3628 = DIRECTION ( 'NONE',  ( 0.000000000000000000, 1.000000000000000000, 0.000000000000000000 ) ) ;
#3629 = ORIENTED_EDGE ( 'NONE', *, *, #2625, .F. ) ;
#3630 = DIRECTION ( 'NONE',  ( 0.000000000000000000, 0.000000000000000000, 1.000000000000000000 ) ) ;
#3631 = EDGE_CURVE ( 'NONE', #6765, #6872, #968, .T. ) ;
#3632 = LINE ( 'NONE', #980, #3338 ) ;
#3633 = CARTESIAN_POINT ( 'NONE',  ( 0.5000000000000108802, 4.000000000000000000, 23.54999999999998650 ) ) ;
#3634 = CARTESIAN_POINT ( 'NONE',  ( 14.50000000000001243, 4.000000000000000000, -14.55000000000001492 ) ) ;
#3635 = DIRECTION ( 'NONE',  ( -0.9781476007338215650, 0.000000000000000000, 0.2079116908176843748 ) ) ;
#3636 = LINE ( 'NONE', #1441, #2897 ) ;
#3637 = EDGE_LOOP ( 'NONE', ( #3643, #3182, #137, #4984 ) ) ;
#3638 = AXIS2_PLACEMENT_3D ( 'NONE', #5038, #2312, #4444 ) ;
#3639 = VERTEX_POINT ( 'NONE', #2017 ) ;
#3640 = CARTESIAN_POINT ( 'NONE',  ( 14.00000000000001243, 4.000000000000000000, 4.499999999999990230 ) ) ;
#3641 = VERTEX_POINT ( 'NONE', #2571 ) ;
#3642 = CARTESIAN_POINT ( 'NONE',  ( 33.05000000000001137, 0.000000000000000000, 4.999999999999990230 ) ) ;
#3643 = ORIENTED_EDGE ( 'NONE', *, *, #1053, .T. ) ;
#3644 = FACE_BOUND ( 'NONE', #4247, .T. ) ;
#3645 = ORIENTED_EDGE ( 'NONE', *, *, #1113, .F. ) ;
#3646 = ADVANCED_FACE ( 'NONE', ( #5677 ), #2469, .F. ) ;
#3647 = EDGE_CURVE ( 'NONE', #3410, #3147, #1983, .T. ) ;
#3648 = ORIENTED_EDGE ( 'NONE', *, *, #586, .F. ) ;
#3649 = DIRECTION ( 'NONE',  ( -0.000000000000000000, 1.000000000000000000, -0.000000000000000000 ) ) ;
#3650 = AXIS2_PLACEMENT_3D ( 'NONE', #2816, #6025, #659 ) ;
#3651 = CIRCLE ( 'NONE', #1865, 0.5000000000000004441 ) ;
#3652 = LINE ( 'NONE', #545, #563 ) ;
#3653 = ORIENTED_EDGE ( 'NONE', *, *, #2797, .T. ) ;
#3654 = DIRECTION ( 'NONE',  ( 0.000000000000000000, 0.000000000000000000, 1.000000000000000000 ) ) ;
#3655 = DIRECTION ( 'NONE',  ( 0.000000000000000000, 1.000000000000000000, 0.000000000000000000 ) ) ;
#3656 = ORIENTED_EDGE ( 'NONE', *, *, #4549, .F. ) ;
#3657 = ORIENTED_EDGE ( 'NONE', *, *, #3453, .T. ) ;
#3658 = CYLINDRICAL_SURFACE ( 'NONE', #5247, 0.9999999999999940048 ) ;
#3659 = ORIENTED_EDGE ( 'NONE', *, *, #1245, .F. ) ;
#3660 =( NAMED_UNIT ( * ) SI_UNIT ( $, .STERADIAN. ) SOLID_ANGLE_UNIT ( ) );
#3661 = EDGE_CURVE ( 'NONE', #4708, #4230, #6310, .T. ) ;
#3662 = LINE ( 'NONE', #1608, #5017 ) ;
#3663 = LINE ( 'NONE', #423, #4725 ) ;
#3664 = CARTESIAN_POINT ( 'NONE',  ( 20.05000000000001137, 0.000000000000000000, 23.54999999999998650 ) ) ;
#3665 = EDGE_CURVE ( 'NONE', #5240, #2895, #481, .T. ) ;
#3666 = EDGE_CURVE ( 'NONE', #343, #1671, #5180, .T. ) ;
#3667 = CARTESIAN_POINT ( 'NONE',  ( -23.58299501878243376, -15.00000000000000355, -17.48137540552943392 ) ) ;
#3668 = CARTESIAN_POINT ( 'NONE',  ( 0.5000000000000108802, -15.00000000000000355, 23.54999999999998650 ) ) ;
#3669 = CARTESIAN_POINT ( 'NONE',  ( 1.000000000000011324, 0.000000000000000000, 4.499999999999990230 ) ) ;
#3670 = DIRECTION ( 'NONE',  ( 1.270278060211849690E-16, 0.000000000000000000, 1.000000000000000000 ) ) ;
#3671 = AXIS2_PLACEMENT_3D ( 'NONE', #6226, #3989, #1448 ) ;
#3672 = ORIENTED_EDGE ( 'NONE', *, *, #6353, .T. ) ;
#3673 = VECTOR ( 'NONE', #5208, 1000.000000000000000 ) ;
#3674 = ORIENTED_EDGE ( 'NONE', *, *, #6220, .T. ) ;
#3675 = AXIS2_PLACEMENT_3D ( 'NONE', #6510, #3367, #136 ) ;
#3676 = CARTESIAN_POINT ( 'NONE',  ( 20.05000000000001137, -15.00000000000000355, 10.04999999999999005 ) ) ;
#3677 = PLANE ( 'NONE',  #6118 ) ;
#3678 = ORIENTED_EDGE ( 'NONE', *, *, #425, .T. ) ;
#3679 = AXIS2_PLACEMENT_3D ( 'NONE', #6178, #3524, #872 ) ;
#3680 = CARTESIAN_POINT ( 'NONE',  ( 0.5000000000000108802, -15.00000000000000355, -14.55000000000001492 ) ) ;
#3681 = ORIENTED_EDGE ( 'NONE', *, *, #4404, .T. ) ;
#3682 = VERTEX_POINT ( 'NONE', #1457 ) ;
#3683 = CIRCLE ( 'NONE', #4571, 0.5000000000000004441 ) ;
#3684 = FACE_OUTER_BOUND ( 'NONE', #2308, .T. ) ;
#3685 = ORIENTED_EDGE ( 'NONE', *, *, #4734, .F. ) ;
#3686 = DIRECTION ( 'NONE',  ( 0.000000000000000000, 1.000000000000000000, 0.000000000000000000 ) ) ;
#3687 = ORIENTED_EDGE ( 'NONE', *, *, #4265, .T. ) ;
#3688 = EDGE_CURVE ( 'NONE', #3948, #723, #5524, .T. ) ;
#3689 = DIRECTION ( 'NONE',  ( 0.000000000000000000, 0.000000000000000000, 1.000000000000000000 ) ) ;
#3690 = DIRECTION ( 'NONE',  ( 0.000000000000000000, 0.000000000000000000, 1.000000000000000000 ) ) ;
#3691 = EDGE_CURVE ( 'NONE', #5386, #4518, #6834, .T. ) ;
#3692 = ORIENTED_EDGE ( 'NONE', *, *, #3386, .T. ) ;
#3693 = VECTOR ( 'NONE', #82, 1000.000000000000000 ) ;
#3694 = ADVANCED_FACE ( 'NONE', ( #378 ), #2608, .F. ) ;
#3695 = VECTOR ( 'NONE', #6549, 1000.000000000000000 ) ;
#3696 = CIRCLE ( 'NONE', #1576, 1.000000000000000888 ) ;
#3697 = EDGE_CURVE ( 'NONE', #6241, #3937, #2500, .T. ) ;
#3698 = VERTEX_POINT ( 'NONE', #2984 ) ;
#3699 = DIRECTION ( 'NONE',  ( 1.000000000000000000, 0.000000000000000000, 0.000000000000000000 ) ) ;
#3700 = AXIS2_PLACEMENT_3D ( 'NONE', #3810, #1161, #6522 ) ;
#3701 = EDGE_LOOP ( 'NONE', ( #4972, #879, #2016, #4698, #4092, #1310, #5754, #1261 ) ) ;
#3702 = CARTESIAN_POINT ( 'NONE',  ( 14.50000000000001243, 0.000000000000000000, -27.55000000000001137 ) ) ;
#3703 = DIRECTION ( 'NONE',  ( 1.000000000000000000, -0.000000000000000000, 0.000000000000000000 ) ) ;
#3704 = DIRECTION ( 'NONE',  ( -0.000000000000000000, 1.000000000000000000, -0.000000000000000000 ) ) ;
#3705 = LINE ( 'NONE', #4852, #3606 ) ;
#3706 = CYLINDRICAL_SURFACE ( 'NONE', #3014, 0.5000000000000004441 ) ;
#3707 = DIRECTION ( 'NONE',  ( 0.000000000000000000, 1.000000000000000000, 0.000000000000000000 ) ) ;
#3708 = DIRECTION ( 'NONE',  ( 0.000000000000000000, 0.000000000000000000, -1.000000000000000000 ) ) ;
#3709 = LINE ( 'NONE', #5837, #5381 ) ;
#3710 = VERTEX_POINT ( 'NONE', #1949 ) ;
#3711 = AXIS2_PLACEMENT_3D ( 'NONE', #1035, #1491, #4243 ) ;
#3712 = EDGE_LOOP ( 'NONE', ( #6188, #3955, #2278, #1029 ) ) ;
#3713 = DIRECTION ( 'NONE',  ( 1.000000000000000000, -0.000000000000000000, 0.000000000000000000 ) ) ;
#3714 = DIRECTION ( 'NONE',  ( 0.000000000000000000, 1.000000000000000000, -0.000000000000000000 ) ) ;
#3715 = ORIENTED_EDGE ( 'NONE', *, *, #1645, .T. ) ;
#3716 = CARTESIAN_POINT ( 'NONE',  ( 1.000000000000011324, 0.000000000000000000, 10.54999999999999005 ) ) ;
#3717 = CIRCLE ( 'NONE', #1156, 1.000000000000009548 ) ;
#3718 = ORIENTED_EDGE ( 'NONE', *, *, #1748, .F. ) ;
#3719 = VECTOR ( 'NONE', #5062, 1000.000000000000000 ) ;
#3720 = ORIENTED_EDGE ( 'NONE', *, *, #5196, .T. ) ;
#3721 = CARTESIAN_POINT ( 'NONE',  ( -18.54999999999999005, -15.00000000000000355, 0.000000000000000000 ) ) ;
#3722 = ORIENTED_EDGE ( 'NONE', *, *, #3341, .T. ) ;
#3723 = VECTOR ( 'NONE', #4816, 1000.000000000000000 ) ;
#3724 = CARTESIAN_POINT ( 'NONE',  ( 14.00000000000001243, -15.00000000000000355, -14.05000000000001315 ) ) ;
#3725 = EDGE_LOOP ( 'NONE', ( #320, #3802, #1336, #4563 ) ) ;
#3726 = VECTOR ( 'NONE', #5612, 1000.000000000000000 ) ;
#3727 = CARTESIAN_POINT ( 'NONE',  ( 14.00000000000001243, -15.00000000000000355, 4.499999999999990230 ) ) ;
#3728 = DIRECTION ( 'NONE',  ( 0.000000000000000000, 0.000000000000000000, 1.000000000000000000 ) ) ;
#3729 = EDGE_CURVE ( 'NONE', #242, #5720, #1973, .T. ) ;
#3730 = ORIENTED_EDGE ( 'NONE', *, *, #5951, .T. ) ;
#3731 = EDGE_CURVE ( 'NONE', #5146, #2456, #4072, .T. ) ;
#3732 = VERTEX_POINT ( 'NONE', #6204 ) ;
#3733 = CARTESIAN_POINT ( 'NONE',  ( -23.79090670960005482, 0.000000000000000000, 8.916494591781969348 ) ) ;
#3734 = EDGE_LOOP ( 'NONE', ( #2596, #3730, #3620, #468 ) ) ;
#3735 = DIRECTION ( 'NONE',  ( -0.000000000000000000, 1.000000000000000000, -0.000000000000000000 ) ) ;
#3736 = DIRECTION ( 'NONE',  ( -0.3645726552835140688, 0.000000000000000000, 0.9311749454423310368 ) ) ;
#3737 = FACE_OUTER_BOUND ( 'NONE', #5751, .T. ) ;
#3738 = DIRECTION ( 'NONE',  ( 0.000000000000000000, 0.000000000000000000, 1.000000000000000000 ) ) ;
#3739 = AXIS2_PLACEMENT_3D ( 'NONE', #4288, #105, #6481 ) ;
#3740 = CARTESIAN_POINT ( 'NONE',  ( 14.50000000000001243, 4.000000000000000000, 42.59999999999998721 ) ) ;
#3741 = DIRECTION ( 'NONE',  ( 0.000000000000000000, 0.000000000000000000, 1.000000000000000000 ) ) ;
#3742 = DIRECTION ( 'NONE',  ( 0.9311749454423310368, 0.000000000000000000, 0.3645726552835139023 ) ) ;
#3743 = CARTESIAN_POINT ( 'NONE',  ( 14.50000000000001243, -15.00000000000000355, -27.55000000000001137 ) ) ;
#3744 = DIRECTION ( 'NONE',  ( -0.000000000000000000, 1.000000000000000000, -0.000000000000000000 ) ) ;
#3745 = CIRCLE ( 'NONE', #730, 0.9999999999999974465 ) ;
#3746 = VERTEX_POINT ( 'NONE', #4145 ) ;
#3747 = ADVANCED_FACE ( 'NONE', ( #1385 ), #1421, .F. ) ;
#3748 = FACE_OUTER_BOUND ( 'NONE', #5815, .T. ) ;
#3749 = EDGE_CURVE ( 'NONE', #2683, #6090, #1494, .T. ) ;
#3750 = ORIENTED_EDGE ( 'NONE', *, *, #1294, .F. ) ;
#3751 = VECTOR ( 'NONE', #114, 1000.000000000000000 ) ;
#3752 = DIRECTION ( 'NONE',  ( -0.000000000000000000, 1.000000000000000000, -0.000000000000000000 ) ) ;
#3753 = ADVANCED_FACE ( 'NONE', ( #5715 ), #3198, .F. ) ;
#3754 = VECTOR ( 'NONE', #4813, 1000.000000000000000 ) ;
#3755 = EDGE_LOOP ( 'NONE', ( #752, #5261, #3399, #5617 ) ) ;
#3756 = ORIENTED_EDGE ( 'NONE', *, *, #123, .F. ) ;
#3757 = LINE ( 'NONE', #5749, #5679 ) ;
#3758 = EDGE_CURVE ( 'NONE', #1928, #372, #2642, .T. ) ;
#3759 = CIRCLE ( 'NONE', #4973, 0.9999999999999974465 ) ;
#3760 = EDGE_LOOP ( 'NONE', ( #4066, #950, #3123, #6668 ) ) ;
#3761 = CYLINDRICAL_SURFACE ( 'NONE', #3366, 0.9999999999999940048 ) ;
#3762 = ORIENTED_EDGE ( 'NONE', *, *, #2915, .F. ) ;
#3763 = CARTESIAN_POINT ( 'NONE',  ( 33.05000000000001137, 4.000000000000000000, -27.55000000000001137 ) ) ;
#3764 = DIRECTION ( 'NONE',  ( -1.000000000000000000, 0.000000000000000000, 0.000000000000000000 ) ) ;
#3765 = VERTEX_POINT ( 'NONE', #2742 ) ;
#3766 = ORIENTED_EDGE ( 'NONE', *, *, #346, .T. ) ;
#3767 = DIRECTION ( 'NONE',  ( -1.000000000000000000, -0.000000000000000000, -0.000000000000000000 ) ) ;
#3768 = ORIENTED_EDGE ( 'NONE', *, *, #3259, .F. ) ;
#3769 = LINE ( 'NONE', #658, #3063 ) ;
#3770 = PLANE ( 'NONE',  #913 ) ;
#3771 = CARTESIAN_POINT ( 'NONE',  ( -32.75000000000000000, 4.000000000000000000, 46.75000000000000000 ) ) ;
#3772 = AXIS2_PLACEMENT_3D ( 'NONE', #3669, #264, #1938 ) ;
#3773 = CARTESIAN_POINT ( 'NONE',  ( 20.05000000000001137, 0.000000000000000000, 43.09999999999998721 ) ) ;
#3774 = CARTESIAN_POINT ( 'NONE',  ( 0.1957677948499418619, 0.000000000000000000, -0.5000212249791384789 ) ) ;
#3775 = ADVANCED_FACE ( 'NONE', ( #4840 ), #2773, .T. ) ;
#3776 = AXIS2_PLACEMENT_3D ( 'NONE', #246, #5729, #354 ) ;
#3777 = DIRECTION ( 'NONE',  ( 0.000000000000000000, 0.000000000000000000, -1.000000000000000000 ) ) ;
#3778 = LINE ( 'NONE', #1162, #3300 ) ;
#3779 = CARTESIAN_POINT ( 'NONE',  ( 14.50000000000001243, -15.00000000000000355, 0.000000000000000000 ) ) ;
#3780 = CARTESIAN_POINT ( 'NONE',  ( -4.549999999999991829, -15.00000000000000355, 0.000000000000000000 ) ) ;
#3781 = EDGE_CURVE ( 'NONE', #3911, #1799, #3759, .T. ) ;
#3782 = EDGE_CURVE ( 'NONE', #5817, #5776, #5877, .T. ) ;
#3783 = ORIENTED_EDGE ( 'NONE', *, *, #2319, .T. ) ;
#3784 = EDGE_CURVE ( 'NONE', #3889, #648, #1146, .T. ) ;
#3785 = PLANE ( 'NONE',  #2436 ) ;
#3786 = VECTOR ( 'NONE', #1337, 1000.000000000000000 ) ;
#3787 = EDGE_LOOP ( 'NONE', ( #5388, #5229, #240, #5380, #867, #6153, #2390, #4218 ) ) ;
#3788 = VECTOR ( 'NONE', #324, 1000.000000000000000 ) ;
#3789 = DIRECTION ( 'NONE',  ( 1.000000000000000000, 0.000000000000000000, -0.000000000000000000 ) ) ;
#3790 = ORIENTED_EDGE ( 'NONE', *, *, #6231, .T. ) ;
#3791 = VECTOR ( 'NONE', #1209, 1000.000000000000000 ) ;
#3792 = VERTEX_POINT ( 'NONE', #3231 ) ;
#3793 = CIRCLE ( 'NONE', #3888, 0.5000000000000004441 ) ;
#3794 = CARTESIAN_POINT ( 'NONE',  ( -34.50481698196104929, -15.00000000000000355, -28.84787928088683984 ) ) ;
#3795 = ORIENTED_EDGE ( 'NONE', *, *, #5517, .F. ) ;
#3796 = CARTESIAN_POINT ( 'NONE',  ( 14.00000000000001243, 4.000000000000000000, 10.54999999999999005 ) ) ;
#3797 = VERTEX_POINT ( 'NONE', #6899 ) ;
#3798 = DIRECTION ( 'NONE',  ( 0.000000000000000000, 0.000000000000000000, 1.000000000000000000 ) ) ;
#3799 = DIRECTION ( 'NONE',  ( -0.000000000000000000, 1.000000000000000000, -0.000000000000000000 ) ) ;
#3800 = ORIENTED_EDGE ( 'NONE', *, *, #6182, .F. ) ;
#3801 = AXIS2_PLACEMENT_3D ( 'NONE', #2873, #5077, #2909 ) ;
#3802 = ORIENTED_EDGE ( 'NONE', *, *, #2974, .T. ) ;
#3803 = LINE ( 'NONE', #555, #3129 ) ;
#3804 = VERTEX_POINT ( 'NONE', #3163 ) ;
#3805 = VECTOR ( 'NONE', #6042, 1000.000000000000000 ) ;
#3806 = CARTESIAN_POINT ( 'NONE',  ( 0.5000000000000108802, 4.000000000000000000, -8.500000000000007105 ) ) ;
#3807 = CARTESIAN_POINT ( 'NONE',  ( -5.049999999999991829, -15.00000000000000355, 23.54999999999998650 ) ) ;
#3808 = CIRCLE ( 'NONE', #795, 0.5000000000000004441 ) ;
#3809 = LINE ( 'NONE', #2689, #2240 ) ;
#3810 = CARTESIAN_POINT ( 'NONE',  ( 14.50000000000001243, -15.00000000000000355, 0.000000000000000000 ) ) ;
#3811 = DIRECTION ( 'NONE',  ( 0.000000000000000000, 0.000000000000000000, 1.000000000000000000 ) ) ;
#3812 = FACE_OUTER_BOUND ( 'NONE', #6117, .T. ) ;
#3813 = CARTESIAN_POINT ( 'NONE',  ( -41.37500000000000711, 4.000000000000000000, -54.62500000000000000 ) ) ;
#3814 = ORIENTED_EDGE ( 'NONE', *, *, #2338, .F. ) ;
#3815 = CARTESIAN_POINT ( 'NONE',  ( -36.36700498121759750, 0.000000000000000000, -4.928156884308060093 ) ) ;
#3816 = ORIENTED_EDGE ( 'NONE', *, *, #4074, .F. ) ;
#3817 = CARTESIAN_POINT ( 'NONE',  ( -34.12724381228955650, -15.00000000000000355, 30.41517309174485106 ) ) ;
#3818 = ADVANCED_FACE ( 'NONE', ( #2121 ), #2677, .F. ) ;
#3819 = ORIENTED_EDGE ( 'NONE', *, *, #6121, .T. ) ;
#3820 = FACE_OUTER_BOUND ( 'NONE', #4846, .T. ) ;
#3821 = ORIENTED_EDGE ( 'NONE', *, *, #1097, .F. ) ;
#3822 = AXIS2_PLACEMENT_3D ( 'NONE', #223, #1270, #5922 ) ;
#3823 = LINE ( 'NONE', #3359, #1813 ) ;
#3824 = AXIS2_PLACEMENT_3D ( 'NONE', #6108, #5027, #671 ) ;
#3825 = CARTESIAN_POINT ( 'NONE',  ( -18.54999999999999005, 0.000000000000000000, 10.54999999999999005 ) ) ;
#3826 = DIRECTION ( 'NONE',  ( 0.000000000000000000, 0.000000000000000000, 1.000000000000000000 ) ) ;
#3827 = VERTEX_POINT ( 'NONE', #5365 ) ;
#3828 = EDGE_LOOP ( 'NONE', ( #690, #5555, #3001, #3969, #304, #4763, #3500 ) ) ;
#3829 = AXIS2_PLACEMENT_3D ( 'NONE', #1885, #5620, #6739 ) ;
#3830 = EDGE_CURVE ( 'NONE', #2287, #435, #619, .T. ) ;
#3831 = CARTESIAN_POINT ( 'NONE',  ( -36.36700498121759040, -15.00000000000000355, 37.13586951276005976 ) ) ;
#3832 = EDGE_LOOP ( 'NONE', ( #626, #771, #6692, #3158, #6020, #967, #6433, #2409 ) ) ;
#3833 = LINE ( 'NONE', #6415, #4083 ) ;
#3834 = DIRECTION ( 'NONE',  ( 0.000000000000000000, 0.000000000000000000, 1.000000000000000000 ) ) ;
#3835 = DIRECTION ( 'NONE',  ( 0.000000000000000000, -0.000000000000000000, 1.000000000000000000 ) ) ;
#3836 = CARTESIAN_POINT ( 'NONE',  ( -41.37500000000000711, 4.000000000000000000, -54.62500000000000000 ) ) ;
#3837 = CARTESIAN_POINT ( 'NONE',  ( 33.05000000000001137, 4.000000000000000000, 29.09999999999998721 ) ) ;
#3838 = EDGE_CURVE ( 'NONE', #3358, #5923, #3270, .T. ) ;
#3839 = LINE ( 'NONE', #5375, #4140 ) ;
#3840 = CARTESIAN_POINT ( 'NONE',  ( 33.55000000000001137, -15.00000000000000355, 10.54999999999999005 ) ) ;
#3841 = DIRECTION ( 'NONE',  ( -0.000000000000000000, 1.000000000000000000, -0.000000000000000000 ) ) ;
#3842 = DIRECTION ( 'NONE',  ( 1.000000000000000000, 0.000000000000000000, 0.000000000000000000 ) ) ;
#3843 = DIRECTION ( 'NONE',  ( 0.000000000000000000, 0.000000000000000000, 1.000000000000000000 ) ) ;
#3844 = VECTOR ( 'NONE', #5265, 1000.000000000000000 ) ;
#3845 = DIRECTION ( 'NONE',  ( 1.000000000000000000, 0.000000000000000000, -1.554411716825095609E-16 ) ) ;
#3846 = ORIENTED_EDGE ( 'NONE', *, *, #3830, .F. ) ;
#3847 = DIRECTION ( 'NONE',  ( -0.000000000000000000, 1.000000000000000000, -0.000000000000000000 ) ) ;
#3848 = ORIENTED_EDGE ( 'NONE', *, *, #5684, .T. ) ;
#3849 = CARTESIAN_POINT ( 'NONE',  ( -4.549999999999991829, 0.000000000000000000, -14.55000000000001492 ) ) ;
#3850 = ORIENTED_EDGE ( 'NONE', *, *, #853, .F. ) ;
#3851 = CARTESIAN_POINT ( 'NONE',  ( -15.21250000000000746, -15.00000000000000355, -33.56750000000000256 ) ) ;
#3852 = CIRCLE ( 'NONE', #739, 0.9999999999999974465 ) ;
#3853 = DIRECTION ( 'NONE',  ( 0.000000000000000000, 0.000000000000000000, -1.000000000000000000 ) ) ;
#3854 = CARTESIAN_POINT ( 'NONE',  ( -26.18732884299398123, 0.000000000000000000, -24.51751283809460702 ) ) ;
#3855 = ADVANCED_FACE ( 'NONE', ( #6473 ), #2086, .F. ) ;
#3856 = VERTEX_POINT ( 'NONE', #5854 ) ;
#3857 = ADVANCED_FACE ( 'NONE', ( #1076 ), #5421, .F. ) ;
#3858 = VECTOR ( 'NONE', #856, 1000.000000000000000 ) ;
#3859 = ORIENTED_EDGE ( 'NONE', *, *, #5608, .T. ) ;
#3860 = CARTESIAN_POINT ( 'NONE',  ( -18.54999999999999005, -15.00000000000000355, 42.59999999999998721 ) ) ;
#3861 = ORIENTED_EDGE ( 'NONE', *, *, #5011, .F. ) ;
#3862 = DIRECTION ( 'NONE',  ( -0.000000000000000000, 1.000000000000000000, -0.000000000000000000 ) ) ;
#3863 = PLANE ( 'NONE',  #6653 ) ;
#3864 = CYLINDRICAL_SURFACE ( 'NONE', #6725, 0.9999999999999940048 ) ;
#3865 = PRODUCT_DEFINITION_SHAPE ( 'NONE', 'NONE',  #631 ) ;
#3866 = SHAPE_DEFINITION_REPRESENTATION ( #3865, #173 ) ;
#3867 = LINE ( 'NONE', #241, #6256 ) ;
#3868 = ORIENTED_EDGE ( 'NONE', *, *, #1403, .F. ) ;
#3869 = VECTOR ( 'NONE', #5394, 1000.000000000000000 ) ;
#3870 = CARTESIAN_POINT ( 'NONE',  ( -4.549999999999991829, -15.00000000000000355, -8.500000000000007105 ) ) ;
#3871 = DIRECTION ( 'NONE',  ( 0.000000000000000000, 0.000000000000000000, 1.000000000000000000 ) ) ;
#3872 = CARTESIAN_POINT ( 'NONE',  ( 29.37500000000000711, -15.00000000000000355, -45.24380215351698808 ) ) ;
#3873 = DIRECTION ( 'NONE',  ( 0.000000000000000000, 0.000000000000000000, 1.000000000000000000 ) ) ;
#3874 = FACE_OUTER_BOUND ( 'NONE', #6077, .T. ) ;
#3875 = EDGE_CURVE ( 'NONE', #4550, #5177, #5529, .T. ) ;
#3876 = ADVANCED_FACE ( 'NONE', ( #4213 ), #4346, .F. ) ;
#3877 = ORIENTED_EDGE ( 'NONE', *, *, #4637, .F. ) ;
#3878 = DIRECTION ( 'NONE',  ( -0.000000000000000000, 1.000000000000000000, -0.000000000000000000 ) ) ;
#3879 = VERTEX_POINT ( 'NONE', #1698 ) ;
#3880 = DIRECTION ( 'NONE',  ( 0.000000000000000000, 1.000000000000000000, 0.000000000000000000 ) ) ;
#3881 = ORIENTED_EDGE ( 'NONE', *, *, #1464, .F. ) ;
#3882 = CIRCLE ( 'NONE', #2325, 2.250000000000001776 ) ;
#3883 = CYLINDRICAL_SURFACE ( 'NONE', #3822, 0.9999999999996054267 ) ;
#3884 = FACE_OUTER_BOUND ( 'NONE', #35, .T. ) ;
#3885 = LINE ( 'NONE', #131, #1348 ) ;
#3886 = LINE ( 'NONE', #3470, #356 ) ;
#3887 = ORIENTED_EDGE ( 'NONE', *, *, #4205, .F. ) ;
#3888 = AXIS2_PLACEMENT_3D ( 'NONE', #5254, #4241, #1070 ) ;
#3889 = VERTEX_POINT ( 'NONE', #3825 ) ;
#3890 = AXIS2_PLACEMENT_3D ( 'NONE', #691, #1180, #3303 ) ;
#3891 = CARTESIAN_POINT ( 'NONE',  ( -32.75000000000000000, 4.000000000000000000, 44.50000000000000000 ) ) ;
#3892 = VERTEX_POINT ( 'NONE', #5818 ) ;
#3893 = EDGE_CURVE ( 'NONE', #1635, #2349, #6340, .T. ) ;
#3894 = DIRECTION ( 'NONE',  ( 0.000000000000000000, 1.000000000000000000, 0.000000000000000000 ) ) ;
#3895 = DIRECTION ( 'NONE',  ( 1.000000000000000000, 0.000000000000000000, 0.000000000000000000 ) ) ;
#3896 = EDGE_CURVE ( 'NONE', #1451, #3117, #1411, .T. ) ;
#3897 = DIRECTION ( 'NONE',  ( 0.000000000000000000, 0.000000000000000000, 1.000000000000000000 ) ) ;
#3898 = CIRCLE ( 'NONE', #6246, 0.5000000000000004441 ) ;
#3899 = CARTESIAN_POINT ( 'NONE',  ( -5.049999999999991829, 4.000000000000000000, 29.59999999999998721 ) ) ;
#3900 = EDGE_CURVE ( 'NONE', #5240, #3272, #2282, .T. ) ;
#3901 = CARTESIAN_POINT ( 'NONE',  ( -30.09873954522268846, 0.000000000000000000, -11.78422749709638140 ) ) ;
#3902 = AXIS2_PLACEMENT_3D ( 'NONE', #1231, #2801, #1825 ) ;
#3903 = VERTEX_POINT ( 'NONE', #5984 ) ;
#3904 = EDGE_CURVE ( 'NONE', #6630, #4831, #4377, .T. ) ;
#3905 = LINE ( 'NONE', #4987, #5587 ) ;
#3906 = FACE_OUTER_BOUND ( 'NONE', #2011, .T. ) ;
#3907 = CARTESIAN_POINT ( 'NONE',  ( -34.86938963724456642, 4.000000000000000000, -0.5406867373990952297 ) ) ;
#3908 = LINE ( 'NONE', #212, #5547 ) ;
#3909 = DIRECTION ( 'NONE',  ( -0.000000000000000000, 1.000000000000000000, -0.000000000000000000 ) ) ;
#3910 = AXIS2_PLACEMENT_3D ( 'NONE', #6658, #3412, #4566 ) ;
#3911 = VERTEX_POINT ( 'NONE', #717 ) ;
#3912 = CIRCLE ( 'NONE', #2450, 0.5000000000000004441 ) ;
#3913 = ORIENTED_EDGE ( 'NONE', *, *, #6269, .T. ) ;
#3914 = DIRECTION ( 'NONE',  ( 0.000000000000000000, 1.000000000000000000, -0.000000000000000000 ) ) ;
#3915 = ORIENTED_EDGE ( 'NONE', *, *, #2803, .T. ) ;
#3916 = LINE ( 'NONE', #6434, #5628 ) ;
#3917 = AXIS2_PLACEMENT_3D ( 'NONE', #937, #5753, #4073 ) ;
#3918 = ORIENTED_EDGE ( 'NONE', *, *, #5203, .T. ) ;
#3919 = DIRECTION ( 'NONE',  ( 0.000000000000000000, 1.000000000000000000, -0.000000000000000000 ) ) ;
#3920 = DIRECTION ( 'NONE',  ( 0.000000000000000000, 0.000000000000000000, 1.000000000000000000 ) ) ;
#3921 = LINE ( 'NONE', #2840, #6141 ) ;
#3922 = CYLINDRICAL_SURFACE ( 'NONE', #5455, 0.5000000000000004441 ) ;
#3923 = EDGE_LOOP ( 'NONE', ( #6860, #2904, #1766, #4434, #5682, #1738, #506 ) ) ;
#3924 = VERTEX_POINT ( 'NONE', #5456 ) ;
#3925 = AXIS2_PLACEMENT_3D ( 'NONE', #98, #2218, #748 ) ;
#3926 = FACE_OUTER_BOUND ( 'NONE', #301, .T. ) ;
#3927 = EDGE_LOOP ( 'NONE', ( #2145, #6746, #3062, #3040 ) ) ;
#3928 = EDGE_CURVE ( 'NONE', #1244, #3610, #2871, .T. ) ;
#3929 = DIRECTION ( 'NONE',  ( 1.000000000000000000, -0.000000000000000000, 0.000000000000000000 ) ) ;
#3930 = LINE ( 'NONE', #2262, #3418 ) ;
#3931 = EDGE_CURVE ( 'NONE', #2831, #4565, #6605, .T. ) ;
#3932 = FACE_OUTER_BOUND ( 'NONE', #5035, .T. ) ;
#3933 = AXIS2_PLACEMENT_3D ( 'NONE', #6002, #5478, #1721 ) ;
#3934 = AXIS2_PLACEMENT_3D ( 'NONE', #3525, #873, #5508 ) ;
#3935 = ORIENTED_EDGE ( 'NONE', *, *, #3749, .T. ) ;
#3936 = LINE ( 'NONE', #174, #6234 ) ;
#3937 = VERTEX_POINT ( 'NONE', #6641 ) ;
#3938 = DIRECTION ( 'NONE',  ( -0.000000000000000000, 1.000000000000000000, -0.000000000000000000 ) ) ;
#3939 = AXIS2_PLACEMENT_3D ( 'NONE', #3442, #2849, #1283 ) ;
#3940 = CARTESIAN_POINT ( 'NONE',  ( -5.049999999999991829, 4.000000000000000000, -28.05000000000001137 ) ) ;
#3941 = DIRECTION ( 'NONE',  ( -0.000000000000000000, 1.000000000000000000, -0.000000000000000000 ) ) ;
#3942 = FACE_OUTER_BOUND ( 'NONE', #5700, .T. ) ;
#3943 = LINE ( 'NONE', #1228, #4830 ) ;
#3944 = EDGE_CURVE ( 'NONE', #2683, #4230, #6208, .T. ) ;
#3945 = ORIENTED_EDGE ( 'NONE', *, *, #1573, .F. ) ;
#3946 = ORIENTED_EDGE ( 'NONE', *, *, #6030, .T. ) ;
#3947 = DIRECTION ( 'NONE',  ( -1.000000000000000000, 0.000000000000000000, 0.000000000000000000 ) ) ;
#3948 = VERTEX_POINT ( 'NONE', #1204 ) ;
#3949 = VECTOR ( 'NONE', #3929, 1000.000000000000000 ) ;
#3950 = DIRECTION ( 'NONE',  ( -0.9781476007338215650, 0.000000000000000000, 0.2079116908176844025 ) ) ;
#3951 = ORIENTED_EDGE ( 'NONE', *, *, #1702, .T. ) ;
#3952 = EDGE_CURVE ( 'NONE', #887, #3698, #3467, .T. ) ;
#3953 = PLANE ( 'NONE',  #6004 ) ;
#3954 = EDGE_CURVE ( 'NONE', #2, #6705, #965, .T. ) ;
#3955 = ORIENTED_EDGE ( 'NONE', *, *, #3175, .T. ) ;
#3956 = DIRECTION ( 'NONE',  ( 1.000000000000000000, -0.000000000000000000, 0.000000000000000000 ) ) ;
#3957 = CARTESIAN_POINT ( 'NONE',  ( 24.87500000000001066, 4.000000000000000000, -37.44957351945705426 ) ) ;
#3958 = CARTESIAN_POINT ( 'NONE',  ( -5.049999999999991829, 0.000000000000000000, 24.04999999999998650 ) ) ;
#3959 = ORIENTED_EDGE ( 'NONE', *, *, #1195, .T. ) ;
#3960 = ORIENTED_EDGE ( 'NONE', *, *, #3537, .F. ) ;
#3961 = DIRECTION ( 'NONE',  ( 0.000000000000000000, 0.000000000000000000, 1.000000000000000000 ) ) ;
#3962 = DIRECTION ( 'NONE',  ( -0.000000000000000000, -1.000000000000000000, -0.000000000000000000 ) ) ;
#3963 = ORIENTED_EDGE ( 'NONE', *, *, #494, .F. ) ;
#3964 = ADVANCED_FACE ( 'NONE', ( #3884 ), #6015, .F. ) ;
#3965 = CYLINDRICAL_SURFACE ( 'NONE', #3407, 0.5000000000000004441 ) ;
#3966 = CARTESIAN_POINT ( 'NONE',  ( 1.000000000000011324, 0.000000000000000000, 4.999999999999990230 ) ) ;
#3967 = DIRECTION ( 'NONE',  ( 0.000000000000000000, 1.000000000000000000, 0.000000000000000000 ) ) ;
#3968 = AXIS2_PLACEMENT_3D ( 'NONE', #329, #2655, #4751 ) ;
#3969 = ORIENTED_EDGE ( 'NONE', *, *, #3424, .T. ) ;
#3970 = DIRECTION ( 'NONE',  ( -0.000000000000000000, 1.000000000000000000, -0.000000000000000000 ) ) ;
#3971 = ORIENTED_EDGE ( 'NONE', *, *, #5611, .F. ) ;
#3972 = LINE ( 'NONE', #3448, #1905 ) ;
#3973 = CARTESIAN_POINT ( 'NONE',  ( -4.549999999999991829, -15.00000000000000355, 0.000000000000000000 ) ) ;
#3974 = FACE_BOUND ( 'NONE', #3923, .T. ) ;
#3975 = DIRECTION ( 'NONE',  ( -0.000000000000000000, 1.000000000000000000, -0.000000000000000000 ) ) ;
#3976 = CARTESIAN_POINT ( 'NONE',  ( -25.82275618771045345, 4.000000000000000000, 16.61533861353128216 ) ) ;
#3977 = CIRCLE ( 'NONE', #4535, 2.250000000000001776 ) ;
#3978 = CIRCLE ( 'NONE', #5098, 0.5000000000000004441 ) ;
#3979 = EDGE_CURVE ( 'NONE', #1467, #5989, #1833, .T. ) ;
#3980 = VERTEX_POINT ( 'NONE', #3396 ) ;
#3981 = EDGE_CURVE ( 'NONE', #350, #1652, #5761, .T. ) ;
#3982 = ORIENTED_EDGE ( 'NONE', *, *, #2406, .T. ) ;
#3983 = DIRECTION ( 'NONE',  ( 0.000000000000000000, 0.000000000000000000, 1.000000000000000000 ) ) ;
#3984 = EDGE_CURVE ( 'NONE', #2895, #4435, #160, .T. ) ;
#3985 = ORIENTED_EDGE ( 'NONE', *, *, #3417, .F. ) ;
#3986 = ADVANCED_FACE ( 'NONE', ( #749 ), #3360, .F. ) ;
#3987 = LINE ( 'NONE', #4473, #996 ) ;
#3988 = ORIENTED_EDGE ( 'NONE', *, *, #5137, .F. ) ;
#3989 = DIRECTION ( 'NONE',  ( 0.000000000000000000, 1.000000000000000000, 0.000000000000000000 ) ) ;
#3990 = ORIENTED_EDGE ( 'NONE', *, *, #6540, .T. ) ;
#3991 = DIRECTION ( 'NONE',  ( -0.9311749454423313699, 0.000000000000000000, -0.3645726552835132916 ) ) ;
#3992 = FACE_OUTER_BOUND ( 'NONE', #6163, .T. ) ;
#3993 = LINE ( 'NONE', #1378, #672 ) ;
#3994 = ORIENTED_EDGE ( 'NONE', *, *, #6509, .F. ) ;
#3995 = ORIENTED_EDGE ( 'NONE', *, *, #5467, .T. ) ;
#3996 = LINE ( 'NONE', #6129, #2999 ) ;
#3997 = DIRECTION ( 'NONE',  ( 0.000000000000000000, 0.000000000000000000, 1.000000000000000000 ) ) ;
#3998 = ORIENTED_EDGE ( 'NONE', *, *, #1490, .T. ) ;
#3999 = LINE ( 'NONE', #5992, #4411 ) ;
#4000 = DIRECTION ( 'NONE',  ( 0.9781476007338072431, 0.000000000000000000, -0.2079116908177515988 ) ) ;
#4001 = CIRCLE ( 'NONE', #6793, 0.5000000000000004441 ) ;
#4002 = CARTESIAN_POINT ( 'NONE',  ( -36.36700498121759750, 0.000000000000000000, 8.759851914714646526 ) ) ;
#4003 = AXIS2_PLACEMENT_3D ( 'NONE', #3425, #6080, #5553 ) ;
#4004 = EDGE_CURVE ( 'NONE', #1529, #2148, #2081, .T. ) ;
#4005 = CARTESIAN_POINT ( 'NONE',  ( 33.55000000000001137, 0.000000000000000000, 42.59999999999998721 ) ) ;
#4006 = CIRCLE ( 'NONE', #333, 1.000000000000007772 ) ;
#4007 = CARTESIAN_POINT ( 'NONE',  ( -36.36700498121759750, -15.00000000000000355, 9.759851914714644749 ) ) ;
#4008 = ORIENTED_EDGE ( 'NONE', *, *, #3090, .T. ) ;
#4009 = CARTESIAN_POINT ( 'NONE',  ( 1.000000000000011324, 0.000000000000000000, -28.05000000000001137 ) ) ;
#4010 = DIRECTION ( 'NONE',  ( 0.000000000000000000, 0.000000000000000000, 1.000000000000000000 ) ) ;
#4011 = FACE_BOUND ( 'NONE', #2649, .T. ) ;
#4012 = DIRECTION ( 'NONE',  ( 0.000000000000000000, 0.000000000000000000, 1.000000000000000000 ) ) ;
#4013 = CARTESIAN_POINT ( 'NONE',  ( -24.89158124226812419, 4.000000000000000000, 15.97991126881479573 ) ) ;
#4014 = VECTOR ( 'NONE', #3878, 1000.000000000000000 ) ;
#4015 = ORIENTED_EDGE ( 'NONE', *, *, #3473, .F. ) ;
#4016 = EDGE_CURVE ( 'NONE', #4210, #215, #6318, .T. ) ;
#4017 = AXIS2_PLACEMENT_3D ( 'NONE', #83, #5307, #4821 ) ;
#4018 = DIRECTION ( 'NONE',  ( 0.000000000000000000, 0.000000000000000000, 1.000000000000000000 ) ) ;
#4019 = ORIENTED_EDGE ( 'NONE', *, *, #4071, .T. ) ;
#4020 = VECTOR ( 'NONE', #3767, 1000.000000000000000 ) ;
#4021 = VECTOR ( 'NONE', #3298, 1000.000000000000000 ) ;
#4022 = CARTESIAN_POINT ( 'NONE',  ( 14.00000000000001243, 4.000000000000000000, 24.04999999999998650 ) ) ;
#4023 = ORIENTED_EDGE ( 'NONE', *, *, #2367, .F. ) ;
#4024 = DIRECTION ( 'NONE',  ( 0.000000000000000000, 1.000000000000000000, 0.000000000000000000 ) ) ;
#4025 = EDGE_CURVE ( 'NONE', #5724, #1836, #3852, .T. ) ;
#4026 = ORIENTED_EDGE ( 'NONE', *, *, #6007, .F. ) ;
#4027 = CARTESIAN_POINT ( 'NONE',  ( -36.36700498121759750, 4.000000000000000000, -18.61616568333077026 ) ) ;
#4028 = DIRECTION ( 'NONE',  ( 0.000000000000000000, 0.000000000000000000, 1.000000000000000000 ) ) ;
#4029 = LINE ( 'NONE', #4850, #5353 ) ;
#4030 = ORIENTED_EDGE ( 'NONE', *, *, #6255, .T. ) ;
#4031 = ORIENTED_EDGE ( 'NONE', *, *, #2116, .F. ) ;
#4032 = PRODUCT_RELATED_PRODUCT_CATEGORY ( 'part', '', ( #4925 ) ) ;
#4033 = LINE ( 'NONE', #2355, #2670 ) ;
#4034 = CARTESIAN_POINT ( 'NONE',  ( 1.000000000000011324, 4.000000000000000000, 43.09999999999998721 ) ) ;
#4035 = VERTEX_POINT ( 'NONE', #2350 ) ;
#4036 = CARTESIAN_POINT ( 'NONE',  ( -25.82275618771047121, 0.000000000000000000, -25.44868778353693273 ) ) ;
#4037 = DIRECTION ( 'NONE',  ( 0.000000000000000000, 0.000000000000000000, 1.000000000000000000 ) ) ;
#4038 = LINE ( 'NONE', #4148, #6290 ) ;
#4039 = EDGE_CURVE ( 'NONE', #4506, #429, #263, .T. ) ;
#4040 = ORIENTED_EDGE ( 'NONE', *, *, #2901, .T. ) ;
#4041 = VERTEX_POINT ( 'NONE', #1867 ) ;
#4042 = LINE ( 'NONE', #6734, #4459 ) ;
#4043 = EDGE_LOOP ( 'NONE', ( #2499, #5021, #3353, #1083 ) ) ;
#4044 = EDGE_CURVE ( 'NONE', #6277, #1859, #4409, .T. ) ;
#4045 = CARTESIAN_POINT ( 'NONE',  ( -24.89158124226813129, 4.000000000000000000, 29.66792006783741797 ) ) ;
#4046 = AXIS2_PLACEMENT_3D ( 'NONE', #14, #4824, #4753 ) ;
#4047 = CARTESIAN_POINT ( 'NONE',  ( 0.5000000000000108802, -15.00000000000000355, 0.000000000000000000 ) ) ;
#4048 = DIRECTION ( 'NONE',  ( -0.000000000000000000, 1.000000000000000000, -0.000000000000000000 ) ) ;
#4049 = CARTESIAN_POINT ( 'NONE',  ( -15.21250000000000924, 4.000000000000000000, -44.72750000000000625 ) ) ;
#4050 = FACE_OUTER_BOUND ( 'NONE', #2987, .T. ) ;
#4051 = ADVANCED_FACE ( 'NONE', ( #1614 ), #297, .F. ) ;
#4052 = AXIS2_PLACEMENT_3D ( 'NONE', #2653, #3141, #982 ) ;
#4053 = VECTOR ( 'NONE', #3704, 1000.000000000000000 ) ;
#4054 = VERTEX_POINT ( 'NONE', #6715 ) ;
#4055 = DIRECTION ( 'NONE',  ( 0.000000000000000000, 1.000000000000000000, -0.000000000000000000 ) ) ;
#4056 = ORIENTED_EDGE ( 'NONE', *, *, #5969, .F. ) ;
#4057 = DIRECTION ( 'NONE',  ( -0.000000000000000000, 1.000000000000000000, -0.000000000000000000 ) ) ;
#4058 = ORIENTED_EDGE ( 'NONE', *, *, #6378, .T. ) ;
#4059 = DIRECTION ( 'NONE',  ( -0.000000000000000000, 1.000000000000000000, -0.000000000000000000 ) ) ;
#4060 = VERTEX_POINT ( 'NONE', #5797 ) ;
#4061 = CARTESIAN_POINT ( 'NONE',  ( 1.000000000000011324, 4.000000000000000000, 10.54999999999999005 ) ) ;
#4062 = CARTESIAN_POINT ( 'NONE',  ( -4.549999999999991829, 0.000000000000000000, 0.000000000000000000 ) ) ;
#4063 = DIRECTION ( 'NONE',  ( 1.000000000000000000, -0.000000000000000000, 0.000000000000000000 ) ) ;
#4064 = EDGE_LOOP ( 'NONE', ( #5255, #5326 ) ) ;
#4065 = VECTOR ( 'NONE', #6061, 1000.000000000000000 ) ;
#4066 = ORIENTED_EDGE ( 'NONE', *, *, #5137, .T. ) ;
#4067 = DIRECTION ( 'NONE',  ( -0.000000000000000000, 1.000000000000000000, -0.000000000000000000 ) ) ;
#4068 = FACE_OUTER_BOUND ( 'NONE', #4316, .T. ) ;
#4069 = EDGE_LOOP ( 'NONE', ( #2529, #485, #2343, #3814 ) ) ;
#4071 = EDGE_CURVE ( 'NONE', #2349, #3797, #3075, .T. ) ;
#4070 = CIRCLE ( 'NONE', #2949, 0.9999999999999940048 ) ;
#4072 = LINE ( 'NONE', #3058, #3081 ) ;
#4073 = DIRECTION ( 'NONE',  ( 0.000000000000000000, 0.000000000000000000, 1.000000000000000000 ) ) ;
#4074 = EDGE_CURVE ( 'NONE', #2492, #5386, #6638, .T. ) ;
#4075 = VERTEX_POINT ( 'NONE', #3503 ) ;
#4076 = CYLINDRICAL_SURFACE ( 'NONE', #4612, 0.5000000000000004441 ) ;
#4077 = EDGE_CURVE ( 'NONE', #3474, #6550, #1901, .T. ) ;
#4078 = DIRECTION ( 'NONE',  ( 0.000000000000000000, 0.000000000000000000, 1.000000000000000000 ) ) ;
#4079 = ORIENTED_EDGE ( 'NONE', *, *, #6519, .T. ) ;
#4080 = CARTESIAN_POINT ( 'NONE',  ( -16.15828598675959071, 0.000000000000000000, -6.326275482234860803 ) ) ;
#4081 = ORIENTED_EDGE ( 'NONE', *, *, #6460, .F. ) ;
#4082 = AXIS2_PLACEMENT_3D ( 'NONE', #1796, #5002, #3920 ) ;
#4083 = VECTOR ( 'NONE', #5964, 1000.000000000000000 ) ;
#4084 = PLANE ( 'NONE',  #4793 ) ;
#4085 = CARTESIAN_POINT ( 'NONE',  ( 34.37500000000000000, 4.000000000000000000, -42.93440107675849760 ) ) ;
#4086 = CARTESIAN_POINT ( 'NONE',  ( -34.86938963724455220, 4.000000000000000000, 13.14732206162371320 ) ) ;
#4087 = LINE ( 'NONE', #1437, #1264 ) ;
#4088 = VECTOR ( 'NONE', #6374, 1000.000000000000000 ) ;
#4089 = ORIENTED_EDGE ( 'NONE', *, *, #1828, .F. ) ;
#4090 = EDGE_CURVE ( 'NONE', #2108, #1244, #849, .T. ) ;
#4091 = DIRECTION ( 'NONE',  ( 0.000000000000000000, 1.000000000000000000, 0.000000000000000000 ) ) ;
#4092 = ORIENTED_EDGE ( 'NONE', *, *, #1113, .T. ) ;
#4093 = ORIENTED_EDGE ( 'NONE', *, *, #1025, .F. ) ;
#4094 = EDGE_CURVE ( 'NONE', #924, #1667, #1634, .T. ) ;
#4095 = CARTESIAN_POINT ( 'NONE',  ( 0.000000000000000000, -15.00000000000000355, 29.09999999999998721 ) ) ;
#4096 = ORIENTED_EDGE ( 'NONE', *, *, #1517, .F. ) ;
#4097 = DIRECTION ( 'NONE',  ( -0.000000000000000000, 1.000000000000000000, -0.000000000000000000 ) ) ;
#4098 = ORIENTED_EDGE ( 'NONE', *, *, #1269, .F. ) ;
#4099 = AXIS2_PLACEMENT_3D ( 'NONE', #1342, #115, #3873 ) ;
#4100 = CARTESIAN_POINT ( 'NONE',  ( 0.5000000000000108802, -15.00000000000000355, 0.000000000000000000 ) ) ;
#4101 = ORIENTED_EDGE ( 'NONE', *, *, #559, .F. ) ;
#4102 = VERTEX_POINT ( 'NONE', #6323 ) ;
#4103 = CARTESIAN_POINT ( 'NONE',  ( -36.36700498121759750, -15.00000000000000355, -3.928156884308063646 ) ) ;
#4104 = DIRECTION ( 'NONE',  ( -0.9311749454423312589, 0.000000000000000000, -0.3645726552835132916 ) ) ;
#4105 = ORIENTED_EDGE ( 'NONE', *, *, #2160, .T. ) ;
#4106 = VECTOR ( 'NONE', #5163, 1000.000000000000000 ) ;
#4107 = DIRECTION ( 'NONE',  ( 0.000000000000000000, 1.000000000000000000, -0.000000000000000000 ) ) ;
#4108 = CARTESIAN_POINT ( 'NONE',  ( -25.23727132722123656, 4.000000000000000000, -33.64753180528495591 ) ) ;
#4109 = ORIENTED_EDGE ( 'NONE', *, *, #4862, .T. ) ;
#4110 = DIRECTION ( 'NONE',  ( 0.000000000000000000, 0.000000000000000000, 1.000000000000000000 ) ) ;
#4111 = DIRECTION ( 'NONE',  ( 0.000000000000000000, 1.000000000000000000, 0.000000000000000000 ) ) ;
#4112 = ADVANCED_FACE ( 'NONE', ( #3143 ), #888, .T. ) ;
#4113 = EDGE_CURVE ( 'NONE', #5217, #4833, #6676, .T. ) ;
#4114 = DIRECTION ( 'NONE',  ( -0.000000000000000000, 1.000000000000000000, -0.000000000000000000 ) ) ;
#4115 = ORIENTED_EDGE ( 'NONE', *, *, #2358, .T. ) ;
#4116 = EDGE_CURVE ( 'NONE', #270, #924, #5523, .T. ) ;
#4117 = AXIS2_PLACEMENT_3D ( 'NONE', #2246, #56, #4368 ) ;
#4118 = VECTOR ( 'NONE', #6823, 1000.000000000000000 ) ;
#4119 = DIRECTION ( 'NONE',  ( 0.000000000000000000, 1.000000000000000000, -0.000000000000000000 ) ) ;
#4120 = EDGE_CURVE ( 'NONE', #5961, #5633, #5304, .T. ) ;
#4121 = CARTESIAN_POINT ( 'NONE',  ( 19.55000000000001137, 4.000000000000000000, -14.55000000000001492 ) ) ;
#4122 = CARTESIAN_POINT ( 'NONE',  ( 1.000000000000011324, 4.000000000000000000, -14.55000000000001492 ) ) ;
#4123 = DIRECTION ( 'NONE',  ( 0.000000000000000000, 1.000000000000000000, -0.000000000000000000 ) ) ;
#4124 = CARTESIAN_POINT ( 'NONE',  ( -36.15909329039983788, 0.000000000000000000, -3.950009283574258845 ) ) ;
#4125 = CIRCLE ( 'NONE', #2007, 0.5000000000000004441 ) ;
#4126 = ORIENTED_EDGE ( 'NONE', *, *, #4880, .T. ) ;
#4127 = CARTESIAN_POINT ( 'NONE',  ( 14.50000000000001243, 0.000000000000000000, 29.59999999999998721 ) ) ;
#4128 = ORIENTED_EDGE ( 'NONE', *, *, #5479, .T. ) ;
#4129 = VECTOR ( 'NONE', #6843, 1000.000000000000000 ) ;
#4130 = ORIENTED_EDGE ( 'NONE', *, *, #5879, .F. ) ;
#4131 = EDGE_CURVE ( 'NONE', #2250, #429, #1413, .T. ) ;
#4132 = DIRECTION ( 'NONE',  ( -0.000000000000000000, 1.000000000000000000, -0.000000000000000000 ) ) ;
#4133 = ORIENTED_EDGE ( 'NONE', *, *, #6768, .F. ) ;
#4134 = CARTESIAN_POINT ( 'NONE',  ( -34.50481698196104219, 0.000000000000000000, 25.90415591520399374 ) ) ;
#4135 = CIRCLE ( 'NONE', #1788, 0.5000000000000004441 ) ;
#4137 = ORIENTED_EDGE ( 'NONE', *, *, #4955, .F. ) ;
#4136 = AXIS2_PLACEMENT_3D ( 'NONE', #2196, #6444, #486 ) ;
#4138 = CARTESIAN_POINT ( 'NONE',  ( 29.87500000000001066, 4.000000000000000000, -46.10982755730143623 ) ) ;
#4139 = ORIENTED_EDGE ( 'NONE', *, *, #2484, .T. ) ;
#4140 = VECTOR ( 'NONE', #5970, 1000.000000000000000 ) ;
#4141 = ORIENTED_EDGE ( 'NONE', *, *, #3944, .T. ) ;
#4142 = CARTESIAN_POINT ( 'NONE',  ( -37.29817992665991966, -15.00000000000000355, 22.08328805845285814 ) ) ;
#4143 = DIRECTION ( 'NONE',  ( 0.000000000000000000, 0.000000000000000000, 1.000000000000000000 ) ) ;
#4144 = ORIENTED_EDGE ( 'NONE', *, *, #4258, .T. ) ;
#4145 = CARTESIAN_POINT ( 'NONE',  ( 14.50000000000001243, 0.000000000000000000, 4.499999999999990230 ) ) ;
#4146 = LINE ( 'NONE', #3059, #1248 ) ;
#4147 = ORIENTED_EDGE ( 'NONE', *, *, #6742, .T. ) ;
#4148 = CARTESIAN_POINT ( 'NONE',  ( 1.000000000000011324, -15.00000000000000355, 43.09999999999998721 ) ) ;
#4149 = CARTESIAN_POINT ( 'NONE',  ( 14.00000000000001243, 0.000000000000000000, 43.09999999999998721 ) ) ;
#4150 = EDGE_CURVE ( 'NONE', #4773, #4518, #4225, .T. ) ;
#4151 = LINE ( 'NONE', #385, #1686 ) ;
#4152 = EDGE_LOOP ( 'NONE', ( #6412, #2899, #4959, #300 ) ) ;
#4153 = CARTESIAN_POINT ( 'NONE',  ( 14.50000000000001243, 4.000000000000000000, 4.499999999999990230 ) ) ;
#4154 = CARTESIAN_POINT ( 'NONE',  ( 25.37500000000000711, 4.000000000000000000, -42.93440107675849760 ) ) ;
#4155 = CARTESIAN_POINT ( 'NONE',  ( -22.65182007334010805, -15.00000000000000355, -30.80481154926863141 ) ) ;
#4156 = LINE ( 'NONE', #318, #1715 ) ;
#4157 = VECTOR ( 'NONE', #1236, 1000.000000000000000 ) ;
#4158 = AXIS2_PLACEMENT_3D ( 'NONE', #1057, #3286, #1164 ) ;
#4159 = EDGE_LOOP ( 'NONE', ( #1724, #360, #3551, #3718 ) ) ;
#4160 = EDGE_CURVE ( 'NONE', #6792, #2320, #2976, .T. ) ;
#4161 = CARTESIAN_POINT ( 'NONE',  ( 14.50000000000001243, 0.000000000000000000, 0.000000000000000000 ) ) ;
#4162 = ORIENTED_EDGE ( 'NONE', *, *, #6158, .F. ) ;
#4163 = CIRCLE ( 'NONE', #3376, 0.5000000000000004441 ) ;
#4164 = ORIENTED_EDGE ( 'NONE', *, *, #3532, .T. ) ;
#4165 = VECTOR ( 'NONE', #1609, 1000.000000000000000 ) ;
#4166 = LINE ( 'NONE', #1027, #4559 ) ;
#4167 = ORIENTED_EDGE ( 'NONE', *, *, #4301, .F. ) ;
#4168 = DIRECTION ( 'NONE',  ( 0.000000000000000000, 0.000000000000000000, 1.000000000000000000 ) ) ;
#4169 = ORIENTED_EDGE ( 'NONE', *, *, #1920, .T. ) ;
#4170 = VECTOR ( 'NONE', #1355, 1000.000000000000000 ) ;
#4171 = DIRECTION ( 'NONE',  ( 0.000000000000000000, 1.000000000000000000, -0.000000000000000000 ) ) ;
#4172 = ORIENTED_EDGE ( 'NONE', *, *, #2747, .F. ) ;
#4173 = EDGE_LOOP ( 'NONE', ( #4269, #5889, #2524, #6198 ) ) ;
#4174 = ADVANCED_FACE ( 'NONE', ( #5143 ), #2587, .F. ) ;
#4175 = CARTESIAN_POINT ( 'NONE',  ( -5.049999999999991829, -15.00000000000000355, 4.499999999999990230 ) ) ;
#4176 = EDGE_CURVE ( 'NONE', #6862, #944, #1187, .T. ) ;
#4177 = DIRECTION ( 'NONE',  ( -0.000000000000000000, -1.000000000000000000, -0.000000000000000000 ) ) ;
#4178 = ORIENTED_EDGE ( 'NONE', *, *, #3691, .T. ) ;
#4179 = DIRECTION ( 'NONE',  ( 1.000000000000000000, -0.000000000000000000, 0.000000000000000000 ) ) ;
#4180 = CYLINDRICAL_SURFACE ( 'NONE', #4209, 0.5000000000000004441 ) ;
#4181 = ORIENTED_EDGE ( 'NONE', *, *, #1500, .F. ) ;
#4182 = EDGE_CURVE ( 'NONE', #4458, #6241, #2408, .T. ) ;
#4183 = ORIENTED_EDGE ( 'NONE', *, *, #190, .T. ) ;
#4184 = AXIS2_PLACEMENT_3D ( 'NONE', #2509, #1432, #3630 ) ;
#4185 = EDGE_CURVE ( 'NONE', #313, #449, #4784, .T. ) ;
#4186 = LINE ( 'NONE', #2648, #444 ) ;
#4187 = VERTEX_POINT ( 'NONE', #1578 ) ;
#4188 = CARTESIAN_POINT ( 'NONE',  ( -34.86938963724456642, 0.000000000000000000, -14.22869553642180307 ) ) ;
#4189 = CARTESIAN_POINT ( 'NONE',  ( 1.000000000000011324, 0.000000000000000000, 23.54999999999998650 ) ) ;
#4190 = PLANE ( 'NONE',  #1158 ) ;
#4191 = CARTESIAN_POINT ( 'NONE',  ( -36.36700498121759750, -15.00000000000000355, -17.61616568333077382 ) ) ;
#4192 = DIRECTION ( 'NONE',  ( -0.9781476007338215650, 0.000000000000000000, 0.2079116908176844580 ) ) ;
#4193 = PLANE ( 'NONE',  #4427 ) ;
#4194 = DIRECTION ( 'NONE',  ( 0.000000000000000000, 1.000000000000000000, 0.000000000000000000 ) ) ;
#4195 = ORIENTED_EDGE ( 'NONE', *, *, #1071, .T. ) ;
#4196 = VECTOR ( 'NONE', #4900, 1000.000000000000000 ) ;
#4197 = ORIENTED_EDGE ( 'NONE', *, *, #6889, .F. ) ;
#4198 = EDGE_CURVE ( 'NONE', #972, #3583, #1524, .T. ) ;
#4199 = LINE ( 'NONE', #3676, #2557 ) ;
#4200 = EDGE_CURVE ( 'NONE', #3512, #3192, #178, .T. ) ;
#4201 = DIRECTION ( 'NONE',  ( 0.000000000000000000, 0.000000000000000000, 1.000000000000000000 ) ) ;
#4202 = ADVANCED_FACE ( 'NONE', ( #5940 ), #3315, .F. ) ;
#4203 = ORIENTED_EDGE ( 'NONE', *, *, #153, .T. ) ;
#4204 = LINE ( 'NONE', #5636, #4349 ) ;
#4205 = EDGE_CURVE ( 'NONE', #3074, #6090, #1781, .T. ) ;
#4206 = VERTEX_POINT ( 'NONE', #1093 ) ;
#4207 = ORIENTED_EDGE ( 'NONE', *, *, #5802, .F. ) ;
#4208 = CARTESIAN_POINT ( 'NONE',  ( 25.37500000000000711, -15.00000000000000355, -42.93440107675849760 ) ) ;
#4209 = AXIS2_PLACEMENT_3D ( 'NONE', #2609, #1562, #5293 ) ;
#4210 = VERTEX_POINT ( 'NONE', #49 ) ;
#4211 = DIRECTION ( 'NONE',  ( 0.000000000000000000, 0.000000000000000000, 1.000000000000000000 ) ) ;
#4212 = EDGE_LOOP ( 'NONE', ( #1510, #845, #225, #1206 ) ) ;
#4213 = FACE_OUTER_BOUND ( 'NONE', #5851, .T. ) ;
#4214 = DIRECTION ( 'NONE',  ( 0.000000000000000000, 0.000000000000000000, 1.000000000000000000 ) ) ;
#4215 = ORIENTED_EDGE ( 'NONE', *, *, #2936, .F. ) ;
#4216 = ORIENTED_EDGE ( 'NONE', *, *, #3621, .T. ) ;
#4217 = CARTESIAN_POINT ( 'NONE',  ( 0.5000000000000108802, 4.000000000000000000, 29.59999999999998721 ) ) ;
#4218 = ORIENTED_EDGE ( 'NONE', *, *, #346, .F. ) ;
#4219 = CARTESIAN_POINT ( 'NONE',  ( -35.05841875773188576, -15.00000000000000355, 16.36259163743765299 ) ) ;
#4220 = EDGE_CURVE ( 'NONE', #5363, #2217, #3778, .T. ) ;
#4221 = LINE ( 'NONE', #5898, #1679 ) ;
#4222 = CARTESIAN_POINT ( 'NONE',  ( 14.00000000000001243, -15.00000000000000355, 29.09999999999998721 ) ) ;
#4223 = CYLINDRICAL_SURFACE ( 'NONE', #6172, 0.5000000000000004441 ) ;
#4224 = FACE_OUTER_BOUND ( 'NONE', #6092, .T. ) ;
#4225 = LINE ( 'NONE', #3668, #3858 ) ;
#4226 = CARTESIAN_POINT ( 'NONE',  ( -32.75000000000000000, 4.000000000000000000, -44.50000000000000000 ) ) ;
#4227 = CARTESIAN_POINT ( 'NONE',  ( -34.71272867277880181, 0.000000000000000000, 24.92600831447019516 ) ) ;
#4228 = AXIS2_PLACEMENT_3D ( 'NONE', #4175, #3649, #5778 ) ;
#4229 = ORIENTED_EDGE ( 'NONE', *, *, #1659, .F. ) ;
#4230 = VERTEX_POINT ( 'NONE', #4430 ) ;
#4231 = CARTESIAN_POINT ( 'NONE',  ( -35.05841875773189287, -15.00000000000000355, 2.674582838415921593 ) ) ;
#4232 = EDGE_CURVE ( 'NONE', #3192, #217, #2207, .T. ) ;
#4233 = CYLINDRICAL_SURFACE ( 'NONE', #5230, 1.000000000000009548 ) ;
#4234 = EDGE_CURVE ( 'NONE', #892, #1549, #3215, .T. ) ;
#4235 = ORIENTED_EDGE ( 'NONE', *, *, #3838, .F. ) ;
#4236 = AXIS2_PLACEMENT_3D ( 'NONE', #719, #1764, #3398 ) ;
#4237 = DIRECTION ( 'NONE',  ( 0.000000000000000000, 1.000000000000000000, -0.000000000000000000 ) ) ;
#4238 = EDGE_LOOP ( 'NONE', ( #5774, #4101, #2935, #4447 ) ) ;
#4239 = ORIENTED_EDGE ( 'NONE', *, *, #3665, .F. ) ;
#4240 = AXIS2_PLACEMENT_3D ( 'NONE', #2044, #929, #4658 ) ;
#4241 = DIRECTION ( 'NONE',  ( 0.000000000000000000, 1.000000000000000000, 0.000000000000000000 ) ) ;
#4242 = VERTEX_POINT ( 'NONE', #6000 ) ;
#4243 = DIRECTION ( 'NONE',  ( 0.000000000000000000, 0.000000000000000000, 1.000000000000000000 ) ) ;
#4244 = ORIENTED_EDGE ( 'NONE', *, *, #6817, .T. ) ;
#4245 = CARTESIAN_POINT ( 'NONE',  ( -33.76267115700605359, -15.00000000000000355, -38.95604584881101573 ) ) ;
#4246 = DIRECTION ( 'NONE',  ( 0.000000000000000000, 0.000000000000000000, 1.000000000000000000 ) ) ;
#4247 = EDGE_LOOP ( 'NONE', ( #6824, #3570, #4183, #720, #5047, #5781, #5853, #3995 ) ) ;
#4248 = AXIS2_PLACEMENT_3D ( 'NONE', #1612, #2205, #1089 ) ;
#4249 = ORIENTED_EDGE ( 'NONE', *, *, #1500, .T. ) ;
#4250 = DIRECTION ( 'NONE',  ( 0.000000000000000000, 0.000000000000000000, 1.000000000000000000 ) ) ;
#4251 = ORIENTED_EDGE ( 'NONE', *, *, #471, .F. ) ;
#4252 = DIRECTION ( 'NONE',  ( -0.000000000000000000, 1.000000000000000000, -0.000000000000000000 ) ) ;
#4253 = CARTESIAN_POINT ( 'NONE',  ( 0.5000000000000108802, 4.000000000000000000, 42.59999999999998721 ) ) ;
#4254 = LINE ( 'NONE', #630, #1051 ) ;
#4255 = FACE_OUTER_BOUND ( 'NONE', #3195, .T. ) ;
#4256 = EDGE_CURVE ( 'NONE', #5724, #5817, #567, .T. ) ;
#4257 = CIRCLE ( 'NONE', #3917, 0.9999999999996054267 ) ;
#4258 = EDGE_CURVE ( 'NONE', #3272, #4435, #2302, .T. ) ;
#4259 = DIRECTION ( 'NONE',  ( -0.000000000000000000, 1.000000000000000000, -0.000000000000000000 ) ) ;
#4260 = CARTESIAN_POINT ( 'NONE',  ( -23.79090670959995535, 0.000000000000000000, -32.14753180528519749 ) ) ;
#4261 = DIRECTION ( 'NONE',  ( 1.000000000000000000, -0.000000000000000000, 0.000000000000000000 ) ) ;
#4262 = CARTESIAN_POINT ( 'NONE',  ( -18.54999999999999005, 0.000000000000000000, 23.54999999999998650 ) ) ;
#4263 = DIRECTION ( 'NONE',  ( 0.2079116908177521816, 0.000000000000000000, 0.9781476007338072431 ) ) ;
#4264 = VERTEX_POINT ( 'NONE', #2791 ) ;
#4265 = EDGE_CURVE ( 'NONE', #5592, #3358, #5377, .T. ) ;
#4266 = AXIS2_PLACEMENT_3D ( 'NONE', #6863, #966, #2083 ) ;
#4267 = ORIENTED_EDGE ( 'NONE', *, *, #1512, .T. ) ;
#4268 = FACE_OUTER_BOUND ( 'NONE', #4212, .T. ) ;
#4269 = ORIENTED_EDGE ( 'NONE', *, *, #2191, .F. ) ;
#4270 = CARTESIAN_POINT ( 'NONE',  ( -36.36700498121759750, -15.00000000000000355, -31.30417448235348132 ) ) ;
#4271 = AXIS2_PLACEMENT_3D ( 'NONE', #465, #4574, #5170 ) ;
#4272 = EDGE_LOOP ( 'NONE', ( #62, #2248, #4215, #6113 ) ) ;
#4273 = VECTOR ( 'NONE', #702, 1000.000000000000000 ) ;
#4274 = ORIENTED_EDGE ( 'NONE', *, *, #3981, .T. ) ;
#4275 = DIRECTION ( 'NONE',  ( -0.000000000000000000, 1.000000000000000000, -0.000000000000000000 ) ) ;
#4276 = ORIENTED_EDGE ( 'NONE', *, *, #2992, .F. ) ;
#4277 = DIRECTION ( 'NONE',  ( -0.000000000000000000, 1.000000000000000000, -0.000000000000000000 ) ) ;
#4278 = ORIENTED_EDGE ( 'NONE', *, *, #6515, .F. ) ;
#4279 = VECTOR ( 'NONE', #143, 1000.000000000000000 ) ;
#4280 = DIRECTION ( 'NONE',  ( 0.000000000000000000, 0.000000000000000000, 1.000000000000000000 ) ) ;
#4281 = LINE ( 'NONE', #6440, #4536 ) ;
#4282 = ORIENTED_EDGE ( 'NONE', *, *, #6785, .T. ) ;
#4283 = ORIENTED_EDGE ( 'NONE', *, *, #2444, .T. ) ;
#4284 = EDGE_CURVE ( 'NONE', #2349, #4206, #605, .T. ) ;
#4285 = DIRECTION ( 'NONE',  ( 0.000000000000000000, 0.000000000000000000, 1.000000000000000000 ) ) ;
#4286 = EDGE_LOOP ( 'NONE', ( #4767, #692, #208, #22 ) ) ;
#4287 = EDGE_CURVE ( 'NONE', #1529, #6313, #4822, .T. ) ;
#4288 = CARTESIAN_POINT ( 'NONE',  ( -25.44518301803897842, -15.00000000000000355, 33.81436458909475817 ) ) ;
#4289 = EDGE_CURVE ( 'NONE', #944, #1563, #84, .T. ) ;
#4290 = LINE ( 'NONE', #2096, #2337 ) ;
#4291 = DIRECTION ( 'NONE',  ( -0.000000000000000000, 1.000000000000000000, -0.000000000000000000 ) ) ;
#4292 = CARTESIAN_POINT ( 'NONE',  ( -5.049999999999991829, -15.00000000000000355, -14.55000000000001492 ) ) ;
#4293 = EDGE_CURVE ( 'NONE', #5352, #1197, #3284, .T. ) ;
#4294 = AXIS2_PLACEMENT_3D ( 'NONE', #757, #3369, #3403 ) ;
#4295 = DIRECTION ( 'NONE',  ( 0.2079116908177515988, 0.000000000000000000, 0.9781476007338073542 ) ) ;
#4296 = DIRECTION ( 'NONE',  ( -0.2079116908176843748, 0.000000000000000000, -0.9781476007338215650 ) ) ;
#4297 = DIRECTION ( 'NONE',  ( 0.000000000000000000, 0.000000000000000000, 1.000000000000000000 ) ) ;
#4298 = CARTESIAN_POINT ( 'NONE',  ( 14.00000000000001243, -15.00000000000000355, -27.55000000000001137 ) ) ;
#4299 = DIRECTION ( 'NONE',  ( 0.000000000000000000, 0.000000000000000000, 1.000000000000000000 ) ) ;
#4300 = ORIENTED_EDGE ( 'NONE', *, *, #5825, .F. ) ;
#4301 = EDGE_CURVE ( 'NONE', #756, #1473, #3188, .T. ) ;
#4302 = DIRECTION ( 'NONE',  ( -1.554411716825095609E-16, 0.000000000000000000, -1.000000000000000000 ) ) ;
#4303 = ORIENTED_EDGE ( 'NONE', *, *, #4077, .T. ) ;
#4304 = VECTOR ( 'NONE', #4394, 1000.000000000000000 ) ;
#4305 = DIRECTION ( 'NONE',  ( 0.000000000000000000, 0.000000000000000000, 1.000000000000000000 ) ) ;
#4306 = AXIS2_PLACEMENT_3D ( 'NONE', #629, #594, #1741 ) ;
#4307 = ORIENTED_EDGE ( 'NONE', *, *, #6378, .F. ) ;
#4308 = ORIENTED_EDGE ( 'NONE', *, *, #1943, .T. ) ;
#4309 = CARTESIAN_POINT ( 'NONE',  ( -18.54999999999999005, 0.000000000000000000, 0.000000000000000000 ) ) ;
#4310 = VECTOR ( 'NONE', #4412, 1000.000000000000000 ) ;
#4311 = ORIENTED_EDGE ( 'NONE', *, *, #4610, .F. ) ;
#4312 = CARTESIAN_POINT ( 'NONE',  ( -33.76267115700605359, 0.000000000000000000, -38.95604584881101573 ) ) ;
#4313 = ORIENTED_EDGE ( 'NONE', *, *, #4113, .F. ) ;
#4314 = DIRECTION ( 'NONE',  ( 0.000000000000000000, 1.000000000000000000, -0.000000000000000000 ) ) ;
#4315 = PLANE ( 'NONE',  #6654 ) ;
#4316 = EDGE_LOOP ( 'NONE', ( #6060, #335, #3985, #618 ) ) ;
#4317 = VECTOR ( 'NONE', #3895, 1000.000000000000000 ) ;
#4318 = ORIENTED_EDGE ( 'NONE', *, *, #4854, .T. ) ;
#4319 = LINE ( 'NONE', #451, #1347 ) ;
#4320 = ORIENTED_EDGE ( 'NONE', *, *, #6847, .T. ) ;
#4321 = CARTESIAN_POINT ( 'NONE',  ( -25.44518301803898197, -15.00000000000000355, 6.438346991049340495 ) ) ;
#4322 = DIRECTION ( 'NONE',  ( 0.000000000000000000, 0.000000000000000000, 1.000000000000000000 ) ) ;
#4323 = LINE ( 'NONE', #1015, #6611 ) ;
#4324 = EDGE_CURVE ( 'NONE', #4242, #3092, #5408, .T. ) ;
#4325 = EDGE_CURVE ( 'NONE', #6064, #616, #2761, .T. ) ;
#4326 = EDGE_CURVE ( 'NONE', #801, #6714, #2236, .T. ) ;
#4327 = PLANE ( 'NONE',  #4839 ) ;
#4328 = VECTOR ( 'NONE', #3349, 1000.000000000000000 ) ;
#4329 = DIRECTION ( 'NONE',  ( -0.000000000000000000, 1.000000000000000000, -0.000000000000000000 ) ) ;
#4330 = DIRECTION ( 'NONE',  ( -1.270278060211849690E-16, -0.000000000000000000, -1.000000000000000000 ) ) ;
#4331 = CARTESIAN_POINT ( 'NONE',  ( -25.23727132722123656, -15.00000000000000355, -33.64753180528495591 ) ) ;
#4332 = DIRECTION ( 'NONE',  ( -0.000000000000000000, 1.000000000000000000, -0.000000000000000000 ) ) ;
#4333 = VERTEX_POINT ( 'NONE', #6488 ) ;
#4334 = EDGE_CURVE ( 'NONE', #5289, #3911, #2826, .T. ) ;
#4335 = FACE_OUTER_BOUND ( 'NONE', #2658, .T. ) ;
#4336 = AXIS2_PLACEMENT_3D ( 'NONE', #5632, #1934, #5773 ) ;
#4337 = ORIENTED_EDGE ( 'NONE', *, *, #6764, .T. ) ;
#4338 = AXIS2_PLACEMENT_3D ( 'NONE', #2329, #4360, #1714 ) ;
#4339 = DIRECTION ( 'NONE',  ( -0.000000000000000000, 1.000000000000000000, -0.000000000000000000 ) ) ;
#4340 = EDGE_LOOP ( 'NONE', ( #1862, #3783, #993, #4207 ) ) ;
#4341 = EDGE_CURVE ( 'NONE', #3710, #3792, #2374, .T. ) ;
#4342 = VECTOR ( 'NONE', #5461, 1000.000000000000000 ) ;
#4343 = CARTESIAN_POINT ( 'NONE',  ( 41.37500000000000711, 0.000000000000000000, 54.62500000000000000 ) ) ;
#4344 = EDGE_LOOP ( 'NONE', ( #2603, #5663, #987, #411 ) ) ;
#4345 = LINE ( 'NONE', #6472, #1154 ) ;
#4346 = CYLINDRICAL_SURFACE ( 'NONE', #3194, 0.9999999999999974465 ) ;
#4347 = DIRECTION ( 'NONE',  ( -0.000000000000000000, 1.000000000000000000, -0.000000000000000000 ) ) ;
#4348 = ORIENTED_EDGE ( 'NONE', *, *, #5116, .F. ) ;
#4349 = VECTOR ( 'NONE', #858, 1000.000000000000000 ) ;
#4350 = ADVANCED_FACE ( 'NONE', ( #804, #4011, #4568, #4502, #5584, #1256, #1849, #1362, #2403, #3974, #2963, #840, #5128, #1923, #5093, #2996, #353, #3490, #5025, #1960, #4462, #6700, #4606, #6036, #2925, #2371, #3450, #316 ), #6144, .T. ) ;
#4351 = VERTEX_POINT ( 'NONE', #733 ) ;
#4352 = DIRECTION ( 'NONE',  ( 0.000000000000000000, 0.000000000000000000, -1.000000000000000000 ) ) ;
#4353 = VERTEX_POINT ( 'NONE', #2439 ) ;
#4354 = AXIS2_PLACEMENT_3D ( 'NONE', #4100, #6229, #1450 ) ;
#4355 = LINE ( 'NONE', #4385, #522 ) ;
#4356 = AXIS2_PLACEMENT_3D ( 'NONE', #3065, #418, #6137 ) ;
#4357 = DIRECTION ( 'NONE',  ( 0.9311749454423310368, 0.000000000000000000, 0.3645726552835139023 ) ) ;
#4358 = VECTOR ( 'NONE', #4479, 1000.000000000000000 ) ;
#4359 = DIRECTION ( 'NONE',  ( 0.000000000000000000, 0.000000000000000000, 1.000000000000000000 ) ) ;
#4360 = DIRECTION ( 'NONE',  ( -0.000000000000000000, 1.000000000000000000, -0.000000000000000000 ) ) ;
#4361 = CARTESIAN_POINT ( 'NONE',  ( -32.75000000000000000, 0.000000000000000000, 42.24999999999999289 ) ) ;
#4362 = DIRECTION ( 'NONE',  ( 0.000000000000000000, 1.000000000000000000, -0.000000000000000000 ) ) ;
#4363 = CARTESIAN_POINT ( 'NONE',  ( -24.89158124226812419, -15.00000000000000355, 15.97991126881479573 ) ) ;
#4364 = DIRECTION ( 'NONE',  ( -0.000000000000000000, 1.000000000000000000, -0.000000000000000000 ) ) ;
#4365 = CARTESIAN_POINT ( 'NONE',  ( -18.54999999999999005, 4.000000000000000000, 0.000000000000000000 ) ) ;
#4366 = VERTEX_POINT ( 'NONE', #4989 ) ;
#4367 = EDGE_CURVE ( 'NONE', #4999, #3948, #3380, .T. ) ;
#4368 = DIRECTION ( 'NONE',  ( 0.000000000000000000, 0.000000000000000000, 1.000000000000000000 ) ) ;
#4369 = ADVANCED_FACE ( 'NONE', ( #4532 ), #6069, .F. ) ;
#4370 = ORIENTED_EDGE ( 'NONE', *, *, #2049, .T. ) ;
#4371 = FACE_OUTER_BOUND ( 'NONE', #2357, .T. ) ;
#4372 = ORIENTED_EDGE ( 'NONE', *, *, #6769, .T. ) ;
#4373 = PRESENTATION_STYLE_ASSIGNMENT (( #2185 ) ) ;
#4374 = VERTEX_POINT ( 'NONE', #1395 ) ;
#4375 = LINE ( 'NONE', #1761, #254 ) ;
#4376 = AXIS2_PLACEMENT_3D ( 'NONE', #6359, #6394, #640 ) ;
#4377 = LINE ( 'NONE', #6086, #2199 ) ;
#4378 = CARTESIAN_POINT ( 'NONE',  ( 20.05000000000001137, -15.00000000000000355, 29.59999999999998721 ) ) ;
#4379 = EDGE_LOOP ( 'NONE', ( #6854, #1069, #4468, #1165 ) ) ;
#4380 = ORIENTED_EDGE ( 'NONE', *, *, #4387, .T. ) ;
#4381 = AXIS2_PLACEMENT_3D ( 'NONE', #3561, #3492, #5130 ) ;
#4382 = VECTOR ( 'NONE', #2986, 1000.000000000000000 ) ;
#4383 = DIRECTION ( 'NONE',  ( -0.000000000000000000, 1.000000000000000000, -0.000000000000000000 ) ) ;
#4384 = VERTEX_POINT ( 'NONE', #245 ) ;
#4385 = CARTESIAN_POINT ( 'NONE',  ( -35.05841875773189287, -15.00000000000000355, -11.01342596060678503 ) ) ;
#4386 = CARTESIAN_POINT ( 'NONE',  ( -35.05841875773188576, 0.000000000000000000, 16.36259163743765299 ) ) ;
#4387 = EDGE_CURVE ( 'NONE', #3028, #3419, #1822, .T. ) ;
#4388 = DIRECTION ( 'NONE',  ( -0.3645726552835140688, 0.000000000000000000, 0.9311749454423310368 ) ) ;
#4389 = EDGE_CURVE ( 'NONE', #5480, #2194, #3608, .T. ) ;
#4390 = CARTESIAN_POINT ( 'NONE',  ( 20.05000000000001137, 4.000000000000000000, -14.55000000000001492 ) ) ;
#4391 = EDGE_LOOP ( 'NONE', ( #6131, #6493, #1032, #6704 ) ) ;
#4392 = CARTESIAN_POINT ( 'NONE',  ( 33.05000000000001137, 4.000000000000000000, -14.55000000000001492 ) ) ;
#4393 = LINE ( 'NONE', #3379, #2345 ) ;
#4394 = DIRECTION ( 'NONE',  ( -0.000000000000000000, 1.000000000000000000, -0.000000000000000000 ) ) ;
#4395 = DIRECTION ( 'NONE',  ( 0.000000000000000000, 0.000000000000000000, 1.000000000000000000 ) ) ;
#4396 = FACE_OUTER_BOUND ( 'NONE', #4344, .T. ) ;
#4397 = VECTOR ( 'NONE', #4527, 1000.000000000000000 ) ;
#4398 = CIRCLE ( 'NONE', #1963, 0.9999999999999974465 ) ;
#4399 = ORIENTED_EDGE ( 'NONE', *, *, #3052, .F. ) ;
#4400 = VECTOR ( 'NONE', #3842, 1000.000000000000000 ) ;
#4401 = DIRECTION ( 'NONE',  ( 0.000000000000000000, 1.000000000000000000, -0.000000000000000000 ) ) ;
#4402 = ORIENTED_EDGE ( 'NONE', *, *, #792, .T. ) ;
#4403 = ADVANCED_FACE ( 'NONE', ( #2333 ), #6590, .F. ) ;
#4404 = EDGE_CURVE ( 'NONE', #1306, #6648, #3414, .T. ) ;
#4405 = CARTESIAN_POINT ( 'NONE',  ( 0.5000000000000108802, -15.00000000000000355, 42.59999999999998721 ) ) ;
#4406 = EDGE_CURVE ( 'NONE', #6765, #4041, #766, .T. ) ;
#4407 = ORIENTED_EDGE ( 'NONE', *, *, #636, .F. ) ;
#4408 = LINE ( 'NONE', #5956, #2922 ) ;
#4409 = CIRCLE ( 'NONE', #2745, 0.9999999999999965583 ) ;
#4410 = EDGE_CURVE ( 'NONE', #3903, #5298, #821, .T. ) ;
#4411 = VECTOR ( 'NONE', #1212, 1000.000000000000000 ) ;
#4412 = DIRECTION ( 'NONE',  ( -0.000000000000000000, 1.000000000000000000, -0.000000000000000000 ) ) ;
#4413 = DIRECTION ( 'NONE',  ( 0.000000000000000000, 1.000000000000000000, 0.000000000000000000 ) ) ;
#4414 = DIRECTION ( 'NONE',  ( -0.000000000000000000, 1.000000000000000000, -0.000000000000000000 ) ) ;
#4415 = ORIENTED_EDGE ( 'NONE', *, *, #2830, .T. ) ;
#4416 = AXIS2_PLACEMENT_3D ( 'NONE', #6275, #3585, #6762 ) ;
#4417 = ORIENTED_EDGE ( 'NONE', *, *, #4985, .F. ) ;
#4418 = EDGE_CURVE ( 'NONE', #4366, #972, #1014, .T. ) ;
#4419 = PLANE ( 'NONE',  #3675 ) ;
#4420 = VERTEX_POINT ( 'NONE', #2652 ) ;
#4421 = CARTESIAN_POINT ( 'NONE',  ( -37.29817992665991966, 0.000000000000000000, 35.77129685747654975 ) ) ;
#4422 = LINE ( 'NONE', #5535, #1533 ) ;
#4423 = LINE ( 'NONE', #5573, #2053 ) ;
#4424 =( LENGTH_UNIT ( ) NAMED_UNIT ( * ) SI_UNIT ( .MILLI., .METRE. ) );
#4425 = LINE ( 'NONE', #800, #3695 ) ;
#4426 = ORIENTED_EDGE ( 'NONE', *, *, #847, .T. ) ;
#4427 = AXIS2_PLACEMENT_3D ( 'NONE', #5599, #6324, #1541 ) ;
#4428 = DIRECTION ( 'NONE',  ( 0.000000000000000000, 0.000000000000000000, 1.000000000000000000 ) ) ;
#4429 = CARTESIAN_POINT ( 'NONE',  ( 0.5000000000000108802, 4.000000000000000000, 10.54999999999999005 ) ) ;
#4430 = CARTESIAN_POINT ( 'NONE',  ( 33.55000000000001137, 0.000000000000000000, 4.499999999999990230 ) ) ;
#4431 = CARTESIAN_POINT ( 'NONE',  ( 33.55000000000001137, 4.000000000000000000, 29.59999999999998721 ) ) ;
#4432 = FACE_OUTER_BOUND ( 'NONE', #6183, .T. ) ;
#4433 = UNCERTAINTY_MEASURE_WITH_UNIT (LENGTH_MEASURE( 1.000000000000000082E-05 ), #4424, 'distance_accuracy_value', 'NONE');
#4434 = ORIENTED_EDGE ( 'NONE', *, *, #2448, .F. ) ;
#4435 = VERTEX_POINT ( 'NONE', #1435 ) ;
#4436 = DIRECTION ( 'NONE',  ( 1.000000000000000000, 0.000000000000000000, 0.000000000000000000 ) ) ;
#4437 = ORIENTED_EDGE ( 'NONE', *, *, #6584, .T. ) ;
#4438 = EDGE_CURVE ( 'NONE', #1799, #343, #1470, .T. ) ;
#4439 = LINE ( 'NONE', #4834, #6304 ) ;
#4440 = ORIENTED_EDGE ( 'NONE', *, *, #2234, .T. ) ;
#4441 = EDGE_CURVE ( 'NONE', #920, #5042, #1600, .T. ) ;
#4442 = LINE ( 'NONE', #2807, #5043 ) ;
#4443 = CIRCLE ( 'NONE', #5673, 0.5000000000000004441 ) ;
#4444 = DIRECTION ( 'NONE',  ( 0.000000000000000000, 0.000000000000000000, 1.000000000000000000 ) ) ;
#4445 = DIRECTION ( 'NONE',  ( 0.000000000000000000, 1.000000000000000000, 0.000000000000000000 ) ) ;
#4446 = DIRECTION ( 'NONE',  ( 0.000000000000000000, 1.000000000000000000, 0.000000000000000000 ) ) ;
#4447 = ORIENTED_EDGE ( 'NONE', *, *, #6196, .F. ) ;
#4448 = VECTOR ( 'NONE', #4764, 1000.000000000000000 ) ;
#4449 = ORIENTED_EDGE ( 'NONE', *, *, #6462, .F. ) ;
#4450 = VECTOR ( 'NONE', #6575, 1000.000000000000000 ) ;
#4451 = CARTESIAN_POINT ( 'NONE',  ( 0.000000000000000000, 0.000000000000000000, 4.999999999999990230 ) ) ;
#4452 = ORIENTED_EDGE ( 'NONE', *, *, #853, .T. ) ;
#4453 = DIRECTION ( 'NONE',  ( 0.000000000000000000, 1.000000000000000000, -0.000000000000000000 ) ) ;
#4454 = DIRECTION ( 'NONE',  ( 0.000000000000000000, 1.000000000000000000, -0.000000000000000000 ) ) ;
#4455 = CYLINDRICAL_SURFACE ( 'NONE', #713, 0.9999999999999974465 ) ;
#4456 = DIRECTION ( 'NONE',  ( 0.000000000000000000, 0.000000000000000000, 1.000000000000000000 ) ) ;
#4457 = AXIS2_PLACEMENT_3D ( 'NONE', #4794, #5354, #3789 ) ;
#4458 = VERTEX_POINT ( 'NONE', #3171 ) ;
#4459 = VECTOR ( 'NONE', #4672, 1000.000000000000000 ) ;
#4460 = FACE_OUTER_BOUND ( 'NONE', #6779, .T. ) ;
#4461 = FACE_OUTER_BOUND ( 'NONE', #4286, .T. ) ;
#4462 = FACE_BOUND ( 'NONE', #2059, .T. ) ;
#4463 = LINE ( 'NONE', #2404, #1627 ) ;
#4464 = CYLINDRICAL_SURFACE ( 'NONE', #814, 1.000000000000000888 ) ;
#4465 = VECTOR ( 'NONE', #3413, 1000.000000000000000 ) ;
#4466 = EDGE_CURVE ( 'NONE', #3797, #3892, #490, .T. ) ;
#4467 = EDGE_CURVE ( 'NONE', #1703, #122, #3663, .T. ) ;
#4468 = ORIENTED_EDGE ( 'NONE', *, *, #5957, .F. ) ;
#4469 = VERTEX_POINT ( 'NONE', #4645 ) ;
#4470 = DIRECTION ( 'NONE',  ( -0.3645726552835142908, 0.000000000000000000, 0.9311749454423308148 ) ) ;
#4471 = ORIENTED_EDGE ( 'NONE', *, *, #622, .T. ) ;
#4472 = ADVANCED_FACE ( 'NONE', ( #5692 ), #3595, .F. ) ;
#4473 = CARTESIAN_POINT ( 'NONE',  ( 0.000000000000000000, 4.000000000000000000, 10.04999999999999005 ) ) ;
#4474 = AXIS2_PLACEMENT_3D ( 'NONE', #5716, #5610, #6276 ) ;
#4475 = ORIENTED_EDGE ( 'NONE', *, *, #2012, .F. ) ;
#4476 = LINE ( 'NONE', #2383, #552 ) ;
#4477 = ORIENTED_EDGE ( 'NONE', *, *, #1556, .F. ) ;
#4478 = DIRECTION ( 'NONE',  ( -0.000000000000000000, 1.000000000000000000, -0.000000000000000000 ) ) ;
#4479 = DIRECTION ( 'NONE',  ( -0.000000000000000000, 1.000000000000000000, -0.000000000000000000 ) ) ;
#4480 = DIRECTION ( 'NONE',  ( 0.000000000000000000, 0.000000000000000000, 1.000000000000000000 ) ) ;
#4481 = EDGE_LOOP ( 'NONE', ( #6645, #6111, #1148, #5687 ) ) ;
#4482 = ORIENTED_EDGE ( 'NONE', *, *, #250, .T. ) ;
#4483 = CARTESIAN_POINT ( 'NONE',  ( -18.04999999999999005, 4.000000000000000000, 43.09999999999998721 ) ) ;
#4484 = CIRCLE ( 'NONE', #1369, 0.9999999999999940048 ) ;
#4485 = CARTESIAN_POINT ( 'NONE',  ( -33.76267115700605359, 4.000000000000000000, -25.26803704978830822 ) ) ;
#4486 = ORIENTED_EDGE ( 'NONE', *, *, #2135, .F. ) ;
#4487 = DIRECTION ( 'NONE',  ( -0.000000000000000000, 1.000000000000000000, -0.000000000000000000 ) ) ;
#4488 = DIRECTION ( 'NONE',  ( -0.000000000000000000, 1.000000000000000000, -0.000000000000000000 ) ) ;
#4489 = LINE ( 'NONE', #6063, #2607 ) ;
#4490 = PRODUCT_DEFINITION_FORMATION_WITH_SPECIFIED_SOURCE ( 'TUTTO', '', #4925, .NOT_KNOWN. ) ;
#4491 = AXIS2_PLACEMENT_3D ( 'NONE', #3103, #1505, #5162 ) ;
#4492 = EDGE_CURVE ( 'NONE', #4333, #6561, #910, .T. ) ;
#4493 = ORIENTED_EDGE ( 'NONE', *, *, #2089, .T. ) ;
#4494 = EDGE_CURVE ( 'NONE', #3087, #278, #3069, .T. ) ;
#4495 = CARTESIAN_POINT ( 'NONE',  ( 1.000000000000011324, -15.00000000000000355, 4.999999999999990230 ) ) ;
#4496 = ORIENTED_EDGE ( 'NONE', *, *, #4205, .T. ) ;
#4497 = EDGE_CURVE ( 'NONE', #4102, #3304, #6214, .T. ) ;
#4498 = CARTESIAN_POINT ( 'NONE',  ( 20.05000000000001137, 4.000000000000000000, -27.55000000000001137 ) ) ;
#4499 = CIRCLE ( 'NONE', #3939, 0.9999999999999974465 ) ;
#4500 = EDGE_CURVE ( 'NONE', #4075, #3419, #2549, .T. ) ;
#4501 = CARTESIAN_POINT ( 'NONE',  ( -4.549999999999991829, 4.000000000000000000, 0.000000000000000000 ) ) ;
#4502 = FACE_BOUND ( 'NONE', #761, .T. ) ;
#4503 = FACE_OUTER_BOUND ( 'NONE', #2613, .T. ) ;
#4504 = CYLINDRICAL_SURFACE ( 'NONE', #2265, 0.9999999999999974465 ) ;
#4505 = ORIENTED_EDGE ( 'NONE', *, *, #496, .F. ) ;
#4506 = VERTEX_POINT ( 'NONE', #4711 ) ;
#4507 = DIRECTION ( 'NONE',  ( 0.000000000000000000, 0.000000000000000000, 1.000000000000000000 ) ) ;
#4508 = VERTEX_POINT ( 'NONE', #6775 ) ;
#4509 = VECTOR ( 'NONE', #1012, 1000.000000000000000 ) ;
#4510 = CARTESIAN_POINT ( 'NONE',  ( 5.984756434659997737, 0.000000000000000000, 28.15606532039736365 ) ) ;
#4511 = EDGE_LOOP ( 'NONE', ( #2800, #5264, #721, #4115, #6149, #5101, #4437 ) ) ;
#4512 = DIRECTION ( 'NONE',  ( -0.000000000000000000, 1.000000000000000000, -0.000000000000000000 ) ) ;
#4513 = EDGE_CURVE ( 'NONE', #4773, #6064, #1377, .T. ) ;
#4514 = ORIENTED_EDGE ( 'NONE', *, *, #807, .F. ) ;
#4515 = DIRECTION ( 'NONE',  ( -0.000000000000000000, 1.000000000000000000, -0.000000000000000000 ) ) ;
#4516 = CARTESIAN_POINT ( 'NONE',  ( -18.54999999999999005, 0.000000000000000000, 42.59999999999998721 ) ) ;
#4517 = DIRECTION ( 'NONE',  ( 0.000000000000000000, 0.000000000000000000, 1.000000000000000000 ) ) ;
#4518 = VERTEX_POINT ( 'NONE', #3633 ) ;
#4519 = ORIENTED_EDGE ( 'NONE', *, *, #3896, .F. ) ;
#4520 = CARTESIAN_POINT ( 'NONE',  ( 0.000000000000000000, 0.000000000000000000, 29.09999999999998721 ) ) ;
#4521 = CARTESIAN_POINT ( 'NONE',  ( 0.000000000000000000, 4.000000000000000000, 24.04999999999998650 ) ) ;
#4522 = ORIENTED_EDGE ( 'NONE', *, *, #4182, .T. ) ;
#4523 = CARTESIAN_POINT ( 'NONE',  ( 33.05000000000001137, 0.000000000000000000, 24.04999999999998650 ) ) ;
#4524 = DIRECTION ( 'NONE',  ( 1.000000000000000000, 0.000000000000000000, -0.000000000000000000 ) ) ;
#4525 = FACE_OUTER_BOUND ( 'NONE', #17, .T. ) ;
#4526 = AXIS2_PLACEMENT_3D ( 'NONE', #4027, #5874, #1540 ) ;
#4527 = DIRECTION ( 'NONE',  ( 0.000000000000000000, -0.000000000000000000, 1.000000000000000000 ) ) ;
#4528 = DIRECTION ( 'NONE',  ( -0.9781476007338019141, 0.000000000000000000, 0.2079116908177766065 ) ) ;
#4529 = ORIENTED_EDGE ( 'NONE', *, *, #2915, .T. ) ;
#4530 = LINE ( 'NONE', #1287, #2025 ) ;
#4531 = DIRECTION ( 'NONE',  ( 0.000000000000000000, 0.000000000000000000, 1.000000000000000000 ) ) ;
#4532 = FACE_OUTER_BOUND ( 'NONE', #2810, .T. ) ;
#4533 = DIRECTION ( 'NONE',  ( 0.000000000000000000, 0.000000000000000000, 1.000000000000000000 ) ) ;
#4534 = CYLINDRICAL_SURFACE ( 'NONE', #4381, 0.5000000000000004441 ) ;
#4535 = AXIS2_PLACEMENT_3D ( 'NONE', #6514, #758, #6618 ) ;
#4536 = VECTOR ( 'NONE', #3199, 1000.000000000000114 ) ;
#4537 = ADVANCED_FACE ( 'NONE', ( #2097 ), #5830, .F. ) ;
#4538 = EDGE_LOOP ( 'NONE', ( #4249, #5079, #5514, #4613 ) ) ;
#4539 = PLANE ( 'NONE',  #1011 ) ;
#4540 = ORIENTED_EDGE ( 'NONE', *, *, #6028, .F. ) ;
#4541 = EDGE_CURVE ( 'NONE', #1486, #1451, #1993, .T. ) ;
#4542 = CARTESIAN_POINT ( 'NONE',  ( -25.82275618771047121, -15.00000000000000355, -24.44868778353693628 ) ) ;
#4543 = VERTEX_POINT ( 'NONE', #6320 ) ;
#4544 = DIRECTION ( 'NONE',  ( 1.000000000000000000, 0.000000000000000000, 0.000000000000000000 ) ) ;
#4545 = VERTEX_POINT ( 'NONE', #5763 ) ;
#4546 = DIRECTION ( 'NONE',  ( 0.000000000000000000, 0.000000000000000000, 1.000000000000000000 ) ) ;
#4547 = FACE_OUTER_BOUND ( 'NONE', #2082, .T. ) ;
#4548 = CARTESIAN_POINT ( 'NONE',  ( 33.37500000000000000, -15.00000000000000355, -38.31559892324149530 ) ) ;
#4549 = EDGE_CURVE ( 'NONE', #6478, #3074, #4608, .T. ) ;
#4550 = VERTEX_POINT ( 'NONE', #981 ) ;
#4551 = VERTEX_POINT ( 'NONE', #457 ) ;
#4552 = CARTESIAN_POINT ( 'NONE',  ( -24.89158124226812419, 4.000000000000000000, 15.97991126881479573 ) ) ;
#4553 = DIRECTION ( 'NONE',  ( 0.000000000000000000, 0.000000000000000000, 1.000000000000000000 ) ) ;
#4554 = ORIENTED_EDGE ( 'NONE', *, *, #5879, .T. ) ;
#4555 = DIRECTION ( 'NONE',  ( 0.000000000000000000, 0.000000000000000000, 1.000000000000000000 ) ) ;
#4556 = FACE_OUTER_BOUND ( 'NONE', #4481, .T. ) ;
#4557 = AXIS2_PLACEMENT_3D ( 'NONE', #4134, #2106, #5805 ) ;
#4558 = DIRECTION ( 'NONE',  ( -0.000000000000000000, 1.000000000000000000, -0.000000000000000000 ) ) ;
#4559 = VECTOR ( 'NONE', #1513, 1000.000000000000000 ) ;
#4560 = EDGE_CURVE ( 'NONE', #6109, #2492, #6350, .T. ) ;
#4561 = CARTESIAN_POINT ( 'NONE',  ( -32.75000000000000000, 4.000000000000000000, 44.50000000000000000 ) ) ;
#4562 = VECTOR ( 'NONE', #6202, 1000.000000000000000 ) ;
#4563 = ORIENTED_EDGE ( 'NONE', *, *, #2867, .F. ) ;
#4564 = CYLINDRICAL_SURFACE ( 'NONE', #5580, 0.5000000000000004441 ) ;
#4565 = VERTEX_POINT ( 'NONE', #4085 ) ;
#4566 = DIRECTION ( 'NONE',  ( 0.000000000000000000, 0.000000000000000000, 1.000000000000000000 ) ) ;
#4567 = CARTESIAN_POINT ( 'NONE',  ( 20.05000000000001137, 4.000000000000000000, -9.000000000000007105 ) ) ;
#4568 = FACE_BOUND ( 'NONE', #3624, .T. ) ;
#4569 = DIRECTION ( 'NONE',  ( -0.3645726552835140688, 0.000000000000000000, 0.9311749454423310368 ) ) ;
#4570 = CARTESIAN_POINT ( 'NONE',  ( 1.000000000000011324, 0.000000000000000000, -14.55000000000001492 ) ) ;
#4571 = AXIS2_PLACEMENT_3D ( 'NONE', #6530, #4962, #3389 ) ;
#4572 = EDGE_LOOP ( 'NONE', ( #5253, #5926, #3951, #5214 ) ) ;
#4573 = VECTOR ( 'NONE', #5376, 1000.000000000000000 ) ;
#4574 = DIRECTION ( 'NONE',  ( 0.000000000000000000, 1.000000000000000000, -0.000000000000000000 ) ) ;
#4575 = ORIENTED_EDGE ( 'NONE', *, *, #877, .T. ) ;
#4576 = CIRCLE ( 'NONE', #3460, 0.9999999999999965583 ) ;
#4577 = AXIS2_PLACEMENT_3D ( 'NONE', #1797, #4413, #718 ) ;
#4578 = EDGE_CURVE ( 'NONE', #1235, #3980, #4254, .T. ) ;
#4579 = LINE ( 'NONE', #1932, #109 ) ;
#4580 = EDGE_CURVE ( 'NONE', #3892, #5154, #6418, .T. ) ;
#4581 = EDGE_LOOP ( 'NONE', ( #1101, #3502, #2496, #6262 ) ) ;
#4582 = DIRECTION ( 'NONE',  ( 0.000000000000000000, 0.000000000000000000, 1.000000000000000000 ) ) ;
#4583 = EDGE_CURVE ( 'NONE', #4551, #4458, #695, .T. ) ;
#4584 = ADVANCED_FACE ( 'NONE', ( #1709 ), #4851, .F. ) ;
#4585 = ORIENTED_EDGE ( 'NONE', *, *, #4387, .F. ) ;
#4586 = CARTESIAN_POINT ( 'NONE',  ( -36.36700498121759040, 0.000000000000000000, 22.44786071373636815 ) ) ;
#4587 = LINE ( 'NONE', #5798, #3423 ) ;
#4588 = FACE_BOUND ( 'NONE', #386, .T. ) ;
#4589 = ORIENTED_EDGE ( 'NONE', *, *, #6255, .F. ) ;
#4590 = VERTEX_POINT ( 'NONE', #1677 ) ;
#4591 = DIRECTION ( 'NONE',  ( -0.000000000000000000, 1.000000000000000000, -0.000000000000000000 ) ) ;
#4592 = CARTESIAN_POINT ( 'NONE',  ( -29.49072154915657151, 0.000000000000000000, -11.54617691769566257 ) ) ;
#4593 = VERTEX_POINT ( 'NONE', #6385 ) ;
#4594 = FACE_OUTER_BOUND ( 'NONE', #6076, .T. ) ;
#4595 = LINE ( 'NONE', #4667, #5147 ) ;
#4596 = ORIENTED_EDGE ( 'NONE', *, *, #5929, .T. ) ;
#4597 = FACE_OUTER_BOUND ( 'NONE', #542, .T. ) ;
#4598 = AXIS2_PLACEMENT_3D ( 'NONE', #3796, #2740, #5488 ) ;
#4599 = ORIENTED_EDGE ( 'NONE', *, *, #5282, .T. ) ;
#4600 = ORIENTED_EDGE ( 'NONE', *, *, #1276, .F. ) ;
#4601 = DIRECTION ( 'NONE',  ( 0.000000000000000000, 1.000000000000000000, 0.000000000000000000 ) ) ;
#4602 = ORIENTED_EDGE ( 'NONE', *, *, #1099, .T. ) ;
#4603 = DIRECTION ( 'NONE',  ( 1.000000000000000000, 0.000000000000000000, -0.000000000000000000 ) ) ;
#4604 = CIRCLE ( 'NONE', #5605, 1.000000000000009548 ) ;
#4605 = DIRECTION ( 'NONE',  ( 0.000000000000000000, 0.000000000000000000, 1.000000000000000000 ) ) ;
#4606 = FACE_BOUND ( 'NONE', #3787, .T. ) ;
#4607 = CARTESIAN_POINT ( 'NONE',  ( -36.36700498121759750, -15.00000000000000355, -4.928156884308060093 ) ) ;
#4608 = CIRCLE ( 'NONE', #2270, 0.5000000000000004441 ) ;
#4609 = CARTESIAN_POINT ( 'NONE',  ( 14.00000000000001243, -15.00000000000000355, -14.55000000000001492 ) ) ;
#4610 = EDGE_CURVE ( 'NONE', #914, #215, #1184, .T. ) ;
#4611 = VECTOR ( 'NONE', #1887, 1000.000000000000000 ) ;
#4612 = AXIS2_PLACEMENT_3D ( 'NONE', #5755, #1497, #6729 ) ;
#4613 = ORIENTED_EDGE ( 'NONE', *, *, #2955, .F. ) ;
#4614 = CYLINDRICAL_SURFACE ( 'NONE', #3153, 1.000000000000000888 ) ;
#4615 = ORIENTED_EDGE ( 'NONE', *, *, #3469, .F. ) ;
#4616 = ORIENTED_EDGE ( 'NONE', *, *, #384, .T. ) ;
#4617 = PLANE ( 'NONE',  #665 ) ;
#4618 = ORIENTED_EDGE ( 'NONE', *, *, #1039, .T. ) ;
#4619 = DIRECTION ( 'NONE',  ( 1.000000000000000000, 0.000000000000000000, 0.000000000000000000 ) ) ;
#4620 = VERTEX_POINT ( 'NONE', #2131 ) ;
#4621 = DIRECTION ( 'NONE',  ( 0.000000000000000000, 1.000000000000000000, -0.000000000000000000 ) ) ;
#4622 = ORIENTED_EDGE ( 'NONE', *, *, #2319, .F. ) ;
#4624 = EDGE_CURVE ( 'NONE', #5042, #2683, #2753, .T. ) ;
#4623 = AXIS2_PLACEMENT_3D ( 'NONE', #1569, #4641, #908 ) ;
#4625 = VECTOR ( 'NONE', #5614, 1000.000000000000000 ) ;
#4626 = ADVANCED_FACE ( 'NONE', ( #3737 ), #106, .F. ) ;
#4627 = ORIENTED_EDGE ( 'NONE', *, *, #79, .F. ) ;
#4628 = CARTESIAN_POINT ( 'NONE',  ( -35.05841875773189287, -15.00000000000000355, -11.01342596060678503 ) ) ;
#4629 = EDGE_CURVE ( 'NONE', #2944, #3295, #1122, .T. ) ;
#4630 = DIRECTION ( 'NONE',  ( 0.000000000000000000, 1.000000000000000000, 0.000000000000000000 ) ) ;
#4631 = ORIENTED_EDGE ( 'NONE', *, *, #332, .F. ) ;
#4632 = CARTESIAN_POINT ( 'NONE',  ( -23.79090670960005127, -15.00000000000000355, 22.60450339080565740 ) ) ;
#4633 = CARTESIAN_POINT ( 'NONE',  ( -25.23727132722123301, -15.00000000000000355, -6.271514207239543559 ) ) ;
#4634 = ORIENTED_EDGE ( 'NONE', *, *, #2865, .F. ) ;
#4635 = FACE_OUTER_BOUND ( 'NONE', #2184, .T. ) ;
#4636 = VECTOR ( 'NONE', #2176, 1000.000000000000000 ) ;
#4637 = EDGE_CURVE ( 'NONE', #6531, #5849, #77, .T. ) ;
#4638 = LINE ( 'NONE', #6691, #6459 ) ;
#4639 = DIRECTION ( 'NONE',  ( 0.000000000000000000, 0.000000000000000000, -1.000000000000000000 ) ) ;
#4640 = EDGE_LOOP ( 'NONE', ( #142, #1746 ) ) ;
#4641 = DIRECTION ( 'NONE',  ( 0.000000000000000000, 1.000000000000000000, 0.000000000000000000 ) ) ;
#4642 = AXIS2_PLACEMENT_3D ( 'NONE', #1937, #6392, #4546 ) ;
#4643 = VECTOR ( 'NONE', #2198, 1000.000000000000000 ) ;
#4644 = LINE ( 'NONE', #5061, #2785 ) ;
#4645 = CARTESIAN_POINT ( 'NONE',  ( -34.71272867277880181, 4.000000000000000000, -29.82602688162064553 ) ) ;
#4646 = CARTESIAN_POINT ( 'NONE',  ( -18.04999999999999005, 0.000000000000000000, 29.09999999999998721 ) ) ;
#4647 = CARTESIAN_POINT ( 'NONE',  ( -25.08061036275547551, -15.00000000000000355, -35.55685435146111928 ) ) ;
#4648 = VECTOR ( 'NONE', #6865, 1000.000000000000114 ) ;
#4649 = ORIENTED_EDGE ( 'NONE', *, *, #5382, .T. ) ;
#4650 = FACE_OUTER_BOUND ( 'NONE', #132, .T. ) ;
#4651 = ORIENTED_EDGE ( 'NONE', *, *, #75, .F. ) ;
#4652 = VERTEX_POINT ( 'NONE', #3244 ) ;
#4653 = DIRECTION ( 'NONE',  ( -0.000000000000000000, 1.000000000000000000, -0.000000000000000000 ) ) ;
#4654 = VERTEX_POINT ( 'NONE', #5434 ) ;
#4655 = CARTESIAN_POINT ( 'NONE',  ( -25.44518301803898552, -15.00000000000000355, -7.249661807973366123 ) ) ;
#4656 = ORIENTED_EDGE ( 'NONE', *, *, #1624, .T. ) ;
#4657 = AXIS2_PLACEMENT_3D ( 'NONE', #6880, #2101, #2387 ) ;
#4658 = DIRECTION ( 'NONE',  ( 0.000000000000000000, -0.000000000000000000, 1.000000000000000000 ) ) ;
#4659 = EDGE_LOOP ( 'NONE', ( #4704, #4144, #775, #4239 ) ) ;
#4660 = EDGE_CURVE ( 'NONE', #2108, #5494, #5865, .T. ) ;
#4661 = ORIENTED_EDGE ( 'NONE', *, *, #2829, .F. ) ;
#4662 = DIRECTION ( 'NONE',  ( 0.000000000000000000, 0.000000000000000000, 1.000000000000000000 ) ) ;
#4663 = CARTESIAN_POINT ( 'NONE',  ( -32.75000000000000000, 4.000000000000000000, -42.24999999999999289 ) ) ;
#4664 = ORIENTED_EDGE ( 'NONE', *, *, #2245, .T. ) ;
#4665 = VECTOR ( 'NONE', #6776, 1000.000000000000114 ) ;
#4666 = CARTESIAN_POINT ( 'NONE',  ( 0.000000000000000000, 4.000000000000000000, 24.04999999999998650 ) ) ;
#4667 = CARTESIAN_POINT ( 'NONE',  ( 33.55000000000001137, -15.00000000000000355, -8.500000000000007105 ) ) ;
#4668 = VERTEX_POINT ( 'NONE', #4912 ) ;
#4669 = DIRECTION ( 'NONE',  ( 0.000000000000000000, 0.000000000000000000, 1.000000000000000000 ) ) ;
#4670 = CARTESIAN_POINT ( 'NONE',  ( -4.549999999999991829, 0.000000000000000000, -8.500000000000007105 ) ) ;
#4671 = EDGE_CURVE ( 'NONE', #1557, #4353, #1642, .T. ) ;
#4672 = DIRECTION ( 'NONE',  ( -0.000000000000000000, 1.000000000000000000, -0.000000000000000000 ) ) ;
#4673 = ORIENTED_EDGE ( 'NONE', *, *, #6477, .F. ) ;
#4674 = AXIS2_PLACEMENT_3D ( 'NONE', #1795, #3919, #2972 ) ;
#4675 = VECTOR ( 'NONE', #6328, 1000.000000000000000 ) ;
#4676 = CARTESIAN_POINT ( 'NONE',  ( 29.37500000000000711, -15.00000000000000355, -35.00619784648299770 ) ) ;
#4677 = CYLINDRICAL_SURFACE ( 'NONE', #453, 1.000000000000007772 ) ;
#4678 = DIRECTION ( 'NONE',  ( -0.000000000000000000, 1.000000000000000000, -0.000000000000000000 ) ) ;
#4679 = CARTESIAN_POINT ( 'NONE',  ( -18.54999999999999005, 0.000000000000000000, 0.000000000000000000 ) ) ;
#4680 = AXIS2_PLACEMENT_3D ( 'NONE', #2671, #441, #6402 ) ;
#4681 = ORIENTED_EDGE ( 'NONE', *, *, #6296, .T. ) ;
#4682 = DIRECTION ( 'NONE',  ( -0.000000000000000000, 1.000000000000000000, -0.000000000000000000 ) ) ;
#4683 = ADVANCED_FACE ( 'NONE', ( #4945 ), #3864, .F. ) ;
#4684 = ORIENTED_EDGE ( 'NONE', *, *, #2085, .F. ) ;
#4685 = AXIS2_PLACEMENT_3D ( 'NONE', #228, #4480, #6608 ) ;
#4686 = EDGE_CURVE ( 'NONE', #1628, #6047, #561, .T. ) ;
#4687 = VERTEX_POINT ( 'NONE', #3771 ) ;
#4688 = CARTESIAN_POINT ( 'NONE',  ( -36.36700498121759750, 0.000000000000000000, -32.30417448235347422 ) ) ;
#4689 = ORIENTED_EDGE ( 'NONE', *, *, #2955, .T. ) ;
#4690 = DIRECTION ( 'NONE',  ( -1.000000000000000000, 0.000000000000000000, 0.000000000000000000 ) ) ;
#4691 = VECTOR ( 'NONE', #4864, 1000.000000000000000 ) ;
#4693 = ORIENTED_EDGE ( 'NONE', *, *, #2446, .F. ) ;
#4692 = VECTOR ( 'NONE', #1918, 1000.000000000000000 ) ;
#4694 = FACE_BOUND ( 'NONE', #1426, .T. ) ;
#4695 = ORIENTED_EDGE ( 'NONE', *, *, #983, .F. ) ;
#4696 = EDGE_CURVE ( 'NONE', #2280, #3272, #1493, .T. ) ;
#4697 = CIRCLE ( 'NONE', #2799, 1.000000000000000888 ) ;
#4698 = ORIENTED_EDGE ( 'NONE', *, *, #6292, .F. ) ;
#4699 = CYLINDRICAL_SURFACE ( 'NONE', #4228, 0.5000000000000004441 ) ;
#4700 = CYLINDRICAL_SURFACE ( 'NONE', #5719, 0.9999999999999974465 ) ;
#4701 = EDGE_LOOP ( 'NONE', ( #2474, #641, #3009, #6680 ) ) ;
#4702 = CARTESIAN_POINT ( 'NONE',  ( -4.451050057971150054, 0.000000000000000000, 11.36867023575641156 ) ) ;
#4703 = CARTESIAN_POINT ( 'NONE',  ( -36.15909329039983788, 4.000000000000000000, -31.32602688161967208 ) ) ;
#4704 = ORIENTED_EDGE ( 'NONE', *, *, #3900, .T. ) ;
#4705 = ORIENTED_EDGE ( 'NONE', *, *, #6197, .F. ) ;
#4706 = LINE ( 'NONE', #1045, #1701 ) ;
#4707 = CIRCLE ( 'NONE', #4356, 1.000000000000000888 ) ;
#4708 = VERTEX_POINT ( 'NONE', #5373 ) ;
#4709 = FACE_OUTER_BOUND ( 'NONE', #808, .T. ) ;
#4710 = CARTESIAN_POINT ( 'NONE',  ( -34.12724381228956361, 0.000000000000000000, -24.33686210434598252 ) ) ;
#4711 = CARTESIAN_POINT ( 'NONE',  ( 1.000000000000011324, 4.000000000000000000, 4.999999999999990230 ) ) ;
#4712 = LINE ( 'NONE', #3208, #3494 ) ;
#4713 = EDGE_CURVE ( 'NONE', #2979, #887, #4832, .T. ) ;
#4714 = ADVANCED_FACE ( 'NONE', ( #3278 ), #5401, .F. ) ;
#4715 = EDGE_CURVE ( 'NONE', #431, #3302, #1250, .T. ) ;
#4716 = CIRCLE ( 'NONE', #4598, 0.5000000000000004441 ) ;
#4717 = ADVANCED_FACE ( 'NONE', ( #3932 ), #4981, .F. ) ;
#4718 = DIRECTION ( 'NONE',  ( 0.000000000000000000, 1.000000000000000000, 0.000000000000000000 ) ) ;
#4719 = DIRECTION ( 'NONE',  ( 0.000000000000000000, 1.000000000000000000, 0.000000000000000000 ) ) ;
#4720 = FACE_OUTER_BOUND ( 'NONE', #4272, .T. ) ;
#4721 = DIRECTION ( 'NONE',  ( 0.000000000000000000, 0.000000000000000000, 1.000000000000000000 ) ) ;
#4722 = VERTEX_POINT ( 'NONE', #6171 ) ;
#4723 = CIRCLE ( 'NONE', #5497, 0.5000000000000004441 ) ;
#4724 = ORIENTED_EDGE ( 'NONE', *, *, #1433, .T. ) ;
#4725 = VECTOR ( 'NONE', #6876, 1000.000000000000000 ) ;
#4726 = LINE ( 'NONE', #3571, #2776 ) ;
#4727 = DIRECTION ( 'NONE',  ( 1.000000000000000000, 0.000000000000000000, -0.000000000000000000 ) ) ;
#4728 = VERTEX_POINT ( 'NONE', #1388 ) ;
#4729 = FACE_BOUND ( 'NONE', #2013, .T. ) ;
#4730 = ORIENTED_EDGE ( 'NONE', *, *, #1208, .T. ) ;
#4731 = ORIENTED_EDGE ( 'NONE', *, *, #6161, .T. ) ;
#4732 = CYLINDRICAL_SURFACE ( 'NONE', #4680, 0.5000000000000004441 ) ;
#4733 = ORIENTED_EDGE ( 'NONE', *, *, #1953, .T. ) ;
#4734 = EDGE_CURVE ( 'NONE', #972, #4831, #4423, .T. ) ;
#4735 = DIRECTION ( 'NONE',  ( -0.000000000000000000, -1.000000000000000000, -0.000000000000000000 ) ) ;
#4736 = ORIENTED_EDGE ( 'NONE', *, *, #2221, .T. ) ;
#4737 = CARTESIAN_POINT ( 'NONE',  ( 33.55000000000001137, 0.000000000000000000, 0.000000000000000000 ) ) ;
#4738 = DIRECTION ( 'NONE',  ( 0.000000000000000000, 0.000000000000000000, 1.000000000000000000 ) ) ;
#4739 = ORIENTED_EDGE ( 'NONE', *, *, #6114, .F. ) ;
#4740 = ORIENTED_EDGE ( 'NONE', *, *, #3042, .T. ) ;
#4741 = MECHANICAL_DESIGN_GEOMETRIC_PRESENTATION_REPRESENTATION (  '', ( #3627 ), #621 ) ;
#4742 = DIRECTION ( 'NONE',  ( 0.000000000000000000, 0.000000000000000000, 1.000000000000000000 ) ) ;
#4743 = ORIENTED_EDGE ( 'NONE', *, *, #5332, .T. ) ;
#4744 = DIRECTION ( 'NONE',  ( 0.000000000000000000, 0.000000000000000000, 1.000000000000000000 ) ) ;
#4745 = DIRECTION ( 'NONE',  ( -0.000000000000000000, 1.000000000000000000, -0.000000000000000000 ) ) ;
#4746 = DIRECTION ( 'NONE',  ( 0.000000000000000000, 0.000000000000000000, 1.000000000000000000 ) ) ;
#4747 = CYLINDRICAL_SURFACE ( 'NONE', #2604, 0.5000000000000004441 ) ;
#4748 = EDGE_CURVE ( 'NONE', #4654, #5298, #4489, .T. ) ;
#4749 = VECTOR ( 'NONE', #1751, 1000.000000000000000 ) ;
#4750 = CARTESIAN_POINT ( 'NONE',  ( -26.18732884299396702, 0.000000000000000000, 16.54651355897361142 ) ) ;
#4751 = DIRECTION ( 'NONE',  ( 0.000000000000000000, 0.000000000000000000, 1.000000000000000000 ) ) ;
#4752 = LINE ( 'NONE', #5274, #2542 ) ;
#4753 = DIRECTION ( 'NONE',  ( 0.000000000000000000, 0.000000000000000000, 1.000000000000000000 ) ) ;
#4754 = ORIENTED_EDGE ( 'NONE', *, *, #4842, .T. ) ;
#4755 = AXIS2_PLACEMENT_3D ( 'NONE', #1110, #587, #6569 ) ;
#4756 = ORIENTED_EDGE ( 'NONE', *, *, #2829, .T. ) ;
#4757 = PLANE ( 'NONE',  #5340 ) ;
#4758 = LINE ( 'NONE', #2008, #6902 ) ;
#4759 = ORIENTED_EDGE ( 'NONE', *, *, #279, .F. ) ;
#4760 = EDGE_CURVE ( 'NONE', #715, #6648, #1878, .T. ) ;
#4761 = DIRECTION ( 'NONE',  ( -0.000000000000000000, 1.000000000000000000, -0.000000000000000000 ) ) ;
#4762 = ORIENTED_EDGE ( 'NONE', *, *, #4583, .T. ) ;
#4763 = ORIENTED_EDGE ( 'NONE', *, *, #1296, .T. ) ;
#4764 = DIRECTION ( 'NONE',  ( -0.000000000000000000, 1.000000000000000000, -0.000000000000000000 ) ) ;
#4765 = ORIENTED_EDGE ( 'NONE', *, *, #6121, .F. ) ;
#4766 = CARTESIAN_POINT ( 'NONE',  ( -36.36700498121759040, -15.00000000000000355, 36.13586951276006687 ) ) ;
#4767 = ORIENTED_EDGE ( 'NONE', *, *, #1431, .T. ) ;
#4768 = EDGE_CURVE ( 'NONE', #5042, #3074, #1843, .T. ) ;
#4769 = DIRECTION ( 'NONE',  ( -0.3645726552835140688, 0.000000000000000000, 0.9311749454423309258 ) ) ;
#4770 = CARTESIAN_POINT ( 'NONE',  ( 19.55000000000001137, -15.00000000000000355, 0.000000000000000000 ) ) ;
#4771 = EDGE_LOOP ( 'NONE', ( #3390, #6308, #59, #6480 ) ) ;
#4772 = EDGE_CURVE ( 'NONE', #5733, #4977, #1772, .T. ) ;
#4773 = VERTEX_POINT ( 'NONE', #2362 ) ;
#4774 = CARTESIAN_POINT ( 'NONE',  ( 0.000000000000000000, 0.000000000000000000, -28.05000000000001137 ) ) ;
#4775 = ORIENTED_EDGE ( 'NONE', *, *, #6708, .F. ) ;
#4776 = CARTESIAN_POINT ( 'NONE',  ( -4.549999999999991829, 0.000000000000000000, 0.000000000000000000 ) ) ;
#4777 = ADVANCED_FACE ( 'NONE', ( #6619 ), #5052, .F. ) ;
#4778 = DIRECTION ( 'NONE',  ( 0.000000000000000000, 0.000000000000000000, 1.000000000000000000 ) ) ;
#4779 = DIRECTION ( 'NONE',  ( -0.9311749454423313699, 0.000000000000000000, -0.3645726552835132916 ) ) ;
#4780 = DIRECTION ( 'NONE',  ( 0.000000000000000000, 0.000000000000000000, 1.000000000000000000 ) ) ;
#4781 = VECTOR ( 'NONE', #5413, 1000.000000000000000 ) ;
#4782 = LINE ( 'NONE', #3870, #1827 ) ;
#4783 = DIRECTION ( 'NONE',  ( -0.4999999999999983347, 0.000000000000000000, -0.8660254037844395958 ) ) ;
#4784 = LINE ( 'NONE', #6849, #6757 ) ;
#4785 = CARTESIAN_POINT ( 'NONE',  ( 20.05000000000001137, -15.00000000000000355, -14.05000000000001315 ) ) ;
#4786 = CARTESIAN_POINT ( 'NONE',  ( -18.04999999999999005, -15.00000000000000355, 10.04999999999999005 ) ) ;
#4787 = VECTOR ( 'NONE', #6306, 1000.000000000000114 ) ;
#4788 = ORIENTED_EDGE ( 'NONE', *, *, #5181, .F. ) ;
#4789 = ORIENTED_EDGE ( 'NONE', *, *, #4500, .F. ) ;
#4790 = AXIS2_PLACEMENT_3D ( 'NONE', #3891, #3962, #4352 ) ;
#4791 = CARTESIAN_POINT ( 'NONE',  ( 33.05000000000001137, 0.000000000000000000, -8.500000000000007105 ) ) ;
#4792 = ORIENTED_EDGE ( 'NONE', *, *, #1464, .T. ) ;
#4793 = AXIS2_PLACEMENT_3D ( 'NONE', #5161, #1992, #2511 ) ;
#4794 = CARTESIAN_POINT ( 'NONE',  ( 0.000000000000000000, -15.00000000000000355, 4.999999999999990230 ) ) ;
#4795 = EDGE_LOOP ( 'NONE', ( #476, #1871, #4137, #1459 ) ) ;
#4796 = EDGE_CURVE ( 'NONE', #4469, #427, #4499, .T. ) ;
#4797 = EDGE_CURVE ( 'NONE', #851, #6237, #2326, .T. ) ;
#4798 = VERTEX_POINT ( 'NONE', #760 ) ;
#4799 = AXIS2_PLACEMENT_3D ( 'NONE', #1790, #3914, #4996 ) ;
#4800 = DIRECTION ( 'NONE',  ( 0.000000000000000000, 0.000000000000000000, 1.000000000000000000 ) ) ;
#4801 = ADVANCED_FACE ( 'NONE', ( #5536 ), #4455, .F. ) ;
#4802 = ORIENTED_EDGE ( 'NONE', *, *, #1730, .F. ) ;
#4803 = LINE ( 'NONE', #6372, #6597 ) ;
#4804 = ORIENTED_EDGE ( 'NONE', *, *, #3383, .T. ) ;
#4805 = CARTESIAN_POINT ( 'NONE',  ( -12.74739101437140754, 0.000000000000000000, -22.07912890083834156 ) ) ;
#4806 = DIRECTION ( 'NONE',  ( -0.000000000000000000, 1.000000000000000000, -0.000000000000000000 ) ) ;
#4807 = ORIENTED_EDGE ( 'NONE', *, *, #4817, .T. ) ;
#4808 = AXIS2_PLACEMENT_3D ( 'NONE', #2099, #5272, #566 ) ;
#4809 = ORIENTED_EDGE ( 'NONE', *, *, #6045, .F. ) ;
#4810 = FACE_OUTER_BOUND ( 'NONE', #165, .T. ) ;
#4811 = ORIENTED_EDGE ( 'NONE', *, *, #3263, .F. ) ;
#4812 = VECTOR ( 'NONE', #4063, 1000.000000000000000 ) ;
#4813 = DIRECTION ( 'NONE',  ( -0.000000000000000000, 1.000000000000000000, -0.000000000000000000 ) ) ;
#4814 = CARTESIAN_POINT ( 'NONE',  ( 20.05000000000001137, -15.00000000000000355, -9.000000000000007105 ) ) ;
#4815 = CARTESIAN_POINT ( 'NONE',  ( -36.15909329039983078, -15.00000000000000355, 23.42600831447017740 ) ) ;
#4816 = DIRECTION ( 'NONE',  ( 1.000000000000000000, 0.000000000000000000, 0.000000000000000000 ) ) ;
#4817 = EDGE_CURVE ( 'NONE', #2153, #4333, #2721, .T. ) ;
#4818 = VECTOR ( 'NONE', #3586, 1000.000000000000000 ) ;
#4819 = CARTESIAN_POINT ( 'NONE',  ( -34.71272867277880181, -15.00000000000000355, -29.82602688162064553 ) ) ;
#4820 = EDGE_CURVE ( 'NONE', #368, #2260, #6688, .T. ) ;
#4821 = DIRECTION ( 'NONE',  ( 1.000000000000000000, 0.000000000000000000, 0.000000000000000000 ) ) ;
#4822 = LINE ( 'NONE', #2175, #2632 ) ;
#4823 = DIRECTION ( 'NONE',  ( -0.000000000000000000, 1.000000000000000000, -0.000000000000000000 ) ) ;
#4824 = DIRECTION ( 'NONE',  ( -0.000000000000000000, 1.000000000000000000, -0.000000000000000000 ) ) ;
#4825 = VECTOR ( 'NONE', #651, 1000.000000000000000 ) ;
#4826 = ORIENTED_EDGE ( 'NONE', *, *, #4438, .F. ) ;
#4827 = FACE_OUTER_BOUND ( 'NONE', #5768, .T. ) ;
#4828 = ORIENTED_EDGE ( 'NONE', *, *, #3136, .F. ) ;
#4829 = LINE ( 'NONE', #5319, #5020 ) ;
#4830 = VECTOR ( 'NONE', #769, 1000.000000000000000 ) ;
#4831 = VERTEX_POINT ( 'NONE', #6098 ) ;
#4832 = CIRCLE ( 'NONE', #6288, 0.9999999999996054267 ) ;
#4833 = VERTEX_POINT ( 'NONE', #1318 ) ;
#4834 = CARTESIAN_POINT ( 'NONE',  ( -24.89158124226813840, 4.000000000000000000, -11.39610632923070810 ) ) ;
#4835 = ORIENTED_EDGE ( 'NONE', *, *, #3661, .T. ) ;
#4836 = AXIS2_PLACEMENT_3D ( 'NONE', #1217, #6483, #1710 ) ;
#4837 = LINE ( 'NONE', #2706, #484 ) ;
#4838 = VERTEX_POINT ( 'NONE', #798 ) ;
#4839 = AXIS2_PLACEMENT_3D ( 'NONE', #602, #3312, #5997 ) ;
#4840 = FACE_OUTER_BOUND ( 'NONE', #6414, .T. ) ;
#4841 = DIRECTION ( 'NONE',  ( 0.000000000000000000, 0.000000000000000000, 1.000000000000000000 ) ) ;
#4842 = EDGE_CURVE ( 'NONE', #1928, #2713, #2397, .T. ) ;
#4843 = EDGE_LOOP ( 'NONE', ( #6884, #810, #763, #4616 ) ) ;
#4844 = EDGE_CURVE ( 'NONE', #6342, #4060, #6613, .T. ) ;
#4845 = ADVANCED_FACE ( 'NONE', ( #4525 ), #6652, .F. ) ;
#4846 = EDGE_LOOP ( 'NONE', ( #3131, #608, #1900, #5013 ) ) ;
#4847 = DIRECTION ( 'NONE',  ( 0.000000000000000000, -0.000000000000000000, 1.000000000000000000 ) ) ;
#4848 = ORIENTED_EDGE ( 'NONE', *, *, #5825, .T. ) ;
#4849 = DIRECTION ( 'NONE',  ( 1.000000000000000000, -0.000000000000000000, 0.000000000000000000 ) ) ;
#4850 = CARTESIAN_POINT ( 'NONE',  ( 0.000000000000000000, 0.000000000000000000, 10.04999999999999005 ) ) ;
#4851 = PLANE ( 'NONE',  #2163 ) ;
#4852 = CARTESIAN_POINT ( 'NONE',  ( -25.82275618771046410, -15.00000000000000355, 30.30334741255389730 ) ) ;
#4853 = DIRECTION ( 'NONE',  ( -0.000000000000000000, 1.000000000000000000, -0.000000000000000000 ) ) ;
#4854 = EDGE_CURVE ( 'NONE', #6160, #2125, #4038, .T. ) ;
#4855 = CARTESIAN_POINT ( 'NONE',  ( -34.86938963724456642, 0.000000000000000000, -0.5406867373990952297 ) ) ;
#4856 = DIRECTION ( 'NONE',  ( -0.000000000000000000, 1.000000000000000000, -0.000000000000000000 ) ) ;
#4857 = CARTESIAN_POINT ( 'NONE',  ( -18.54999999999999005, 4.000000000000000000, 4.499999999999990230 ) ) ;
#4858 = CARTESIAN_POINT ( 'NONE',  ( 19.55000000000001137, 4.000000000000000000, 4.499999999999990230 ) ) ;
#4859 = VERTEX_POINT ( 'NONE', #6207 ) ;
#4860 = DIRECTION ( 'NONE',  ( 0.000000000000000000, 0.000000000000000000, 1.000000000000000000 ) ) ;
#4861 = ORIENTED_EDGE ( 'NONE', *, *, #5351, .F. ) ;
#4862 = EDGE_CURVE ( 'NONE', #4230, #2001, #5189, .T. ) ;
#4863 = AXIS2_PLACEMENT_3D ( 'NONE', #1682, #1191, #3811 ) ;
#4864 = DIRECTION ( 'NONE',  ( 0.8660254037844388186, 0.000000000000000000, -0.4999999999999997224 ) ) ;
#4865 = ORIENTED_EDGE ( 'NONE', *, *, #624, .F. ) ;
#4866 = EDGE_LOOP ( 'NONE', ( #334, #6893, #794, #4311, #2070, #3197, #135, #1008 ) ) ;
#4867 = LINE ( 'NONE', #2216, #3177 ) ;
#4868 = VERTEX_POINT ( 'NONE', #2540 ) ;
#4869 = CARTESIAN_POINT ( 'NONE',  ( 14.50000000000001243, 0.000000000000000000, 0.000000000000000000 ) ) ;
#4870 = CARTESIAN_POINT ( 'NONE',  ( -18.54999999999999005, -15.00000000000000355, 0.000000000000000000 ) ) ;
#4871 = CARTESIAN_POINT ( 'NONE',  ( 29.37500000000000711, 4.000000000000000000, -36.00619784648299770 ) ) ;
#4872 = ORIENTED_EDGE ( 'NONE', *, *, #2731, .T. ) ;
#4873 = VECTOR ( 'NONE', #4979, 1000.000000000000000 ) ;
#4874 = VECTOR ( 'NONE', #3799, 1000.000000000000000 ) ;
#4875 = ORIENTED_EDGE ( 'NONE', *, *, #3647, .F. ) ;
#4876 = DIRECTION ( 'NONE',  ( -0.9311749454423313699, 0.000000000000000000, -0.3645726552835131251 ) ) ;
#4877 = ORIENTED_EDGE ( 'NONE', *, *, #5065, .F. ) ;
#4878 = DIRECTION ( 'NONE',  ( -0.9311749454423309258, 0.000000000000000000, -0.3645726552835140688 ) ) ;
#4879 = CARTESIAN_POINT ( 'NONE',  ( -18.54999999999999005, 4.000000000000000000, 0.000000000000000000 ) ) ;
#4880 = EDGE_CURVE ( 'NONE', #6644, #4838, #901, .T. ) ;
#4881 = EDGE_CURVE ( 'NONE', #5532, #4728, #1986, .T. ) ;
#4882 = FACE_OUTER_BOUND ( 'NONE', #4659, .T. ) ;
#4883 = DIRECTION ( 'NONE',  ( 0.000000000000000000, 1.000000000000000000, -0.000000000000000000 ) ) ;
#4884 = CARTESIAN_POINT ( 'NONE',  ( 33.05000000000001137, 0.000000000000000000, -27.55000000000001137 ) ) ;
#4885 = CARTESIAN_POINT ( 'NONE',  ( 0.000000000000000000, 0.000000000000000000, 24.04999999999998650 ) ) ;
#4886 = LINE ( 'NONE', #5941, #3516 ) ;
#4887 = LINE ( 'NONE', #4365, #6388 ) ;
#4888 = ORIENTED_EDGE ( 'NONE', *, *, #6558, .T. ) ;
#4889 = CARTESIAN_POINT ( 'NONE',  ( 33.55000000000001137, 4.000000000000000000, 23.54999999999998650 ) ) ;
#4890 = AXIS2_PLACEMENT_3D ( 'NONE', #5104, #1304, #925 ) ;
#4891 = VERTEX_POINT ( 'NONE', #1952 ) ;
#4892 = CARTESIAN_POINT ( 'NONE',  ( -37.29817992665991966, 0.000000000000000000, 22.08328805845285814 ) ) ;
#4893 = EDGE_CURVE ( 'NONE', #5257, #5548, #3061, .T. ) ;
#4894 = ORIENTED_EDGE ( 'NONE', *, *, #5484, .T. ) ;
#4895 = VECTOR ( 'NONE', #2682, 1000.000000000000000 ) ;
#4896 = DIRECTION ( 'NONE',  ( 0.9311749454423310368, 0.000000000000000000, 0.3645726552835139023 ) ) ;
#4897 = ORIENTED_EDGE ( 'NONE', *, *, #70, .T. ) ;
#4898 = EDGE_CURVE ( 'NONE', #1040, #2639, #2171, .T. ) ;
#4899 = DIRECTION ( 'NONE',  ( 0.000000000000000000, 1.000000000000000000, 0.000000000000000000 ) ) ;
#4900 = DIRECTION ( 'NONE',  ( -0.000000000000000000, 1.000000000000000000, -0.000000000000000000 ) ) ;
#4901 = CARTESIAN_POINT ( 'NONE',  ( -18.04999999999999005, -15.00000000000000355, -9.000000000000007105 ) ) ;
#4902 = ADVANCED_FACE ( 'NONE', ( #4635 ), #4076, .F. ) ;
#4903 = ORIENTED_EDGE ( 'NONE', *, *, #471, .T. ) ;
#4904 = AXIS2_PLACEMENT_3D ( 'NONE', #1199, #3322, #2378 ) ;
#4905 = EDGE_LOOP ( 'NONE', ( #4809, #5142, #554, #6291 ) ) ;
#4906 = CYLINDRICAL_SURFACE ( 'NONE', #4790, 2.250000000000001776 ) ;
#4907 = ORIENTED_EDGE ( 'NONE', *, *, #319, .F. ) ;
#4908 = AXIS2_PLACEMENT_3D ( 'NONE', #1883, #2824, #3487 ) ;
#4909 = DIRECTION ( 'NONE',  ( -0.000000000000000000, 1.000000000000000000, -0.000000000000000000 ) ) ;
#4910 = CARTESIAN_POINT ( 'NONE',  ( -26.18732884299397767, 0.000000000000000000, 30.23452235799623011 ) ) ;
#4911 = AXIS2_PLACEMENT_3D ( 'NONE', #1957, #5089, #5123 ) ;
#4912 = CARTESIAN_POINT ( 'NONE',  ( -25.08061036275546130, 4.000000000000000000, 19.19518084462874086 ) ) ;
#4913 = CIRCLE ( 'NONE', #1908, 0.5000000000000004441 ) ;
#4914 = AXIS2_PLACEMENT_3D ( 'NONE', #668, #4919, #4950 ) ;
#4915 = FACE_OUTER_BOUND ( 'NONE', #1956, .T. ) ;
#4916 = ORIENTED_EDGE ( 'NONE', *, *, #5053, .F. ) ;
#4917 = DIRECTION ( 'NONE',  ( 1.000000000000000000, -0.000000000000000000, 0.000000000000000000 ) ) ;
#4918 = ADVANCED_FACE ( 'NONE', ( #4597 ), #3550, .F. ) ;
#4919 = DIRECTION ( 'NONE',  ( 0.000000000000000000, 1.000000000000000000, 0.000000000000000000 ) ) ;
#4920 = CARTESIAN_POINT ( 'NONE',  ( -25.45192169240159785, 0.000000000000000000, -9.964910158809232144 ) ) ;
#4921 = CARTESIAN_POINT ( 'NONE',  ( 1.000000000000011324, -15.00000000000000355, 23.54999999999998650 ) ) ;
#4922 = PLANE ( 'NONE',  #4933 ) ;
#4923 = ADVANCED_FACE ( 'NONE', ( #6766 ), #5120, .F. ) ;
#4924 = EDGE_CURVE ( 'NONE', #1794, #5736, #2503, .T. ) ;
#4925 = PRODUCT ( 'top v.2', 'top v.2', '', ( #3309 ) ) ;
#4926 = EDGE_CURVE ( 'NONE', #5736, #2125, #3378, .T. ) ;
#4927 = ORIENTED_EDGE ( 'NONE', *, *, #2781, .F. ) ;
#4928 = CARTESIAN_POINT ( 'NONE',  ( 0.5000000000000108802, 0.000000000000000000, 4.499999999999990230 ) ) ;
#4929 = ORIENTED_EDGE ( 'NONE', *, *, #625, .F. ) ;
#4930 = DIRECTION ( 'NONE',  ( 0.000000000000000000, 1.000000000000000000, 0.000000000000000000 ) ) ;
#4931 = ORIENTED_EDGE ( 'NONE', *, *, #6519, .F. ) ;
#4932 = DIRECTION ( 'NONE',  ( -0.000000000000000000, 1.000000000000000000, -0.000000000000000000 ) ) ;
#4933 = AXIS2_PLACEMENT_3D ( 'NONE', #2274, #6555, #147 ) ;
#4934 = DIRECTION ( 'NONE',  ( -0.000000000000000000, 1.000000000000000000, -0.000000000000000000 ) ) ;
#4935 = CARTESIAN_POINT ( 'NONE',  ( -15.21250000000000213, 0.000000000000000000, 2.364648824220176770E-15 ) ) ;
#4936 = VECTOR ( 'NONE', #4291, 1000.000000000000000 ) ;
#4937 = ORIENTED_EDGE ( 'NONE', *, *, #4624, .T. ) ;
#4938 = EDGE_LOOP ( 'NONE', ( #3509, #1024, #1181, #1300, #6818, #4705, #3681, #3762 ) ) ;
#4939 = CIRCLE ( 'NONE', #1373, 0.9999999999999974465 ) ;
#4940 = VECTOR ( 'NONE', #3140, 1000.000000000000114 ) ;
#4941 = FACE_OUTER_BOUND ( 'NONE', #5356, .T. ) ;
#4942 = ORIENTED_EDGE ( 'NONE', *, *, #4957, .F. ) ;
#4943 = LINE ( 'NONE', #5049, #951 ) ;
#4944 = CARTESIAN_POINT ( 'NONE',  ( -23.79090670959995180, 0.000000000000000000, -4.771514207239781591 ) ) ;
#4945 = FACE_OUTER_BOUND ( 'NONE', #4905, .T. ) ;
#4946 = DIRECTION ( 'NONE',  ( 0.000000000000000000, 1.000000000000000000, -0.000000000000000000 ) ) ;
#4947 = DIRECTION ( 'NONE',  ( 0.000000000000000000, 1.000000000000000000, -0.000000000000000000 ) ) ;
#4948 = ORIENTED_EDGE ( 'NONE', *, *, #2988, .T. ) ;
#4949 = FACE_OUTER_BOUND ( 'NONE', #466, .T. ) ;
#4950 = DIRECTION ( 'NONE',  ( 0.000000000000000000, 0.000000000000000000, 1.000000000000000000 ) ) ;
#4951 = CARTESIAN_POINT ( 'NONE',  ( -22.65182007334003345, -15.00000000000000355, 10.25921484779930104 ) ) ;
#4952 = CARTESIAN_POINT ( 'NONE',  ( 14.50000000000001243, -15.00000000000000355, 29.59999999999998721 ) ) ;
#4953 = DIRECTION ( 'NONE',  ( 0.000000000000000000, 1.000000000000000000, 0.000000000000000000 ) ) ;
#4954 = CIRCLE ( 'NONE', #4306, 1.000000000000000888 ) ;
#4955 = EDGE_CURVE ( 'NONE', #6221, #3879, #111, .T. ) ;
#4956 = CIRCLE ( 'NONE', #5857, 0.5000000000000004441 ) ;
#4957 = EDGE_CURVE ( 'NONE', #1532, #1846, #2173, .T. ) ;
#4958 = VECTOR ( 'NONE', #3324, 1000.000000000000000 ) ;
#4959 = ORIENTED_EDGE ( 'NONE', *, *, #4820, .F. ) ;
#4960 = ORIENTED_EDGE ( 'NONE', *, *, #1474, .F. ) ;
#4961 = VECTOR ( 'NONE', #6424, 1000.000000000000000 ) ;
#4962 = DIRECTION ( 'NONE',  ( 0.000000000000000000, 1.000000000000000000, -0.000000000000000000 ) ) ;
#4963 = ORIENTED_EDGE ( 'NONE', *, *, #6379, .F. ) ;
#4964 = LINE ( 'NONE', #1695, #3288 ) ;
#4965 = ORIENTED_EDGE ( 'NONE', *, *, #2076, .T. ) ;
#4966 = DIRECTION ( 'NONE',  ( -0.000000000000000000, 1.000000000000000000, -0.000000000000000000 ) ) ;
#4967 = AXIS2_PLACEMENT_3D ( 'NONE', #194, #4969, #5525 ) ;
#4968 = VECTOR ( 'NONE', #4909, 1000.000000000000000 ) ;
#4969 = DIRECTION ( 'NONE',  ( 0.000000000000000000, 1.000000000000000000, 0.000000000000000000 ) ) ;
#4970 = DIRECTION ( 'NONE',  ( -0.000000000000000000, 1.000000000000000000, -0.000000000000000000 ) ) ;
#4971 = CARTESIAN_POINT ( 'NONE',  ( -36.15909329039983788, -15.00000000000000355, -17.63801808259696813 ) ) ;
#4972 = ORIENTED_EDGE ( 'NONE', *, *, #4513, .T. ) ;
#4973 = AXIS2_PLACEMENT_3D ( 'NONE', #1665, #1631, #652 ) ;
#4974 = EDGE_LOOP ( 'NONE', ( #593, #1982, #1997, #2104 ) ) ;
#4975 = EDGE_CURVE ( 'NONE', #368, #2287, #1680, .T. ) ;
#4976 = DIRECTION ( 'NONE',  ( 0.000000000000000000, 0.000000000000000000, 1.000000000000000000 ) ) ;
#4977 = VERTEX_POINT ( 'NONE', #4361 ) ;
#4978 = CARTESIAN_POINT ( 'NONE',  ( -36.36700498121759040, 4.000000000000000000, 36.13586951276006687 ) ) ;
#4979 = DIRECTION ( 'NONE',  ( -0.000000000000000000, 1.000000000000000000, -0.000000000000000000 ) ) ;
#4980 = ADVANCED_FACE ( 'NONE', ( #1223 ), #4327, .T. ) ;
#4981 = CYLINDRICAL_SURFACE ( 'NONE', #1160, 0.5000000000000004441 ) ;
#4982 = EDGE_CURVE ( 'NONE', #95, #2433, #4782, .T. ) ;
#4983 = FACE_OUTER_BOUND ( 'NONE', #6711, .T. ) ;
#4984 = ORIENTED_EDGE ( 'NONE', *, *, #21, .F. ) ;
#4985 = EDGE_CURVE ( 'NONE', #2320, #4593, #3614, .T. ) ;
#4986 = CIRCLE ( 'NONE', #3772, 0.5000000000000004441 ) ;
#4987 = CARTESIAN_POINT ( 'NONE',  ( -22.65182007334010095, -15.00000000000000355, 23.94722364682220217 ) ) ;
#4988 = DIRECTION ( 'NONE',  ( 1.000000000000000000, 0.000000000000000000, -0.000000000000000000 ) ) ;
#4989 = CARTESIAN_POINT ( 'NONE',  ( -34.86938963724455931, 0.000000000000000000, 26.83533086064632300 ) ) ;
#4990 = DIRECTION ( 'NONE',  ( -0.000000000000000000, 1.000000000000000000, -0.000000000000000000 ) ) ;
#4991 = DIRECTION ( 'NONE',  ( 0.000000000000000000, 0.000000000000000000, 1.000000000000000000 ) ) ;
#4992 = UNCERTAINTY_MEASURE_WITH_UNIT (LENGTH_MEASURE( 1.000000000000000082E-05 ), #3101, 'distance_accuracy_value', 'NONE');
#4993 = VECTOR ( 'NONE', #3070, 1000.000000000000000 ) ;
#4994 = VERTEX_POINT ( 'NONE', #5341 ) ;
#4995 = ORIENTED_EDGE ( 'NONE', *, *, #2406, .F. ) ;
#4996 = DIRECTION ( 'NONE',  ( 0.000000000000000000, 0.000000000000000000, 1.000000000000000000 ) ) ;
#4997 = ORIENTED_EDGE ( 'NONE', *, *, #5611, .T. ) ;
#4998 = LINE ( 'NONE', #1829, #3029 ) ;
#4999 = VERTEX_POINT ( 'NONE', #2725 ) ;
#5000 = AXIS2_PLACEMENT_3D ( 'NONE', #778, #4059, #399 ) ;
#5001 = DIRECTION ( 'NONE',  ( 0.000000000000000000, 1.000000000000000000, 0.000000000000000000 ) ) ;
#5002 = DIRECTION ( 'NONE',  ( 0.000000000000000000, 1.000000000000000000, 0.000000000000000000 ) ) ;
#5003 = CARTESIAN_POINT ( 'NONE',  ( -4.549999999999991829, -15.00000000000000355, 29.59999999999998721 ) ) ;
#5004 = ADVANCED_FACE ( 'NONE', ( #667 ), #5474, .F. ) ;
#5005 = PLANE ( 'NONE',  #4685 ) ;
#5006 = ORIENTED_EDGE ( 'NONE', *, *, #1064, .F. ) ;
#5007 = EDGE_CURVE ( 'NONE', #1262, #5910, #6486, .T. ) ;
#5008 = CIRCLE ( 'NONE', #6560, 0.9999999999999974465 ) ;
#5009 = EDGE_CURVE ( 'NONE', #1857, #3924, #3809, .T. ) ;
#5010 = VERTEX_POINT ( 'NONE', #1716 ) ;
#5011 = EDGE_CURVE ( 'NONE', #3911, #4469, #5903, .T. ) ;
#5012 = DIRECTION ( 'NONE',  ( -0.3645726552835139023, 0.000000000000000000, 0.9311749454423310368 ) ) ;
#5013 = ORIENTED_EDGE ( 'NONE', *, *, #3781, .F. ) ;
#5014 = CARTESIAN_POINT ( 'NONE',  ( -4.549999999999991829, 4.000000000000000000, 42.59999999999998721 ) ) ;
#5015 = LINE ( 'NONE', #1842, #4873 ) ;
#5016 = DIRECTION ( 'NONE',  ( -0.000000000000000000, 1.000000000000000000, -0.000000000000000000 ) ) ;
#5017 = VECTOR ( 'NONE', #3736, 999.9999999999998863 ) ;
#5018 = EDGE_LOOP ( 'NONE', ( #1240, #4740, #3881, #1832 ) ) ;
#5019 = CARTESIAN_POINT ( 'NONE',  ( -25.23727132722123301, 0.000000000000000000, -19.95952300626225551 ) ) ;
#5020 = VECTOR ( 'NONE', #540, 1000.000000000000000 ) ;
#5021 = ORIENTED_EDGE ( 'NONE', *, *, #6334, .T. ) ;
#5022 = VECTOR ( 'NONE', #6244, 1000.000000000000000 ) ;
#5023 = DIRECTION ( 'NONE',  ( 0.000000000000000000, 0.000000000000000000, 1.000000000000000000 ) ) ;
#5024 = DIRECTION ( 'NONE',  ( 0.000000000000000000, 0.000000000000000000, 1.000000000000000000 ) ) ;
#5025 = FACE_BOUND ( 'NONE', #6820, .T. ) ;
#5026 = PLANE ( 'NONE',  #3776 ) ;
#5027 = DIRECTION ( 'NONE',  ( 0.000000000000000000, 1.000000000000000000, 0.000000000000000000 ) ) ;
#5028 = ADVANCED_FACE ( 'NONE', ( #3248 ), #6421, .F. ) ;
#5029 = VECTOR ( 'NONE', #2789, 1000.000000000000000 ) ;
#5030 = ORIENTED_EDGE ( 'NONE', *, *, #2667, .F. ) ;
#5031 = ORIENTED_EDGE ( 'NONE', *, *, #6253, .T. ) ;
#5032 = DIRECTION ( 'NONE',  ( -0.000000000000000000, 1.000000000000000000, -0.000000000000000000 ) ) ;
#5033 = ORIENTED_EDGE ( 'NONE', *, *, #1025, .T. ) ;
#5034 = CARTESIAN_POINT ( 'NONE',  ( -18.75250000000000838, -15.00000000000000355, -44.72750000000000625 ) ) ;
#5035 = EDGE_LOOP ( 'NONE', ( #5099, #5429, #5223, #6890 ) ) ;
#5036 = CYLINDRICAL_SURFACE ( 'NONE', #5000, 0.5000000000000004441 ) ;
#5037 = ORIENTED_EDGE ( 'NONE', *, *, #5463, .F. ) ;
#5038 = CARTESIAN_POINT ( 'NONE',  ( -34.12724381228956361, 0.000000000000000000, 3.039155493699433830 ) ) ;
#5039 = LINE ( 'NONE', #2942, #426 ) ;
#5040 = DIRECTION ( 'NONE',  ( 0.000000000000000000, 0.000000000000000000, 1.000000000000000000 ) ) ;
#5041 = VERTEX_POINT ( 'NONE', #5872 ) ;
#5042 = VERTEX_POINT ( 'NONE', #1189 ) ;
#5043 = VECTOR ( 'NONE', #6567, 1000.000000000000000 ) ;
#5044 = PLANE ( 'NONE',  #216 ) ;
#5045 = CIRCLE ( 'NONE', #3933, 0.9999999999999974465 ) ;
#5046 = LINE ( 'NONE', #3018, #4562 ) ;
#5047 = ORIENTED_EDGE ( 'NONE', *, *, #1646, .T. ) ;
#5048 = ADVANCED_FACE ( 'NONE', ( #3346 ), #2134, .F. ) ;
#5049 = CARTESIAN_POINT ( 'NONE',  ( -33.76267115700605359, -15.00000000000000355, -25.26803704978830822 ) ) ;
#5050 = CARTESIAN_POINT ( 'NONE',  ( 20.05000000000001137, 4.000000000000000000, -28.05000000000001137 ) ) ;
#5051 = EDGE_CURVE ( 'NONE', #5707, #5991, #5938, .T. ) ;
#5052 = CYLINDRICAL_SURFACE ( 'NONE', #609, 0.9999999999999974465 ) ;
#5053 = EDGE_CURVE ( 'NONE', #4054, #6559, #3839, .T. ) ;
#5054 = AXIS2_PLACEMENT_3D ( 'NONE', #6548, #1185, #4359 ) ;
#5055 = VECTOR ( 'NONE', #283, 1000.000000000000000 ) ;
#5056 = CARTESIAN_POINT ( 'NONE',  ( -18.04999999999999005, 0.000000000000000000, 10.04999999999999005 ) ) ;
#5057 = CYLINDRICAL_SURFACE ( 'NONE', #6794, 1.000000000000000888 ) ;
#5058 = ORIENTED_EDGE ( 'NONE', *, *, #3281, .F. ) ;
#5059 = EDGE_CURVE ( 'NONE', #1478, #1891, #6521, .T. ) ;
#5060 = CARTESIAN_POINT ( 'NONE',  ( -5.049999999999991829, 0.000000000000000000, 10.04999999999999005 ) ) ;
#5061 = CARTESIAN_POINT ( 'NONE',  ( -20.80510383958050014, 0.000000000000000000, -8.145592820522082889 ) ) ;
#5062 = DIRECTION ( 'NONE',  ( 0.000000000000000000, 0.000000000000000000, 1.000000000000000000 ) ) ;
#5063 = CARTESIAN_POINT ( 'NONE',  ( 29.37500000000000711, -15.00000000000000355, -36.00619784648299770 ) ) ;
#5064 = DIRECTION ( 'NONE',  ( 0.000000000000000000, 1.000000000000000000, 0.000000000000000000 ) ) ;
#5065 = EDGE_CURVE ( 'NONE', #6313, #1232, #6259, .T. ) ;
#5066 = ORIENTED_EDGE ( 'NONE', *, *, #276, .F. ) ;
#5067 = ORIENTED_EDGE ( 'NONE', *, *, #6663, .T. ) ;
#5068 = CARTESIAN_POINT ( 'NONE',  ( -34.86938963724456642, -15.00000000000000355, -27.91670433544451413 ) ) ;
#5069 = EDGE_LOOP ( 'NONE', ( #3054, #6401, #3846, #2777 ) ) ;
#5070 = DIRECTION ( 'NONE',  ( 1.000000000000000000, -0.000000000000000000, 0.000000000000000000 ) ) ;
#5071 = VERTEX_POINT ( 'NONE', #3740 ) ;
#5072 = CARTESIAN_POINT ( 'NONE',  ( -15.21250000000000746, 0.000000000000000000, -33.56750000000000256 ) ) ;
#5073 = EDGE_CURVE ( 'NONE', #3892, #5136, #1690, .T. ) ;
#5074 = ORIENTED_EDGE ( 'NONE', *, *, #1517, .T. ) ;
#5075 = CARTESIAN_POINT ( 'NONE',  ( -25.82275618771046410, 0.000000000000000000, 29.30334741255390085 ) ) ;
#5076 = DIRECTION ( 'NONE',  ( -0.000000000000000000, 1.000000000000000000, -0.000000000000000000 ) ) ;
#5077 = DIRECTION ( 'NONE',  ( 0.3645726552835133472, 0.000000000000000000, -0.9311749454423312589 ) ) ;
#5078 = VERTEX_POINT ( 'NONE', #802 ) ;
#5079 = ORIENTED_EDGE ( 'NONE', *, *, #3150, .T. ) ;
#5080 = FACE_OUTER_BOUND ( 'NONE', #773, .T. ) ;
#5081 = CARTESIAN_POINT ( 'NONE',  ( -37.29817992665991966, -15.00000000000000355, -18.98073833861428739 ) ) ;
#5082 = ORIENTED_EDGE ( 'NONE', *, *, #979, .F. ) ;
#5083 = CARTESIAN_POINT ( 'NONE',  ( 20.05000000000001137, -15.00000000000000355, -14.55000000000001492 ) ) ;
#5084 = DIRECTION ( 'NONE',  ( -1.554411716825095609E-16, -0.000000000000000000, -1.000000000000000000 ) ) ;
#5085 = DIRECTION ( 'NONE',  ( 0.000000000000000000, 1.000000000000000000, 0.000000000000000000 ) ) ;
#5086 = AXIS2_PLACEMENT_3D ( 'NONE', #3872, #6423, #6523 ) ;
#5087 = LINE ( 'NONE', #2398, #2618 ) ;
#5088 = EDGE_LOOP ( 'NONE', ( #6620, #6685 ) ) ;
#5089 = DIRECTION ( 'NONE',  ( 0.000000000000000000, 1.000000000000000000, 0.000000000000000000 ) ) ;
#5090 = EDGE_LOOP ( 'NONE', ( #6369, #2636, #2004, #4788, #2771, #5058, #6898 ) ) ;
#5091 = DIRECTION ( 'NONE',  ( -0.9781476007338019141, 0.000000000000000000, 0.2079116908177766065 ) ) ;
#5092 = CARTESIAN_POINT ( 'NONE',  ( 0.000000000000000000, -15.00000000000000355, -28.05000000000001137 ) ) ;
#5093 = FACE_BOUND ( 'NONE', #5685, .T. ) ;
#5094 = DIRECTION ( 'NONE',  ( 0.8660254037844393737, 0.000000000000000000, 0.4999999999999986122 ) ) ;
#5095 = DIRECTION ( 'NONE',  ( 0.3645726552835133472, 0.000000000000000000, -0.9311749454423312589 ) ) ;
#5096 = EDGE_CURVE ( 'NONE', #5923, #2713, #3579, .T. ) ;
#5097 = ADVANCED_FACE ( 'NONE', ( #1360 ), #3377, .F. ) ;
#5098 = AXIS2_PLACEMENT_3D ( 'NONE', #1499, #2919, #275 ) ;
#5099 = ORIENTED_EDGE ( 'NONE', *, *, #4982, .T. ) ;
#5100 = FACE_OUTER_BOUND ( 'NONE', #3927, .T. ) ;
#5101 = ORIENTED_EDGE ( 'NONE', *, *, #5242, .T. ) ;
#5102 = DIRECTION ( 'NONE',  ( -0.9781476007338215650, 0.000000000000000000, 0.2079116908176843748 ) ) ;
#5103 = ORIENTED_EDGE ( 'NONE', *, *, #1727, .F. ) ;
#5104 = CARTESIAN_POINT ( 'NONE',  ( -18.04999999999999005, 4.000000000000000000, 4.499999999999990230 ) ) ;
#5105 = ORIENTED_EDGE ( 'NONE', *, *, #5484, .F. ) ;
#5106 = DIRECTION ( 'NONE',  ( 0.000000000000000000, 0.000000000000000000, 1.000000000000000000 ) ) ;
#5107 = DIRECTION ( 'NONE',  ( -0.000000000000000000, 1.000000000000000000, -0.000000000000000000 ) ) ;
#5108 = LINE ( 'NONE', #3011, #4812 ) ;
#5109 = ORIENTED_EDGE ( 'NONE', *, *, #6736, .F. ) ;
#5110 = EDGE_CURVE ( 'NONE', #2713, #6475, #2855, .T. ) ;
#5111 = VERTEX_POINT ( 'NONE', #4045 ) ;
#5112 = VECTOR ( 'NONE', #4067, 1000.000000000000000 ) ;
#5113 = CARTESIAN_POINT ( 'NONE',  ( 19.55000000000001137, -15.00000000000000355, 10.54999999999999005 ) ) ;
#5114 = FACE_OUTER_BOUND ( 'NONE', #1277, .T. ) ;
#5115 = ORIENTED_EDGE ( 'NONE', *, *, #586, .T. ) ;
#5116 = EDGE_CURVE ( 'NONE', #988, #6373, #1233, .T. ) ;
#5117 = DIRECTION ( 'NONE',  ( -0.000000000000000000, 1.000000000000000000, -0.000000000000000000 ) ) ;
#5118 = DIRECTION ( 'NONE',  ( -0.000000000000000000, 1.000000000000000000, -0.000000000000000000 ) ) ;
#5119 = ORIENTED_EDGE ( 'NONE', *, *, #5588, .F. ) ;
#5120 = PLANE ( 'NONE',  #1610 ) ;
#5121 = DIRECTION ( 'NONE',  ( 0.000000000000000000, 0.000000000000000000, 1.000000000000000000 ) ) ;
#5122 = ORIENTED_EDGE ( 'NONE', *, *, #5608, .F. ) ;
#5123 = DIRECTION ( 'NONE',  ( 0.000000000000000000, 0.000000000000000000, 1.000000000000000000 ) ) ;
#5124 = ORIENTED_EDGE ( 'NONE', *, *, #235, .F. ) ;
#5125 = CIRCLE ( 'NONE', #1453, 1.000000000000011324 ) ;
#5126 = DIRECTION ( 'NONE',  ( 0.000000000000000000, 0.000000000000000000, 1.000000000000000000 ) ) ;
#5127 = DIRECTION ( 'NONE',  ( -1.000000000000000000, 0.000000000000000000, 0.000000000000000000 ) ) ;
#5128 = FACE_BOUND ( 'NONE', #2844, .T. ) ;
#5129 = CARTESIAN_POINT ( 'NONE',  ( -34.86938963724456642, -15.00000000000000355, -14.22869553642180307 ) ) ;
#5130 = DIRECTION ( 'NONE',  ( 0.000000000000000000, 0.000000000000000000, 1.000000000000000000 ) ) ;
#5131 = ORIENTED_EDGE ( 'NONE', *, *, #5779, .F. ) ;
#5132 = EDGE_CURVE ( 'NONE', #2668, #5551, #3905, .T. ) ;
#5133 = VECTOR ( 'NONE', #3938, 1000.000000000000000 ) ;
#5134 = CARTESIAN_POINT ( 'NONE',  ( 33.55000000000001137, 0.000000000000000000, 0.000000000000000000 ) ) ;
#5135 = ADVANCED_FACE ( 'NONE', ( #6588 ), #1814, .F. ) ;
#5136 = VERTEX_POINT ( 'NONE', #6623 ) ;
#5137 = EDGE_CURVE ( 'NONE', #2043, #2944, #3521, .T. ) ;
#5138 = DIRECTION ( 'NONE',  ( 0.9311749454423308148, 0.000000000000000000, 0.3645726552835142908 ) ) ;
#5139 = VECTOR ( 'NONE', #1343, 1000.000000000000000 ) ;
#5140 = ORIENTED_EDGE ( 'NONE', *, *, #250, .F. ) ;
#5141 = LINE ( 'NONE', #6602, #5789 ) ;
#5142 = ORIENTED_EDGE ( 'NONE', *, *, #1296, .F. ) ;
#5143 = FACE_OUTER_BOUND ( 'NONE', #3712, .T. ) ;
#5144 = ADVANCED_FACE ( 'NONE', ( #6551 ), #2923, .F. ) ;
#5145 = CARTESIAN_POINT ( 'NONE',  ( 20.05000000000001137, 4.000000000000000000, 10.54999999999999005 ) ) ;
#5146 = VERTEX_POINT ( 'NONE', #5506 ) ;
#5147 = VECTOR ( 'NONE', #1984, 1000.000000000000000 ) ;
#5148 = ORIENTED_EDGE ( 'NONE', *, *, #1855, .T. ) ;
#5149 = DIRECTION ( 'NONE',  ( -0.000000000000000000, 1.000000000000000000, -0.000000000000000000 ) ) ;
#5150 = CARTESIAN_POINT ( 'NONE',  ( 0.000000000000000000, -15.00000000000000355, 24.04999999999998650 ) ) ;
#5151 = ORIENTED_EDGE ( 'NONE', *, *, #3340, .F. ) ;
#5152 = DIRECTION ( 'NONE',  ( 0.000000000000000000, 0.000000000000000000, 1.000000000000000000 ) ) ;
#5153 = FACE_OUTER_BOUND ( 'NONE', #5168, .T. ) ;
#5154 = VERTEX_POINT ( 'NONE', #209 ) ;
#5155 = CARTESIAN_POINT ( 'NONE',  ( 33.55000000000001137, -15.00000000000000355, 4.499999999999990230 ) ) ;
#5156 = AXIS2_PLACEMENT_3D ( 'NONE', #6048, #5001, #617 ) ;
#5157 = LINE ( 'NONE', #383, #4625 ) ;
#5158 = CARTESIAN_POINT ( 'NONE',  ( -36.36700498121759750, 4.000000000000000000, -4.928156884308060093 ) ) ;
#5159 = ORIENTED_EDGE ( 'NONE', *, *, #6114, .T. ) ;
#5160 = CIRCLE ( 'NONE', #374, 0.5000000000000004441 ) ;
#5161 = CARTESIAN_POINT ( 'NONE',  ( 41.37499999999999289, 4.000000000000000000, -54.62500000000000000 ) ) ;
#5162 = DIRECTION ( 'NONE',  ( 0.000000000000000000, 0.000000000000000000, 1.000000000000000000 ) ) ;
#5163 = DIRECTION ( 'NONE',  ( -0.000000000000000000, 1.000000000000000000, -0.000000000000000000 ) ) ;
#5164 = VECTOR ( 'NONE', #2169, 1000.000000000000000 ) ;
#5165 = DIRECTION ( 'NONE',  ( -0.000000000000000000, 1.000000000000000000, -0.000000000000000000 ) ) ;
#5166 = AXIS2_PLACEMENT_3D ( 'NONE', #1506, #806, #5660 ) ;
#5167 = VECTOR ( 'NONE', #3212, 1000.000000000000000 ) ;
#5168 = EDGE_LOOP ( 'NONE', ( #6212, #5334, #4031, #5323 ) ) ;
#5169 = ADVANCED_FACE ( 'NONE', ( #4949 ), #1777, .F. ) ;
#5170 = DIRECTION ( 'NONE',  ( 0.000000000000000000, 0.000000000000000000, -1.000000000000000000 ) ) ;
#5171 = EDGE_CURVE ( 'NONE', #4333, #4054, #4530, .T. ) ;
#5172 = EDGE_LOOP ( 'NONE', ( #1552, #1179, #5082, #3323 ) ) ;
#5173 = EDGE_LOOP ( 'NONE', ( #155, #2631, #4875, #402 ) ) ;
#5174 = LINE ( 'NONE', #3115, #1554 ) ;
#5175 = ORIENTED_EDGE ( 'NONE', *, *, #1920, .F. ) ;
#5176 = FACE_OUTER_BOUND ( 'NONE', #674, .T. ) ;
#5177 = VERTEX_POINT ( 'NONE', #176 ) ;
#5178 = CARTESIAN_POINT ( 'NONE',  ( -37.29817992665991966, 4.000000000000000000, -5.292729539591573662 ) ) ;
#5179 = ORIENTED_EDGE ( 'NONE', *, *, #3944, .F. ) ;
#5181 = EDGE_CURVE ( 'NONE', #4831, #6894, #6365, .T. ) ;
#5180 = CIRCLE ( 'NONE', #67, 0.9999999999999974465 ) ;
#5182 = VERTEX_POINT ( 'NONE', #4009 ) ;
#5183 = CARTESIAN_POINT ( 'NONE',  ( 33.05000000000001137, 4.000000000000000000, 10.54999999999999005 ) ) ;
#5184 = DIRECTION ( 'NONE',  ( 0.000000000000000000, 1.000000000000000000, 0.000000000000000000 ) ) ;
#5185 = EDGE_LOOP ( 'NONE', ( #4736, #4804, #3077, #957 ) ) ;
#5186 = DIRECTION ( 'NONE',  ( 0.000000000000000000, -0.000000000000000000, 1.000000000000000000 ) ) ;
#5187 = CARTESIAN_POINT ( 'NONE',  ( -36.36700498121759750, 0.000000000000000000, 8.759851914714646526 ) ) ;
#5188 = ORIENTED_EDGE ( 'NONE', *, *, #5868, .T. ) ;
#5189 = LINE ( 'NONE', #5155, #6058 ) ;
#5190 = CARTESIAN_POINT ( 'NONE',  ( -22.65182007334010805, -15.00000000000000355, -17.11680275024592035 ) ) ;
#5191 = LINE ( 'NONE', #4080, #1462 ) ;
#5192 = ORIENTED_EDGE ( 'NONE', *, *, #2367, .T. ) ;
#5193 = ADVANCED_FACE ( 'NONE', ( #4460 ), #2300, .F. ) ;
#5194 = LINE ( 'NONE', #2477, #6186 ) ;
#5195 = AXIS2_PLACEMENT_3D ( 'NONE', #226, #5490, #5561 ) ;
#5196 = EDGE_CURVE ( 'NONE', #1799, #427, #764, .T. ) ;
#5197 = AXIS2_PLACEMENT_3D ( 'NONE', #3030, #6773, #4744 ) ;
#5198 = CARTESIAN_POINT ( 'NONE',  ( 19.55000000000001137, 0.000000000000000000, 0.000000000000000000 ) ) ;
#5199 = DIRECTION ( 'NONE',  ( 0.000000000000000000, 0.000000000000000000, 1.000000000000000000 ) ) ;
#5200 = CARTESIAN_POINT ( 'NONE',  ( -4.549999999999991829, 0.000000000000000000, 29.59999999999998721 ) ) ;
#5201 = DIRECTION ( 'NONE',  ( 0.000000000000000000, 0.000000000000000000, 1.000000000000000000 ) ) ;
#5202 = EDGE_LOOP ( 'NONE', ( #6346, #4731, #1830, #2385 ) ) ;
#5203 = EDGE_CURVE ( 'NONE', #6081, #855, #3972, .T. ) ;
#5204 = DIRECTION ( 'NONE',  ( -0.000000000000000000, 1.000000000000000000, -0.000000000000000000 ) ) ;
#5205 = ORIENTED_EDGE ( 'NONE', *, *, #5266, .T. ) ;
#5206 = AXIS2_PLACEMENT_3D ( 'NONE', #2292, #6097, #1213 ) ;
#5207 = ORIENTED_EDGE ( 'NONE', *, *, #6669, .F. ) ;
#5208 = DIRECTION ( 'NONE',  ( 0.000000000000000000, -0.000000000000000000, 1.000000000000000000 ) ) ;
#5209 = ORIENTED_EDGE ( 'NONE', *, *, #5412, .T. ) ;
#5210 = LINE ( 'NONE', #6888, #1553 ) ;
#5211 = ORIENTED_EDGE ( 'NONE', *, *, #3954, .F. ) ;
#5212 = CARTESIAN_POINT ( 'NONE',  ( -5.049999999999991829, 0.000000000000000000, 29.09999999999998721 ) ) ;
#5213 = ORIENTED_EDGE ( 'NONE', *, *, #4090, .T. ) ;
#5214 = ORIENTED_EDGE ( 'NONE', *, *, #1828, .T. ) ;
#5215 = CARTESIAN_POINT ( 'NONE',  ( 14.50000000000001243, 4.000000000000000000, 29.59999999999998721 ) ) ;
#5216 = DIRECTION ( 'NONE',  ( 0.000000000000000000, 0.000000000000000000, 1.000000000000000000 ) ) ;
#5217 = VERTEX_POINT ( 'NONE', #5060 ) ;
#5218 = ADVANCED_FACE ( 'NONE', ( #314 ), #6698, .F. ) ;
#5219 = AXIS2_PLACEMENT_3D ( 'NONE', #805, #4012, #6661 ) ;
#5220 = DIRECTION ( 'NONE',  ( 0.000000000000000000, 1.000000000000000000, -0.000000000000000000 ) ) ;
#5221 = DIRECTION ( 'NONE',  ( 0.000000000000000000, 1.000000000000000000, 0.000000000000000000 ) ) ;
#5222 = ADVANCED_FACE ( 'NONE', ( #2726 ), #1091, .F. ) ;
#5223 = ORIENTED_EDGE ( 'NONE', *, *, #6663, .F. ) ;
#5224 = DIRECTION ( 'NONE',  ( -0.000000000000000000, 1.000000000000000000, -0.000000000000000000 ) ) ;
#5225 = EDGE_CURVE ( 'NONE', #5676, #1794, #5765, .T. ) ;
#5226 = ADVANCED_FACE ( 'NONE', ( #2066 ), #5342, .F. ) ;
#5227 = EDGE_LOOP ( 'NONE', ( #3110, #4380, #4789, #5996 ) ) ;
#5228 = CARTESIAN_POINT ( 'NONE',  ( 24.37500000000000711, 0.000000000000000000, -42.93440107675849049 ) ) ;
#5229 = ORIENTED_EDGE ( 'NONE', *, *, #4182, .F. ) ;
#5230 = AXIS2_PLACEMENT_3D ( 'NONE', #4655, #2074, #4201 ) ;
#5231 = VECTOR ( 'NONE', #3713, 1000.000000000000000 ) ;
#5232 = LINE ( 'NONE', #5760, #3844 ) ;
#5233 = DIRECTION ( 'NONE',  ( 0.000000000000000000, 1.000000000000000000, -0.000000000000000000 ) ) ;
#5234 = DIRECTION ( 'NONE',  ( 0.000000000000000000, 1.000000000000000000, -0.000000000000000000 ) ) ;
#5235 = DIRECTION ( 'NONE',  ( 0.000000000000000000, 1.000000000000000000, 0.000000000000000000 ) ) ;
#5236 = VECTOR ( 'NONE', #2015, 1000.000000000000000 ) ;
#5237 = PLANE ( 'NONE',  #2462 ) ;
#5238 = CARTESIAN_POINT ( 'NONE',  ( 20.05000000000001137, 4.000000000000000000, 10.04999999999999005 ) ) ;
#5239 = CARTESIAN_POINT ( 'NONE',  ( -18.04999999999999005, 4.000000000000000000, 24.04999999999998650 ) ) ;
#5240 = VERTEX_POINT ( 'NONE', #4855 ) ;
#5241 = AXIS2_PLACEMENT_3D ( 'NONE', #3716, #1102, #2182 ) ;
#5242 = EDGE_CURVE ( 'NONE', #2895, #4620, #5697, .T. ) ;
#5243 = VERTEX_POINT ( 'NONE', #4750 ) ;
#5244 = CARTESIAN_POINT ( 'NONE',  ( 14.50000000000001243, 0.000000000000000000, 0.000000000000000000 ) ) ;
#5245 = CARTESIAN_POINT ( 'NONE',  ( 20.05000000000001137, -15.00000000000000355, 24.04999999999998650 ) ) ;
#5246 = AXIS2_PLACEMENT_3D ( 'NONE', #10, #4853, #3282 ) ;
#5248 = EDGE_LOOP ( 'NONE', ( #4835, #4109, #5631, #813 ) ) ;
#5247 = AXIS2_PLACEMENT_3D ( 'NONE', #2612, #3167, #4742 ) ;
#5249 = AXIS2_PLACEMENT_3D ( 'NONE', #5985, #686, #195 ) ;
#5250 = FACE_OUTER_BOUND ( 'NONE', #4238, .T. ) ;
#5251 = VERTEX_POINT ( 'NONE', #984 ) ;
#5252 = CIRCLE ( 'NONE', #906, 0.9999999999996054267 ) ;
#5253 = ORIENTED_EDGE ( 'NONE', *, *, #6386, .T. ) ;
#5254 = CARTESIAN_POINT ( 'NONE',  ( -5.049999999999991829, 0.000000000000000000, 10.54999999999999005 ) ) ;
#5255 = ORIENTED_EDGE ( 'NONE', *, *, #2245, .F. ) ;
#5256 = FACE_OUTER_BOUND ( 'NONE', #2103, .T. ) ;
#5257 = VERTEX_POINT ( 'NONE', #5904 ) ;
#5258 = CARTESIAN_POINT ( 'NONE',  ( 0.5000000000000108802, -15.00000000000000355, -27.55000000000001137 ) ) ;
#5259 = CARTESIAN_POINT ( 'NONE',  ( -32.75000000000000000, 0.000000000000000000, 46.75000000000000000 ) ) ;
#5260 = ADVANCED_FACE ( 'NONE', ( #6322 ), #2690, .F. ) ;
#5261 = ORIENTED_EDGE ( 'NONE', *, *, #4898, .T. ) ;
#5262 = ORIENTED_EDGE ( 'NONE', *, *, #4768, .F. ) ;
#5263 = DIRECTION ( 'NONE',  ( 0.9781476007338072431, 0.000000000000000000, -0.2079116908177515988 ) ) ;
#5264 = ORIENTED_EDGE ( 'NONE', *, *, #4713, .T. ) ;
#5265 = DIRECTION ( 'NONE',  ( -0.000000000000000000, 1.000000000000000000, -0.000000000000000000 ) ) ;
#5266 = EDGE_CURVE ( 'NONE', #3147, #3903, #1019, .T. ) ;
#5267 = CARTESIAN_POINT ( 'NONE',  ( 33.87499999999999289, 0.000000000000000000, -43.80042648054294574 ) ) ;
#5268 = CARTESIAN_POINT ( 'NONE',  ( 20.05000000000001137, 0.000000000000000000, 4.499999999999990230 ) ) ;
#5269 = FACE_OUTER_BOUND ( 'NONE', #5294, .T. ) ;
#5270 = ADVANCED_FACE ( 'NONE', ( #11 ), #462, .F. ) ;
#5271 = VECTOR ( 'NONE', #6592, 1000.000000000000000 ) ;
#5272 = DIRECTION ( 'NONE',  ( 0.000000000000000000, 1.000000000000000000, 0.000000000000000000 ) ) ;
#5273 = DIRECTION ( 'NONE',  ( -0.000000000000000000, 1.000000000000000000, -0.000000000000000000 ) ) ;
#5274 = CARTESIAN_POINT ( 'NONE',  ( 0.000000000000000000, 0.000000000000000000, -9.000000000000007105 ) ) ;
#5275 = DIRECTION ( 'NONE',  ( 0.9781476007338071321, 0.000000000000000000, -0.2079116908177521539 ) ) ;
#5276 = VERTEX_POINT ( 'NONE', #2174 ) ;
#5277 = ORIENTED_EDGE ( 'NONE', *, *, #5827, .F. ) ;
#5278 = VECTOR ( 'NONE', #3405, 1000.000000000000000 ) ;
#5279 = ADVANCED_FACE ( 'NONE', ( #3178 ), #5237, .T. ) ;
#5280 = CARTESIAN_POINT ( 'NONE',  ( -4.549999999999991829, 4.000000000000000000, 10.54999999999999005 ) ) ;
#5281 = CARTESIAN_POINT ( 'NONE',  ( -18.54999999999999005, 0.000000000000000000, -14.55000000000001492 ) ) ;
#5282 = EDGE_CURVE ( 'NONE', #1486, #5289, #5252, .T. ) ;
#5283 = VERTEX_POINT ( 'NONE', #2136 ) ;
#5284 = CARTESIAN_POINT ( 'NONE',  ( -11.51146813393831536, 0.000000000000000000, -4.506958143947785267 ) ) ;
#5285 = ORIENTED_EDGE ( 'NONE', *, *, #5988, .F. ) ;
#5286 = ORIENTED_EDGE ( 'NONE', *, *, #3234, .F. ) ;
#5287 = DIRECTION ( 'NONE',  ( 0.000000000000000000, 1.000000000000000000, -0.000000000000000000 ) ) ;
#5288 = EDGE_CURVE ( 'NONE', #350, #924, #6848, .T. ) ;
#5289 = VERTEX_POINT ( 'NONE', #4260 ) ;
#5290 = DIRECTION ( 'NONE',  ( 0.000000000000000000, 1.000000000000000000, 0.000000000000000000 ) ) ;
#5291 = ORIENTED_EDGE ( 'NONE', *, *, #6089, .T. ) ;
#5292 = DIRECTION ( 'NONE',  ( -0.000000000000000000, 1.000000000000000000, -0.000000000000000000 ) ) ;
#5293 = DIRECTION ( 'NONE',  ( 0.000000000000000000, 0.000000000000000000, 1.000000000000000000 ) ) ;
#5294 = EDGE_LOOP ( 'NONE', ( #6754, #4872, #3464, #4540 ) ) ;
#5295 = ORIENTED_EDGE ( 'NONE', *, *, #2458, .T. ) ;
#5296 = AXIS2_PLACEMENT_3D ( 'NONE', #3557, #3137, #5690 ) ;
#5297 = DIRECTION ( 'NONE',  ( -0.000000000000000000, 1.000000000000000000, -0.000000000000000000 ) ) ;
#5298 = VERTEX_POINT ( 'NONE', #1126 ) ;
#5299 = CARTESIAN_POINT ( 'NONE',  ( -36.15909329039983788, 4.000000000000000000, -31.32602688161967208 ) ) ;
#5300 = CIRCLE ( 'NONE', #2286, 1.000000000000000888 ) ;
#5301 = CARTESIAN_POINT ( 'NONE',  ( -25.44518301803898552, 4.000000000000000000, -20.93767060699607541 ) ) ;
#5302 = DIRECTION ( 'NONE',  ( -0.000000000000000000, 1.000000000000000000, -0.000000000000000000 ) ) ;
#5303 = CARTESIAN_POINT ( 'NONE',  ( 20.05000000000001137, 4.000000000000000000, 29.09999999999998721 ) ) ;
#5304 = CIRCLE ( 'NONE', #6420, 0.9999999999999940048 ) ;
#5305 = VECTOR ( 'NONE', #3622, 1000.000000000000000 ) ;
#5306 = ADVANCED_FACE ( 'NONE', ( #1648 ), #497, .F. ) ;
#5307 = DIRECTION ( 'NONE',  ( -0.000000000000000000, 0.000000000000000000, 1.000000000000000000 ) ) ;
#5308 = DIRECTION ( 'NONE',  ( 0.3645726552835139023, 0.000000000000000000, -0.9311749454423310368 ) ) ;
#5309 = FACE_OUTER_BOUND ( 'NONE', #1284, .T. ) ;
#5310 = CARTESIAN_POINT ( 'NONE',  ( 1.000000000000011324, 4.000000000000000000, -27.55000000000001137 ) ) ;
#5311 = ADVANCED_FACE ( 'NONE', ( #4224 ), #3706, .F. ) ;
#5312 = ORIENTED_EDGE ( 'NONE', *, *, #55, .T. ) ;
#5313 = VECTOR ( 'NONE', #4478, 1000.000000000000000 ) ;
#5314 = ADVANCED_FACE ( 'NONE', ( #531 ), #2654, .T. ) ;
#5315 = ORIENTED_EDGE ( 'NONE', *, *, #547, .F. ) ;
#5316 = LINE ( 'NONE', #6886, #3673 ) ;
#5317 = CARTESIAN_POINT ( 'NONE',  ( 0.000000000000000000, -15.00000000000000355, 10.04999999999999005 ) ) ;
#5318 = ORIENTED_EDGE ( 'NONE', *, *, #6292, .T. ) ;
#5319 = CARTESIAN_POINT ( 'NONE',  ( -18.04999999999999005, -15.00000000000000355, -28.05000000000001137 ) ) ;
#5320 = EDGE_LOOP ( 'NONE', ( #6139, #1202, #3915, #1449, #5518, #3471, #546, #1811 ) ) ;
#5321 = ORIENTED_EDGE ( 'NONE', *, *, #450, .T. ) ;
#5322 = CARTESIAN_POINT ( 'NONE',  ( 1.000000000000011324, 4.000000000000000000, 4.499999999999990230 ) ) ;
#5323 = ORIENTED_EDGE ( 'NONE', *, *, #2660, .F. ) ;
#5324 = CARTESIAN_POINT ( 'NONE',  ( -34.71272867277880181, 4.000000000000000000, -2.450009283575228736 ) ) ;
#5325 = VECTOR ( 'NONE', #5766, 999.9999999999998863 ) ;
#5326 = ORIENTED_EDGE ( 'NONE', *, *, #55, .F. ) ;
#5327 = DIRECTION ( 'NONE',  ( -0.8660254037844395958, 0.000000000000000000, 0.4999999999999983347 ) ) ;
#5328 = FACE_OUTER_BOUND ( 'NONE', #1544, .T. ) ;
#5329 = ORIENTED_EDGE ( 'NONE', *, *, #1670, .F. ) ;
#5330 = VERTEX_POINT ( 'NONE', #637 ) ;
#5331 = VECTOR ( 'NONE', #6180, 1000.000000000000000 ) ;
#5332 = EDGE_CURVE ( 'NONE', #3426, #5111, #3347, .T. ) ;
#5333 = FACE_OUTER_BOUND ( 'NONE', #3591, .T. ) ;
#5334 = ORIENTED_EDGE ( 'NONE', *, *, #3281, .T. ) ;
#5335 = CARTESIAN_POINT ( 'NONE',  ( 33.87499999999999289, 4.000000000000000000, -43.80042648054294574 ) ) ;
#5336 = DIRECTION ( 'NONE',  ( 0.000000000000000000, 1.000000000000000000, 0.000000000000000000 ) ) ;
#5337 = DIRECTION ( 'NONE',  ( -0.000000000000000000, 1.000000000000000000, -0.000000000000000000 ) ) ;
#5338 = LINE ( 'NONE', #5866, #601 ) ;
#5339 = AXIS2_PLACEMENT_3D ( 'NONE', #3611, #3080, #3186 ) ;
#5340 = AXIS2_PLACEMENT_3D ( 'NONE', #2231, #3078, #6298 ) ;
#5341 = CARTESIAN_POINT ( 'NONE',  ( -36.36700498121759750, 0.000000000000000000, -31.30417448235348132 ) ) ;
#5342 = CYLINDRICAL_SURFACE ( 'NONE', #678, 2.250000000000001776 ) ;
#5343 = CARTESIAN_POINT ( 'NONE',  ( 0.000000000000000000, 4.000000000000000000, 4.999999999999990230 ) ) ;
#5344 = DIRECTION ( 'NONE',  ( -0.000000000000000000, 1.000000000000000000, -0.000000000000000000 ) ) ;
#5345 = CARTESIAN_POINT ( 'NONE',  ( 19.55000000000001137, 4.000000000000000000, -27.55000000000001137 ) ) ;
#5346 = CIRCLE ( 'NONE', #2886, 1.000000000000009548 ) ;
#5347 = ORIENTED_EDGE ( 'NONE', *, *, #5867, .F. ) ;
#5348 = EDGE_CURVE ( 'NONE', #2635, #3023, #765, .T. ) ;
#5349 = ADVANCED_FACE ( 'NONE', ( #6589 ), #5507, .F. ) ;
#5350 = DIRECTION ( 'NONE',  ( 0.000000000000000000, 1.000000000000000000, 0.000000000000000000 ) ) ;
#5351 = EDGE_CURVE ( 'NONE', #101, #3639, #4393, .T. ) ;
#5352 = VERTEX_POINT ( 'NONE', #5999 ) ;
#5353 = VECTOR ( 'NONE', #1869, 1000.000000000000000 ) ;
#5354 = DIRECTION ( 'NONE',  ( 0.000000000000000000, 0.000000000000000000, 1.000000000000000000 ) ) ;
#5355 = EDGE_CURVE ( 'NONE', #4264, #6528, #236, .T. ) ;
#5356 = EDGE_LOOP ( 'NONE', ( #6787, #5312, #6563, #2701 ) ) ;
#5357 = ORIENTED_EDGE ( 'NONE', *, *, #404, .F. ) ;
#5358 = AXIS2_PLACEMENT_3D ( 'NONE', #5068, #4470, #3421 ) ;
#5359 = DIRECTION ( 'NONE',  ( 0.000000000000000000, 0.000000000000000000, 1.000000000000000000 ) ) ;
#5360 = ORIENTED_EDGE ( 'NONE', *, *, #1356, .F. ) ;
#5361 = CIRCLE ( 'NONE', #2575, 0.5000000000000004441 ) ;
#5362 = LINE ( 'NONE', #3619, #6043 ) ;
#5363 = VERTEX_POINT ( 'NONE', #1750 ) ;
#5364 = EDGE_CURVE ( 'NONE', #914, #680, #3808, .T. ) ;
#5365 = CARTESIAN_POINT ( 'NONE',  ( -41.37499999999999289, 4.000000000000000000, 54.62500000000000000 ) ) ;
#5366 = FACE_OUTER_BOUND ( 'NONE', #5746, .T. ) ;
#5367 = ORIENTED_EDGE ( 'NONE', *, *, #5110, .T. ) ;
#5368 = ORIENTED_EDGE ( 'NONE', *, *, #4578, .T. ) ;
#5369 = CARTESIAN_POINT ( 'NONE',  ( 14.00000000000001243, 0.000000000000000000, 42.59999999999998721 ) ) ;
#5370 = ORIENTED_EDGE ( 'NONE', *, *, #4044, .F. ) ;
#5371 = DIRECTION ( 'NONE',  ( -0.3645726552835139023, 0.000000000000000000, 0.9311749454423310368 ) ) ;
#5372 = CARTESIAN_POINT ( 'NONE',  ( 0.5000000000000108802, 0.000000000000000000, 29.59999999999998721 ) ) ;
#5373 = CARTESIAN_POINT ( 'NONE',  ( 33.55000000000001137, 0.000000000000000000, -8.500000000000007105 ) ) ;
#5374 = CARTESIAN_POINT ( 'NONE',  ( 0.000000000000000000, -15.00000000000000355, 4.999999999999990230 ) ) ;
#5375 = CARTESIAN_POINT ( 'NONE',  ( -25.23727132722122946, -15.00000000000000355, 7.416494591783163060 ) ) ;
#5376 = DIRECTION ( 'NONE',  ( 0.000000000000000000, 0.000000000000000000, 1.000000000000000000 ) ) ;
#5377 = LINE ( 'NONE', #6553, #5640 ) ;
#5378 = CYLINDRICAL_SURFACE ( 'NONE', #2864, 0.5000000000000004441 ) ;
#5379 = LINE ( 'NONE', #2177, #6049 ) ;
#5380 = ORIENTED_EDGE ( 'NONE', *, *, #878, .F. ) ;
#5381 = VECTOR ( 'NONE', #5799, 1000.000000000000000 ) ;
#5382 = EDGE_CURVE ( 'NONE', #325, #1059, #4697, .T. ) ;
#5383 = CARTESIAN_POINT ( 'NONE',  ( -15.21250000000000924, -15.00000000000000355, -44.72750000000000625 ) ) ;
#5384 = VERTEX_POINT ( 'NONE', #112 ) ;
#5385 = LINE ( 'NONE', #6891, #459 ) ;
#5386 = VERTEX_POINT ( 'NONE', #4429 ) ;
#5387 = AXIS2_PLACEMENT_3D ( 'NONE', #140, #5934, #5994 ) ;
#5388 = ORIENTED_EDGE ( 'NONE', *, *, #3697, .F. ) ;
#5389 = LINE ( 'NONE', #6532, #4958 ) ;
#5390 = ORIENTED_EDGE ( 'NONE', *, *, #1852, .F. ) ;
#5391 = CARTESIAN_POINT ( 'NONE',  ( -18.54999999999999005, -15.00000000000000355, 29.59999999999998721 ) ) ;
#5392 = VERTEX_POINT ( 'NONE', #3940 ) ;
#5393 = DIRECTION ( 'NONE',  ( -0.9311749454423309258, 0.000000000000000000, -0.3645726552835140688 ) ) ;
#5394 = DIRECTION ( 'NONE',  ( -0.3645726552835132916, 0.000000000000000000, 0.9311749454423312589 ) ) ;
#5395 = EDGE_CURVE ( 'NONE', #37, #654, #732, .T. ) ;
#5396 = ORIENTED_EDGE ( 'NONE', *, *, #4341, .F. ) ;
#5397 = ORIENTED_EDGE ( 'NONE', *, *, #5654, .F. ) ;
#5398 = DIRECTION ( 'NONE',  ( -0.000000000000000000, 1.000000000000000000, -0.000000000000000000 ) ) ;
#5399 = VERTEX_POINT ( 'NONE', #2235 ) ;
#5400 = CYLINDRICAL_SURFACE ( 'NONE', #1636, 1.000000000000009548 ) ;
#5401 = PLANE ( 'NONE',  #3274 ) ;
#5402 = DIRECTION ( 'NONE',  ( -0.000000000000000000, 1.000000000000000000, -0.000000000000000000 ) ) ;
#5403 = AXIS2_PLACEMENT_3D ( 'NONE', #3794, #3227, #5359 ) ;
#5404 = EDGE_CURVE ( 'NONE', #3098, #3572, #210, .T. ) ;
#5405 = ADVANCED_FACE ( 'NONE', ( #3906 ), #2790, .F. ) ;
#5406 = DIRECTION ( 'NONE',  ( 0.000000000000000000, 0.000000000000000000, 1.000000000000000000 ) ) ;
#5407 = DIRECTION ( 'NONE',  ( -0.000000000000000000, 1.000000000000000000, -0.000000000000000000 ) ) ;
#5408 = LINE ( 'NONE', #638, #1854 ) ;
#5409 = DIRECTION ( 'NONE',  ( 0.000000000000000000, 0.000000000000000000, 1.000000000000000000 ) ) ;
#5410 = CARTESIAN_POINT ( 'NONE',  ( -25.23727132722123301, 4.000000000000000000, -6.271514207239543559 ) ) ;
#5411 = VERTEX_POINT ( 'NONE', #244 ) ;
#5412 = EDGE_CURVE ( 'NONE', #5276, #357, #1255, .T. ) ;
#5413 = DIRECTION ( 'NONE',  ( 0.000000000000000000, 0.000000000000000000, -1.000000000000000000 ) ) ;
#5414 = VERTEX_POINT ( 'NONE', #2332 ) ;
#5415 = AXIS2_PLACEMENT_3D ( 'NONE', #2839, #6535, #685 ) ;
#5416 = CARTESIAN_POINT ( 'NONE',  ( -26.18732884299398123, 0.000000000000000000, -10.82950403907189596 ) ) ;
#5417 = VERTEX_POINT ( 'NONE', #6453 ) ;
#5418 = FILL_AREA_STYLE ('',( #2703 ) ) ;
#5419 = ORIENTED_EDGE ( 'NONE', *, *, #6690, .T. ) ;
#5420 = LINE ( 'NONE', #6534, #4825 ) ;
#5421 = PLANE ( 'NONE',  #416 ) ;
#5422 = LINE ( 'NONE', #3957, #461 ) ;
#5423 = ORIENTED_EDGE ( 'NONE', *, *, #2361, .T. ) ;
#5424 = CIRCLE ( 'NONE', #92, 0.9999999999999965583 ) ;
#5425 = AXIS2_PLACEMENT_3D ( 'NONE', #3271, #2087, #3690 ) ;
#5426 = ORIENTED_EDGE ( 'NONE', *, *, #4120, .F. ) ;
#5427 = ADVANCED_FACE ( 'NONE', ( #4461 ), #1681, .T. ) ;
#5428 = CARTESIAN_POINT ( 'NONE',  ( -25.82275618771046766, 4.000000000000000000, 2.927329814508480954 ) ) ;
#5429 = ORIENTED_EDGE ( 'NONE', *, *, #2625, .T. ) ;
#5430 = EDGE_CURVE ( 'NONE', #2150, #535, #3283, .T. ) ;
#5431 = CARTESIAN_POINT ( 'NONE',  ( -36.36700498121759750, 0.000000000000000000, -3.928156884308063646 ) ) ;
#5432 = CARTESIAN_POINT ( 'NONE',  ( 0.000000000000000000, 0.000000000000000000, 10.04999999999999005 ) ) ;
#5433 = EDGE_CURVE ( 'NONE', #357, #2764, #3314, .T. ) ;
#5434 = CARTESIAN_POINT ( 'NONE',  ( 1.000000000000011324, 0.000000000000000000, -14.05000000000001315 ) ) ;
#5435 = APPLICATION_PROTOCOL_DEFINITION ( 'draft international standard', 'automotive_design', 1998, #1092 ) ;
#5436 = EDGE_CURVE ( 'NONE', #1144, #2260, #6148, .T. ) ;
#5437 = CARTESIAN_POINT ( 'NONE',  ( 0.5000000000000108802, 0.000000000000000000, 0.000000000000000000 ) ) ;
#5438 = DIRECTION ( 'NONE',  ( -0.9311749454423312589, 0.000000000000000000, -0.3645726552835133472 ) ) ;
#5439 = CARTESIAN_POINT ( 'NONE',  ( 33.55000000000001137, 4.000000000000000000, -0.000000000000000000 ) ) ;
#5440 = DIRECTION ( 'NONE',  ( -0.9781476007338215650, 0.000000000000000000, 0.2079116908176844580 ) ) ;
#5441 = DIRECTION ( 'NONE',  ( -0.000000000000000000, 1.000000000000000000, -0.000000000000000000 ) ) ;
#5442 = DIRECTION ( 'NONE',  ( 0.000000000000000000, 0.000000000000000000, 1.000000000000000000 ) ) ;
#5443 = VECTOR ( 'NONE', #5946, 1000.000000000000000 ) ;
#5444 = CARTESIAN_POINT ( 'NONE',  ( -18.75250000000000838, 4.000000000000000000, -33.56750000000000256 ) ) ;
#5445 = VECTOR ( 'NONE', #2525, 1000.000000000000000 ) ;
#5446 = EDGE_LOOP ( 'NONE', ( #4681, #1944, #2739, #2591 ) ) ;
#5447 = VECTOR ( 'NONE', #2073, 1000.000000000000000 ) ;
#5448 = CARTESIAN_POINT ( 'NONE',  ( -5.049999999999991829, 4.000000000000000000, 42.59999999999998721 ) ) ;
#5449 = EDGE_CURVE ( 'NONE', #2092, #292, #1912, .T. ) ;
#5450 = EDGE_LOOP ( 'NONE', ( #2424, #6544, #5709, #1765, #1526, #4235, #437, #255, #5211, #2418, #3264, #3184, #2780 ) ) ;
#5451 = VECTOR ( 'NONE', #5642, 1000.000000000000000 ) ;
#5452 = FACE_OUTER_BOUND ( 'NONE', #1401, .T. ) ;
#5453 = VERTEX_POINT ( 'NONE', #2438 ) ;
#5454 = DIRECTION ( 'NONE',  ( -0.000000000000000000, 1.000000000000000000, -0.000000000000000000 ) ) ;
#5455 = AXIS2_PLACEMENT_3D ( 'NONE', #2352, #299, #5040 ) ;
#5456 = CARTESIAN_POINT ( 'NONE',  ( -5.049999999999991829, 4.000000000000000000, -9.000000000000007105 ) ) ;
#5457 = DIRECTION ( 'NONE',  ( -0.000000000000000000, 1.000000000000000000, -0.000000000000000000 ) ) ;
#5458 = ORIENTED_EDGE ( 'NONE', *, *, #2806, .F. ) ;
#5459 = CIRCLE ( 'NONE', #2455, 0.5000000000000004441 ) ;
#5460 = EDGE_LOOP ( 'NONE', ( #252, #1075, #3575, #1132, #539, #4167, #4283, #6312 ) ) ;
#5461 = DIRECTION ( 'NONE',  ( -0.000000000000000000, 1.000000000000000000, -0.000000000000000000 ) ) ;
#5462 = ORIENTED_EDGE ( 'NONE', *, *, #6089, .F. ) ;
#5463 = EDGE_CURVE ( 'NONE', #6760, #3732, #946, .T. ) ;
#5464 = AXIS2_PLACEMENT_3D ( 'NONE', #700, #4259, #2233 ) ;
#5465 = CARTESIAN_POINT ( 'NONE',  ( -23.79090670959995535, 4.000000000000000000, -18.45952300626248999 ) ) ;
#5466 = CARTESIAN_POINT ( 'NONE',  ( -18.54999999999999005, -15.00000000000000355, -27.55000000000001137 ) ) ;
#5467 = EDGE_CURVE ( 'NONE', #4060, #288, #6213, .T. ) ;
#5468 = AXIS2_PLACEMENT_3D ( 'NONE', #1391, #6771, #3099 ) ;
#5469 = CARTESIAN_POINT ( 'NONE',  ( -25.23727132722123301, -15.00000000000000355, -19.95952300626225551 ) ) ;
#5470 = CIRCLE ( 'NONE', #2465, 0.5000000000000004441 ) ;
#5471 = DIRECTION ( 'NONE',  ( 0.000000000000000000, 0.000000000000000000, 1.000000000000000000 ) ) ;
#5472 = DIRECTION ( 'NONE',  ( 0.000000000000000000, 1.000000000000000000, 0.000000000000000000 ) ) ;
#5473 = ORIENTED_EDGE ( 'NONE', *, *, #1999, .F. ) ;
#5474 = CYLINDRICAL_SURFACE ( 'NONE', #5246, 0.9999999999999974465 ) ;
#5475 = DIRECTION ( 'NONE',  ( 0.000000000000000000, 1.000000000000000000, 0.000000000000000000 ) ) ;
#5476 = DIRECTION ( 'NONE',  ( 0.9311749454423309258, 0.000000000000000000, 0.3645726552835144019 ) ) ;
#5477 = CARTESIAN_POINT ( 'NONE',  ( -35.05841875773189287, 4.000000000000000000, -11.01342596060678503 ) ) ;
#5478 = DIRECTION ( 'NONE',  ( 0.000000000000000000, 1.000000000000000000, 0.000000000000000000 ) ) ;
#5479 = EDGE_CURVE ( 'NONE', #648, #4458, #1469, .T. ) ;
#5480 = VERTEX_POINT ( 'NONE', #4567 ) ;
#5481 = FACE_OUTER_BOUND ( 'NONE', #3402, .T. ) ;
#5482 = VECTOR ( 'NONE', #4735, 1000.000000000000000 ) ;
#5483 = ORIENTED_EDGE ( 'NONE', *, *, #3259, .T. ) ;
#5484 = EDGE_CURVE ( 'NONE', #6859, #1529, #5727, .T. ) ;
#5485 = LINE ( 'NONE', #649, #1175 ) ;
#5486 = ORIENTED_EDGE ( 'NONE', *, *, #1096, .T. ) ;
#5487 = EDGE_CURVE ( 'NONE', #1456, #1551, #6624, .T. ) ;
#5488 = DIRECTION ( 'NONE',  ( 0.000000000000000000, 0.000000000000000000, 1.000000000000000000 ) ) ;
#5489 = CIRCLE ( 'NONE', #3039, 0.5000000000000004441 ) ;
#5490 = DIRECTION ( 'NONE',  ( -0.2079116908176844580, 0.000000000000000000, -0.9781476007338215650 ) ) ;
#5491 = DIRECTION ( 'NONE',  ( -0.000000000000000000, 1.000000000000000000, -0.000000000000000000 ) ) ;
#5492 = VECTOR ( 'NONE', #5440, 1000.000000000000000 ) ;
#5493 = FACE_OUTER_BOUND ( 'NONE', #30, .T. ) ;
#5494 = VERTEX_POINT ( 'NONE', #839 ) ;
#5495 = EDGE_CURVE ( 'NONE', #2463, #3365, #3454, .T. ) ;
#5496 = VERTEX_POINT ( 'NONE', #1361 ) ;
#5497 = AXIS2_PLACEMENT_3D ( 'NONE', #3899, #4946, #6027 ) ;
#5498 = VECTOR ( 'NONE', #4110, 1000.000000000000000 ) ;
#5499 = CYLINDRICAL_SURFACE ( 'NONE', #113, 0.9999999999999974465 ) ;
#5500 = ORIENTED_EDGE ( 'NONE', *, *, #6197, .T. ) ;
#5501 = CARTESIAN_POINT ( 'NONE',  ( 0.000000000000000000, 4.000000000000000000, -9.000000000000007105 ) ) ;
#5502 = CARTESIAN_POINT ( 'NONE',  ( -36.36700498121759750, 4.000000000000000000, 8.759851914714646526 ) ) ;
#5503 = DIRECTION ( 'NONE',  ( -0.000000000000000000, 1.000000000000000000, -0.000000000000000000 ) ) ;
#5504 = CYLINDRICAL_SURFACE ( 'NONE', #6484, 0.5000000000000004441 ) ;
#5505 = ORIENTED_EDGE ( 'NONE', *, *, #6768, .T. ) ;
#5506 = CARTESIAN_POINT ( 'NONE',  ( -41.37500000000000711, 0.000000000000000000, -54.62500000000000000 ) ) ;
#5507 = CYLINDRICAL_SURFACE ( 'NONE', #3247, 0.9999999999999974465 ) ;
#5508 = DIRECTION ( 'NONE',  ( 0.000000000000000000, 0.000000000000000000, 1.000000000000000000 ) ) ;
#5509 = LINE ( 'NONE', #4952, #4328 ) ;
#5510 = DIRECTION ( 'NONE',  ( 0.000000000000000000, 1.000000000000000000, 0.000000000000000000 ) ) ;
#5511 = ADVANCED_FACE ( 'NONE', ( #352 ), #1848, .T. ) ;
#5512 = EDGE_LOOP ( 'NONE', ( #6305, #2875, #2366, #5347 ) ) ;
#5513 = EDGE_CURVE ( 'NONE', #591, #535, #3558, .T. ) ;
#5514 = ORIENTED_EDGE ( 'NONE', *, *, #2541, .F. ) ;
#5515 = CIRCLE ( 'NONE', #1964, 0.5000000000000004441 ) ;
#5516 = CARTESIAN_POINT ( 'NONE',  ( 1.000000000000011324, 0.000000000000000000, 10.04999999999999005 ) ) ;
#5517 = EDGE_CURVE ( 'NONE', #4351, #2979, #4644, .T. ) ;
#5518 = ORIENTED_EDGE ( 'NONE', *, *, #6379, .T. ) ;
#5519 = ADVANCED_FACE ( 'NONE', ( #5691 ), #1394, .T. ) ;
#5520 = CARTESIAN_POINT ( 'NONE',  ( -34.86938963724456642, -15.00000000000000355, -14.22869553642180307 ) ) ;
#5521 = VERTEX_POINT ( 'NONE', #282 ) ;
#5522 = LINE ( 'NONE', #4869, #6492 ) ;
#5523 = CIRCLE ( 'NONE', #4526, 0.9999999999999974465 ) ;
#5524 = CIRCLE ( 'NONE', #1640, 0.5000000000000004441 ) ;
#5525 = DIRECTION ( 'NONE',  ( 0.000000000000000000, 0.000000000000000000, 1.000000000000000000 ) ) ;
#5526 = CARTESIAN_POINT ( 'NONE',  ( -35.05841875773189287, 0.000000000000000000, -24.70143475962949609 ) ) ;
#5527 = CARTESIAN_POINT ( 'NONE',  ( 20.05000000000001137, 0.000000000000000000, -28.05000000000001137 ) ) ;
#5528 = VERTEX_POINT ( 'NONE', #2402 ) ;
#5529 = CIRCLE ( 'NONE', #5647, 0.5000000000000004441 ) ;
#5530 = ORIENTED_EDGE ( 'NONE', *, *, #1946, .T. ) ;
#5531 = DIRECTION ( 'NONE',  ( 0.000000000000000000, 0.000000000000000000, 1.000000000000000000 ) ) ;
#5532 = VERTEX_POINT ( 'NONE', #5657 ) ;
#5533 = ADVANCED_FACE ( 'NONE', ( #6659 ), #315, .F. ) ;
#5534 = LINE ( 'NONE', #305, #3949 ) ;
#5535 = CARTESIAN_POINT ( 'NONE',  ( -32.75000000000000000, 4.000000000000000000, -46.75000000000000000 ) ) ;
#5536 = FACE_OUTER_BOUND ( 'NONE', #1371, .T. ) ;
#5537 = VECTOR ( 'NONE', #3439, 1000.000000000000000 ) ;
#5538 = ORIENTED_EDGE ( 'NONE', *, *, #3875, .T. ) ;
#5539 = CARTESIAN_POINT ( 'NONE',  ( -18.04999999999999005, 0.000000000000000000, 23.54999999999998650 ) ) ;
#5540 = ORIENTED_EDGE ( 'NONE', *, *, #5722, .T. ) ;
#5541 = CIRCLE ( 'NONE', #1425, 0.5000000000000004441 ) ;
#5542 = DIRECTION ( 'NONE',  ( -0.8660254037844395958, 0.000000000000000000, 0.4999999999999983902 ) ) ;
#5543 = CARTESIAN_POINT ( 'NONE',  ( -25.82275618771045345, -15.00000000000000355, 15.61533861353128394 ) ) ;
#5544 = CARTESIAN_POINT ( 'NONE',  ( 14.50000000000001243, 4.000000000000000000, -0.000000000000000000 ) ) ;
#5545 = DIRECTION ( 'NONE',  ( 0.000000000000000000, 1.000000000000000000, -0.000000000000000000 ) ) ;
#5546 = DIRECTION ( 'NONE',  ( 0.9311749454423308148, 0.000000000000000000, 0.3645726552835142908 ) ) ;
#5547 = VECTOR ( 'NONE', #1819, 1000.000000000000000 ) ;
#5548 = VERTEX_POINT ( 'NONE', #6774 ) ;
#5549 = ORIENTED_EDGE ( 'NONE', *, *, #5827, .T. ) ;
#5550 = DIRECTION ( 'NONE',  ( -0.000000000000000000, 1.000000000000000000, -0.000000000000000000 ) ) ;
#5551 = VERTEX_POINT ( 'NONE', #3031 ) ;
#5552 = ADVANCED_FACE ( 'NONE', ( #387 ), #6143, .F. ) ;
#5553 = DIRECTION ( 'NONE',  ( 0.000000000000000000, 0.000000000000000000, -1.000000000000000000 ) ) ;
#5554 = EDGE_CURVE ( 'NONE', #4518, #4420, #3912, .T. ) ;
#5555 = ORIENTED_EDGE ( 'NONE', *, *, #2111, .T. ) ;
#5556 = VECTOR ( 'NONE', #1028, 1000.000000000000000 ) ;
#5557 = CYLINDRICAL_SURFACE ( 'NONE', #3441, 0.9999999999999974465 ) ;
#5558 = VECTOR ( 'NONE', #4653, 1000.000000000000000 ) ;
#5559 = ADVANCED_FACE ( 'NONE', ( #6738 ), #4084, .F. ) ;
#5560 = ORIENTED_EDGE ( 'NONE', *, *, #75, .T. ) ;
#5561 = DIRECTION ( 'NONE',  ( -0.9781476007338215650, 0.000000000000000000, 0.2079116908176844580 ) ) ;
#5562 = CARTESIAN_POINT ( 'NONE',  ( 20.05000000000001137, 0.000000000000000000, -8.500000000000007105 ) ) ;
#5563 = CARTESIAN_POINT ( 'NONE',  ( -22.65182007334003345, 4.000000000000000000, 10.25921484779930104 ) ) ;
#5564 = AXIS2_PLACEMENT_3D ( 'NONE', #339, #895, #4143 ) ;
#5565 = ORIENTED_EDGE ( 'NONE', *, *, #200, .F. ) ;
#5566 = VERTEX_POINT ( 'NONE', #4121 ) ;
#5567 = ADVANCED_FACE ( 'NONE', ( #6248 ), #3770, .F. ) ;
#5568 = DIRECTION ( 'NONE',  ( 0.000000000000000000, 0.000000000000000000, 1.000000000000000000 ) ) ;
#5569 = DIRECTION ( 'NONE',  ( 0.000000000000000000, 0.000000000000000000, 1.000000000000000000 ) ) ;
#5570 = ORIENTED_EDGE ( 'NONE', *, *, #3384, .F. ) ;
#5571 = DIRECTION ( 'NONE',  ( 0.000000000000000000, 0.000000000000000000, 1.000000000000000000 ) ) ;
#5572 = CARTESIAN_POINT ( 'NONE',  ( -34.71272867277879470, -15.00000000000000355, 24.92600831447018805 ) ) ;
#5573 = CARTESIAN_POINT ( 'NONE',  ( -26.18732884299397767, -15.00000000000000355, 30.23452235799623011 ) ) ;
#5574 = VECTOR ( 'NONE', #2583, 1000.000000000000000 ) ;
#5575 = EDGE_CURVE ( 'NONE', #6475, #3641, #224, .T. ) ;
#5576 = ORIENTED_EDGE ( 'NONE', *, *, #4441, .F. ) ;
#5577 = CARTESIAN_POINT ( 'NONE',  ( 33.05000000000001137, 4.000000000000000000, 4.499999999999990230 ) ) ;
#5578 = CIRCLE ( 'NONE', #3902, 0.9999999999999974465 ) ;
#5579 = VERTEX_POINT ( 'NONE', #6875 ) ;
#5580 = AXIS2_PLACEMENT_3D ( 'NONE', #2957, #6693, #835 ) ;
#5581 = VECTOR ( 'NONE', #5491, 1000.000000000000000 ) ;
#5582 = DIRECTION ( 'NONE',  ( -0.000000000000000000, 1.000000000000000000, -0.000000000000000000 ) ) ;
#5583 = DIRECTION ( 'NONE',  ( 0.000000000000000000, 0.000000000000000000, -1.000000000000000000 ) ) ;
#5584 = FACE_BOUND ( 'NONE', #2570, .T. ) ;
#5585 = CARTESIAN_POINT ( 'NONE',  ( 14.00000000000001243, 0.000000000000000000, -28.05000000000001137 ) ) ;
#5586 = PLANE ( 'NONE',  #148 ) ;
#5587 = VECTOR ( 'NONE', #5655, 1000.000000000000000 ) ;
#5588 = EDGE_CURVE ( 'NONE', #5579, #6160, #2567, .T. ) ;
#5589 = ORIENTED_EDGE ( 'NONE', *, *, #2336, .T. ) ;
#5590 = ORIENTED_EDGE ( 'NONE', *, *, #3666, .T. ) ;
#5591 = FACE_OUTER_BOUND ( 'NONE', #5963, .T. ) ;
#5592 = VERTEX_POINT ( 'NONE', #5267 ) ;
#5593 = VECTOR ( 'NONE', #4847, 1000.000000000000000 ) ;
#5594 = DIRECTION ( 'NONE',  ( -1.000000000000000000, 0.000000000000000000, -0.000000000000000000 ) ) ;
#5595 = ORIENTED_EDGE ( 'NONE', *, *, #5722, .F. ) ;
#5596 = DIRECTION ( 'NONE',  ( -0.9781476007338214540, 0.000000000000000000, 0.2079116908176845968 ) ) ;
#5597 = ORIENTED_EDGE ( 'NONE', *, *, #3260, .F. ) ;
#5598 = DIRECTION ( 'NONE',  ( 0.9311749454423309258, 0.000000000000000000, 0.3645726552835144019 ) ) ;
#5599 = CARTESIAN_POINT ( 'NONE',  ( -41.37499999999999289, 4.000000000000000000, 54.62500000000000000 ) ) ;
#5600 = PLANE ( 'NONE',  #3801 ) ;
#5601 = VERTEX_POINT ( 'NONE', #5 ) ;
#5602 = ORIENTED_EDGE ( 'NONE', *, *, #4334, .T. ) ;
#5603 = CIRCLE ( 'NONE', #4674, 0.9999999999999940048 ) ;
#5604 = LINE ( 'NONE', #6199, #885 ) ;
#5605 = AXIS2_PLACEMENT_3D ( 'NONE', #1129, #607, #2729 ) ;
#5606 = CYLINDRICAL_SURFACE ( 'NONE', #2676, 0.5000000000000004441 ) ;
#5607 = EDGE_LOOP ( 'NONE', ( #5549, #3002, #4313, #1031 ) ) ;
#5608 = EDGE_CURVE ( 'NONE', #1232, #6277, #3662, .T. ) ;
#5609 = FACE_OUTER_BOUND ( 'NONE', #2517, .T. ) ;
#5610 = DIRECTION ( 'NONE',  ( 0.000000000000000000, 1.000000000000000000, 0.000000000000000000 ) ) ;
#5611 = EDGE_CURVE ( 'NONE', #5078, #756, #4221, .T. ) ;
#5612 = DIRECTION ( 'NONE',  ( -0.000000000000000000, 1.000000000000000000, -0.000000000000000000 ) ) ;
#5613 = VECTOR ( 'NONE', #5302, 1000.000000000000000 ) ;
#5614 = DIRECTION ( 'NONE',  ( -0.000000000000000000, 1.000000000000000000, -0.000000000000000000 ) ) ;
#5615 = EDGE_LOOP ( 'NONE', ( #2906, #6040, #2079, #3053 ) ) ;
#5616 = DIRECTION ( 'NONE',  ( 0.000000000000000000, 0.000000000000000000, 1.000000000000000000 ) ) ;
#5617 = ORIENTED_EDGE ( 'NONE', *, *, #190, .F. ) ;
#5618 = DIRECTION ( 'NONE',  ( 0.9781476007338072431, 0.000000000000000000, -0.2079116908177514600 ) ) ;
#5619 = DIRECTION ( 'NONE',  ( -1.000000000000000000, 0.000000000000000000, 0.000000000000000000 ) ) ;
#5620 = DIRECTION ( 'NONE',  ( 0.000000000000000000, 1.000000000000000000, 0.000000000000000000 ) ) ;
#5621 = CARTESIAN_POINT ( 'NONE',  ( 1.000000000000011324, -15.00000000000000355, -27.55000000000001137 ) ) ;
#5622 = DIRECTION ( 'NONE',  ( -0.000000000000000000, 1.000000000000000000, -0.000000000000000000 ) ) ;
#5623 = ORIENTED_EDGE ( 'NONE', *, *, #1439, .F. ) ;
#5624 = CLOSED_SHELL ( 'NONE', ( #2538, #3747, #844, #6887, #2239, #6411, #5144, #4801, #3876, #3016, #6541, #5405, #5226, #1194, #4350, #5911, #2592, #430, #5559, #3308, #514, #2003, #6761, #3293, #3646, #3472, #4980, #2833, #6376, #6870, #6812, #5097, #5533, #188, #824, #4902, #578, #3855, #2157, #768, #2961, #6831, #5314, #2212, #5511, #4626, #6317, #646, #5937, #43, #6333, #5270, #3775, #6667, #6822, #1520, #2582, #6073, #2662, #6441, #1004, #2486, #6033, #5193, #336, #1601, #4112, #4717, #2647, #3085, #3613, #4537, #467, #5311, #2752, #530, #6452, #2870, #5844, #3603, #134, #2071, #5519, #2241, #2724, #2112, #168, #1387, #3601, #712, #736, #551, #5427, #6731, #4051, #5822, #4923, #258, #1176, #6162, #5279, #2510, #89, #5980, #1535, #6665, #897, #3047, #5710, #1644, #837, #3818, #3857, #6885, #2451, #249, #6116, #921, #5567, #1188, #2788, #5260, #5757, #3173, #2298, #6537, #1150, #3694, #6649, #5552, #3086, #5222, #4202, #3964, #6257, #150, #5828, #4472, #738, #759, #4403, #2755, #4683, #1894, #1060, #6720, #6616, #4369, #6577, #3440, #6809, #1117, #2314, #4714, #172, #1339, #5048, #5218, #5626, #220, #1808, #3268, #1879, #5794, #1812, #1222, #5349, #4845, #1514, #5135, #3443, #6409, #4918, #2031, #6054, #4584, #5998, #4174, #4777, #6074, #3112, #1301, #2711, #5028, #5785, #2884, #2156, #6587, #5306, #1133, #455, #1214, #2768, #3986, #3385, #1784, #5004, #3753, #2032, #5169 ) ) ;
#5625 = CARTESIAN_POINT ( 'NONE',  ( -35.05841875773189287, -15.00000000000000355, -38.38944355865220359 ) ) ;
#5626 = ADVANCED_FACE ( 'NONE', ( #6286 ), #4677, .F. ) ;
#5627 = ORIENTED_EDGE ( 'NONE', *, *, #2959, .T. ) ;
#5628 = VECTOR ( 'NONE', #714, 1000.000000000000000 ) ;
#5629 = EDGE_CURVE ( 'NONE', #2188, #5480, #5864, .T. ) ;
#5630 = DIRECTION ( 'NONE',  ( -0.000000000000000000, 1.000000000000000000, -0.000000000000000000 ) ) ;
#5631 = ORIENTED_EDGE ( 'NONE', *, *, #1211, .F. ) ;
#5632 = CARTESIAN_POINT ( 'NONE',  ( -41.37500000000000711, 4.000000000000000000, -54.62500000000000000 ) ) ;
#5633 = VERTEX_POINT ( 'NONE', #456 ) ;
#5634 = DIRECTION ( 'NONE',  ( 0.000000000000000000, 0.000000000000000000, -1.000000000000000000 ) ) ;
#5635 = CARTESIAN_POINT ( 'NONE',  ( 0.000000000000000000, 4.000000000000000000, 24.04999999999998650 ) ) ;
#5636 = CARTESIAN_POINT ( 'NONE',  ( 33.55000000000001137, -15.00000000000000355, -27.55000000000001137 ) ) ;
#5637 = ORIENTED_EDGE ( 'NONE', *, *, #3984, .T. ) ;
#5638 = EDGE_LOOP ( 'NONE', ( #4058, #1965, #6210, #1297 ) ) ;
#5639 = DIRECTION ( 'NONE',  ( -0.000000000000000000, 1.000000000000000000, -0.000000000000000000 ) ) ;
#5640 = VECTOR ( 'NONE', #2691, 1000.000000000000000 ) ;
#5641 = AXIS2_PLACEMENT_3D ( 'NONE', #558, #4878, #38 ) ;
#5642 = DIRECTION ( 'NONE',  ( -0.000000000000000000, 1.000000000000000000, -0.000000000000000000 ) ) ;
#5643 = ORIENTED_EDGE ( 'NONE', *, *, #404, .T. ) ;
#5644 = CARTESIAN_POINT ( 'NONE',  ( 33.05000000000001137, -15.00000000000000355, 4.999999999999990230 ) ) ;
#5645 = DIRECTION ( 'NONE',  ( 0.000000000000000000, 0.000000000000000000, 1.000000000000000000 ) ) ;
#5646 = DIRECTION ( 'NONE',  ( 0.000000000000000000, 0.000000000000000000, 1.000000000000000000 ) ) ;
#5647 = AXIS2_PLACEMENT_3D ( 'NONE', #3763, #4314, #99 ) ;
#5648 = EDGE_CURVE ( 'NONE', #3087, #4545, #4290, .T. ) ;
#5649 = CARTESIAN_POINT ( 'NONE',  ( -5.049999999999991829, 0.000000000000000000, -14.55000000000001492 ) ) ;
#5650 = EDGE_CURVE ( 'NONE', #572, #2150, #3632, .T. ) ;
#5651 = EDGE_LOOP ( 'NONE', ( #4730, #5188, #6232, #6609 ) ) ;
#5652 = CARTESIAN_POINT ( 'NONE',  ( -34.12724381228955650, 4.000000000000000000, 16.72716429272117011 ) ) ;
#5653 = ORIENTED_EDGE ( 'NONE', *, *, #788, .F. ) ;
#5654 = EDGE_CURVE ( 'NONE', #3028, #5071, #3205, .T. ) ;
#5655 = DIRECTION ( 'NONE',  ( -0.000000000000000000, 1.000000000000000000, -0.000000000000000000 ) ) ;
#5656 = EDGE_CURVE ( 'NONE', #278, #380, #3235, .T. ) ;
#5657 = CARTESIAN_POINT ( 'NONE',  ( 19.55000000000001137, 0.000000000000000000, -27.55000000000001137 ) ) ;
#5658 = DIRECTION ( 'NONE',  ( 0.000000000000000000, 1.000000000000000000, 0.000000000000000000 ) ) ;
#5659 = LINE ( 'NONE', #5129, #4106 ) ;
#5660 = DIRECTION ( 'NONE',  ( 0.000000000000000000, 0.000000000000000000, 1.000000000000000000 ) ) ;
#5661 = ORIENTED_EDGE ( 'NONE', *, *, #3321, .T. ) ;
#5662 = CARTESIAN_POINT ( 'NONE',  ( -18.04999999999999005, 0.000000000000000000, -14.55000000000001492 ) ) ;
#5663 = ORIENTED_EDGE ( 'NONE', *, *, #5688, .T. ) ;
#5664 = LINE ( 'NONE', #259, #3788 ) ;
#5665 = VERTEX_POINT ( 'NONE', #2130 ) ;
#5666 = CARTESIAN_POINT ( 'NONE',  ( -35.05841875773189287, 4.000000000000000000, -24.70143475962949609 ) ) ;
#5667 = ORIENTED_EDGE ( 'NONE', *, *, #6462, .T. ) ;
#5668 = DIRECTION ( 'NONE',  ( 0.000000000000000000, 0.000000000000000000, 1.000000000000000000 ) ) ;
#5669 = FACE_BOUND ( 'NONE', #3019, .T. ) ;
#5670 = ORIENTED_EDGE ( 'NONE', *, *, #3691, .F. ) ;
#5671 = ORIENTED_EDGE ( 'NONE', *, *, #636, .T. ) ;
#5672 = CIRCLE ( 'NONE', #439, 0.9999999999999940048 ) ;
#5673 = AXIS2_PLACEMENT_3D ( 'NONE', #3640, #923, #5771 ) ;
#5674 = CYLINDRICAL_SURFACE ( 'NONE', #1219, 0.5000000000000004441 ) ;
#5675 = CARTESIAN_POINT ( 'NONE',  ( -25.44518301803898908, 0.000000000000000000, -34.62567940601878291 ) ) ;
#5676 = VERTEX_POINT ( 'NONE', #5372 ) ;
#5677 = FACE_OUTER_BOUND ( 'NONE', #2026, .T. ) ;
#5678 = DIRECTION ( 'NONE',  ( 1.000000000000000000, 0.000000000000000000, 0.000000000000000000 ) ) ;
#5679 = VECTOR ( 'NONE', #6370, 1000.000000000000114 ) ;
#5680 = ORIENTED_EDGE ( 'NONE', *, *, #3210, .F. ) ;
#5681 = DIRECTION ( 'NONE',  ( -0.000000000000000000, 1.000000000000000000, -0.000000000000000000 ) ) ;
#5682 = ORIENTED_EDGE ( 'NONE', *, *, #5348, .F. ) ;
#5683 = CIRCLE ( 'NONE', #3890, 0.5000000000000004441 ) ;
#5684 = EDGE_CURVE ( 'NONE', #4838, #3253, #2168, .T. ) ;
#5685 = EDGE_LOOP ( 'NONE', ( #711, #2910, #6268, #2330, #1265, #4585, #2389, #4486 ) ) ;
#5686 = CARTESIAN_POINT ( 'NONE',  ( -24.89158124226813484, 4.000000000000000000, 2.291902469791998964 ) ) ;
#5687 = ORIENTED_EDGE ( 'NONE', *, *, #3424, .F. ) ;
#5688 = EDGE_CURVE ( 'NONE', #4353, #4545, #5125, .T. ) ;
#5689 = CIRCLE ( 'NONE', #3569, 0.5000000000000004441 ) ;
#5690 = DIRECTION ( 'NONE',  ( 0.000000000000000000, 0.000000000000000000, 1.000000000000000000 ) ) ;
#5691 = FACE_OUTER_BOUND ( 'NONE', #3725, .T. ) ;
#5692 = FACE_OUTER_BOUND ( 'NONE', #5986, .T. ) ;
#5693 = FACE_OUTER_BOUND ( 'NONE', #364, .T. ) ;
#5694 = CYLINDRICAL_SURFACE ( 'NONE', #2167, 0.5000000000000004441 ) ;
#5695 = CIRCLE ( 'NONE', #4904, 1.000000000000000888 ) ;
#5696 = ORIENTED_EDGE ( 'NONE', *, *, #18, .F. ) ;
#5697 = CIRCLE ( 'NONE', #4808, 0.9999999999999974465 ) ;
#5698 = DIRECTION ( 'NONE',  ( 1.000000000000000000, -0.000000000000000000, 0.000000000000000000 ) ) ;
#5699 = ORIENTED_EDGE ( 'NONE', *, *, #5059, .T. ) ;
#5700 = EDGE_LOOP ( 'NONE', ( #1638, #4756, #3960, #2052 ) ) ;
#5701 = PLANE ( 'NONE',  #6674 ) ;
#5702 = VECTOR ( 'NONE', #1959, 1000.000000000000000 ) ;
#5703 = ORIENTED_EDGE ( 'NONE', *, *, #4957, .T. ) ;
#5704 = CARTESIAN_POINT ( 'NONE',  ( 19.55000000000001137, -15.00000000000000355, 0.000000000000000000 ) ) ;
#5705 = ORIENTED_EDGE ( 'NONE', *, *, #79, .T. ) ;
#5706 = FACE_BOUND ( 'NONE', #2354, .T. ) ;
#5707 = VERTEX_POINT ( 'NONE', #4188 ) ;
#5708 = CIRCLE ( 'NONE', #2697, 0.9999999999999974465 ) ;
#5709 = ORIENTED_EDGE ( 'NONE', *, *, #5575, .F. ) ;
#5710 = ADVANCED_FACE ( 'NONE', ( #6319 ), #560, .T. ) ;
#5711 = CARTESIAN_POINT ( 'NONE',  ( 34.37500000000000000, 0.000000000000000000, -42.93440107675849760 ) ) ;
#5712 = EDGE_CURVE ( 'NONE', #1532, #4384, #3898, .T. ) ;
#5713 = LINE ( 'NONE', #2913, #5236 ) ;
#5714 = ORIENTED_EDGE ( 'NONE', *, *, #1145, .T. ) ;
#5715 = FACE_OUTER_BOUND ( 'NONE', #3237, .T. ) ;
#5716 = CARTESIAN_POINT ( 'NONE',  ( 1.000000000000011324, 0.000000000000000000, -8.500000000000007105 ) ) ;
#5717 = ORIENTED_EDGE ( 'NONE', *, *, #1977, .T. ) ;
#5718 = DIRECTION ( 'NONE',  ( 0.000000000000000000, -0.000000000000000000, 1.000000000000000000 ) ) ;
#5719 = AXIS2_PLACEMENT_3D ( 'NONE', #2640, #2118, #3395 ) ;
#5720 = VERTEX_POINT ( 'NONE', #2686 ) ;
#5721 = VECTOR ( 'NONE', #1998, 1000.000000000000114 ) ;
#5722 = EDGE_CURVE ( 'NONE', #4374, #3948, #3139, .T. ) ;
#5723 = LINE ( 'NONE', #1501, #5921 ) ;
#5724 = VERTEX_POINT ( 'NONE', #3170 ) ;
#5725 = LINE ( 'NONE', #4676, #3190 ) ;
#5726 = AXIS2_PLACEMENT_3D ( 'NONE', #2589, #4091, #3003 ) ;
#5727 = LINE ( 'NONE', #3068, #2894 ) ;
#5728 = DIRECTION ( 'NONE',  ( 0.000000000000000000, 1.000000000000000000, 0.000000000000000000 ) ) ;
#5729 = DIRECTION ( 'NONE',  ( 0.000000000000000000, 0.000000000000000000, 1.000000000000000000 ) ) ;
#5730 = AXIS2_PLACEMENT_3D ( 'NONE', #5268, #5728, #5199 ) ;
#5731 = DIRECTION ( 'NONE',  ( 0.000000000000000000, -0.000000000000000000, 1.000000000000000000 ) ) ;
#5732 = VECTOR ( 'NONE', #3245, 1000.000000000000000 ) ;
#5733 = VERTEX_POINT ( 'NONE', #2651 ) ;
#5734 = LINE ( 'NONE', #2036, #1685 ) ;
#5735 = EDGE_LOOP ( 'NONE', ( #6574, #3998, #2347, #1420 ) ) ;
#5736 = VERTEX_POINT ( 'NONE', #4253 ) ;
#5737 = EDGE_CURVE ( 'NONE', #6109, #1586, #4029, .T. ) ;
#5738 = LINE ( 'NONE', #2593, #4675 ) ;
#5739 = EDGE_CURVE ( 'NONE', #6342, #2306, #3886, .T. ) ;
#5740 = EDGE_LOOP ( 'NONE', ( #2989, #3203, #643, #6496 ) ) ;
#5741 = DIRECTION ( 'NONE',  ( 0.000000000000000000, 0.000000000000000000, 1.000000000000000000 ) ) ;
#5742 = EDGE_CURVE ( 'NONE', #5453, #1452, #6017, .T. ) ;
#5743 = VERTEX_POINT ( 'NONE', #6643 ) ;
#5744 = FACE_BOUND ( 'NONE', #1916, .T. ) ;
#5745 = EDGE_CURVE ( 'NONE', #5777, #5532, #5689, .T. ) ;
#5746 = EDGE_LOOP ( 'NONE', ( #6853, #3653, #3292, #5458 ) ) ;
#5747 = AXIS2_PLACEMENT_3D ( 'NONE', #2093, #351, #4603 ) ;
#5748 = ORIENTED_EDGE ( 'NONE', *, *, #1556, .T. ) ;
#5749 = CARTESIAN_POINT ( 'NONE',  ( -23.79090670959995535, 4.000000000000000000, -32.14753180528519749 ) ) ;
#5750 = CARTESIAN_POINT ( 'NONE',  ( -33.76267115700605359, 4.000000000000000000, -11.58002825076559894 ) ) ;
#5751 = EDGE_LOOP ( 'NONE', ( #2744, #3766, #4995, #6882 ) ) ;
#5752 = CARTESIAN_POINT ( 'NONE',  ( 0.000000000000000000, -15.00000000000000355, 4.999999999999990230 ) ) ;
#5753 = DIRECTION ( 'NONE',  ( 0.000000000000000000, 1.000000000000000000, 0.000000000000000000 ) ) ;
#5754 = ORIENTED_EDGE ( 'NONE', *, *, #6007, .T. ) ;
#5755 = CARTESIAN_POINT ( 'NONE',  ( 14.00000000000001243, -15.00000000000000355, -8.500000000000007105 ) ) ;
#5756 = ORIENTED_EDGE ( 'NONE', *, *, #3781, .T. ) ;
#5757 = ADVANCED_FACE ( 'NONE', ( #6053 ), #3362, .F. ) ;
#5758 = DIRECTION ( 'NONE',  ( 0.000000000000000000, 0.000000000000000000, 1.000000000000000000 ) ) ;
#5759 = ORIENTED_EDGE ( 'NONE', *, *, #332, .T. ) ;
#5760 = CARTESIAN_POINT ( 'NONE',  ( -25.82275618771046766, -15.00000000000000355, 2.927329814508480954 ) ) ;
#5761 = CIRCLE ( 'NONE', #4967, 0.9999999999999974465 ) ;
#5762 = CARTESIAN_POINT ( 'NONE',  ( 1.000000000000011324, 0.000000000000000000, 42.59999999999998721 ) ) ;
#5763 = CARTESIAN_POINT ( 'NONE',  ( -25.08061036275546840, 4.000000000000000000, -21.86884555243841177 ) ) ;
#5764 = DIRECTION ( 'NONE',  ( 0.000000000000000000, 0.000000000000000000, 1.000000000000000000 ) ) ;
#5765 = LINE ( 'NONE', #5796, #6694 ) ;
#5766 = DIRECTION ( 'NONE',  ( 0.9311749454423309258, 0.000000000000000000, 0.3645726552835144019 ) ) ;
#5767 = LINE ( 'NONE', #3073, #2021 ) ;
#5768 = EDGE_LOOP ( 'NONE', ( #1906, #4618, #6299, #2837 ) ) ;
#5769 = AXIS2_PLACEMENT_3D ( 'NONE', #2501, #1458, #6205 ) ;
#5770 = ORIENTED_EDGE ( 'NONE', *, *, #3954, .T. ) ;
#5771 = DIRECTION ( 'NONE',  ( 0.000000000000000000, 0.000000000000000000, 1.000000000000000000 ) ) ;
#5772 = VERTEX_POINT ( 'NONE', #3958 ) ;
#5773 = DIRECTION ( 'NONE',  ( -1.270278060211849936E-16, 0.000000000000000000, -1.000000000000000000 ) ) ;
#5774 = ORIENTED_EDGE ( 'NONE', *, *, #3731, .F. ) ;
#5775 = FACE_BOUND ( 'NONE', #1477, .T. ) ;
#5776 = VERTEX_POINT ( 'NONE', #1239 ) ;
#5777 = VERTEX_POINT ( 'NONE', #5527 ) ;
#5778 = DIRECTION ( 'NONE',  ( 0.000000000000000000, 0.000000000000000000, 1.000000000000000000 ) ) ;
#5779 = EDGE_CURVE ( 'NONE', #1846, #5392, #3993, .T. ) ;
#5780 = DIRECTION ( 'NONE',  ( -0.000000000000000000, 1.000000000000000000, -0.000000000000000000 ) ) ;
#5781 = ORIENTED_EDGE ( 'NONE', *, *, #5739, .F. ) ;
#5782 = CARTESIAN_POINT ( 'NONE',  ( -18.54999999999999005, -15.00000000000000355, 0.000000000000000000 ) ) ;
#5783 = PLANE ( 'NONE',  #2416 ) ;
#5784 = ORIENTED_EDGE ( 'NONE', *, *, #361, .T. ) ;
#5785 = ADVANCED_FACE ( 'NONE', ( #5493 ), #595, .F. ) ;
#5786 = ORIENTED_EDGE ( 'NONE', *, *, #3749, .F. ) ;
#5787 = DIRECTION ( 'NONE',  ( -0.000000000000000000, 1.000000000000000000, -0.000000000000000000 ) ) ;
#5788 = ORIENTED_EDGE ( 'NONE', *, *, #4016, .F. ) ;
#5789 = VECTOR ( 'NONE', #4097, 1000.000000000000000 ) ;
#5790 = VECTOR ( 'NONE', #2559, 1000.000000000000000 ) ;
#5791 = DIRECTION ( 'NONE',  ( 0.000000000000000000, 1.000000000000000000, 0.000000000000000000 ) ) ;
#5792 = DIRECTION ( 'NONE',  ( 0.000000000000000000, 1.000000000000000000, -0.000000000000000000 ) ) ;
#5793 = CARTESIAN_POINT ( 'NONE',  ( 20.05000000000001137, 4.000000000000000000, 43.09999999999998721 ) ) ;
#5794 = ADVANCED_FACE ( 'NONE', ( #751 ), #5600, .F. ) ;
#5795 = VECTOR ( 'NONE', #2091, 1000.000000000000000 ) ;
#5796 = CARTESIAN_POINT ( 'NONE',  ( 0.5000000000000108802, -15.00000000000000355, 29.59999999999998721 ) ) ;
#5797 = CARTESIAN_POINT ( 'NONE',  ( 19.55000000000001137, 0.000000000000000000, 29.59999999999998721 ) ) ;
#5798 = CARTESIAN_POINT ( 'NONE',  ( 0.000000000000000000, 0.000000000000000000, 24.04999999999998650 ) ) ;
#5799 = DIRECTION ( 'NONE',  ( -0.000000000000000000, 1.000000000000000000, -0.000000000000000000 ) ) ;
#5800 = ORIENTED_EDGE ( 'NONE', *, *, #5870, .T. ) ;
#5801 = VECTOR ( 'NONE', #2898, 1000.000000000000000 ) ;
#5802 = EDGE_CURVE ( 'NONE', #3506, #1262, #2719, .T. ) ;
#5803 = ORIENTED_EDGE ( 'NONE', *, *, #6764, .F. ) ;
#5804 = CARTESIAN_POINT ( 'NONE',  ( -37.29817992665991966, -15.00000000000000355, 35.77129685747654975 ) ) ;
#5805 = DIRECTION ( 'NONE',  ( 0.000000000000000000, 0.000000000000000000, 1.000000000000000000 ) ) ;
#5806 = AXIS2_PLACEMENT_3D ( 'NONE', #5873, #4783, #604 ) ;
#5808 = ORIENTED_EDGE ( 'NONE', *, *, #707, .T. ) ;
#5807 = CIRCLE ( 'NONE', #790, 0.5000000000000004441 ) ;
#5809 = VECTOR ( 'NONE', #6474, 1000.000000000000114 ) ;
#5810 = CARTESIAN_POINT ( 'NONE',  ( -37.29817992665991966, 0.000000000000000000, -32.66874713763699134 ) ) ;
#5811 = ORIENTED_EDGE ( 'NONE', *, *, #1815, .F. ) ;
#5812 = VECTOR ( 'NONE', #2370, 1000.000000000000000 ) ;
#5813 = EDGE_LOOP ( 'NONE', ( #5703, #1583, #15, #3201 ) ) ;
#5814 = CARTESIAN_POINT ( 'NONE',  ( -25.08061036275547195, 0.000000000000000000, -21.86884555243841177 ) ) ;
#5815 = EDGE_LOOP ( 'NONE', ( #2290, #88, #2141, #6009 ) ) ;
#5816 = CARTESIAN_POINT ( 'NONE',  ( -36.36700498121759750, 0.000000000000000000, -32.30417448235347422 ) ) ;
#5817 = VERTEX_POINT ( 'NONE', #5563 ) ;
#5818 = CARTESIAN_POINT ( 'NONE',  ( 28.87500000000000355, 0.000000000000000000, -35.14017244269856377 ) ) ;
#5819 = CARTESIAN_POINT ( 'NONE',  ( 33.55000000000001137, 0.000000000000000000, -14.55000000000001492 ) ) ;
#5820 = EDGE_LOOP ( 'NONE', ( #2530, #1430, #2672, #6398 ) ) ;
#5821 = ORIENTED_EDGE ( 'NONE', *, *, #559, .T. ) ;
#5822 = ADVANCED_FACE ( 'NONE', ( #3431 ), #3922, .F. ) ;
#5823 = DIRECTION ( 'NONE',  ( 0.000000000000000000, 0.000000000000000000, 1.000000000000000000 ) ) ;
#5824 = ORIENTED_EDGE ( 'NONE', *, *, #3090, .F. ) ;
#5825 = EDGE_CURVE ( 'NONE', #1652, #1667, #2841, .T. ) ;
#5826 = DIRECTION ( 'NONE',  ( 0.000000000000000000, 0.000000000000000000, 1.000000000000000000 ) ) ;
#5827 = EDGE_CURVE ( 'NONE', #1235, #1456, #2421, .T. ) ;
#5828 = ADVANCED_FACE ( 'NONE', ( #196 ), #2315, .F. ) ;
#5829 = DIRECTION ( 'NONE',  ( -0.000000000000000000, 1.000000000000000000, -0.000000000000000000 ) ) ;
#5830 = CYLINDRICAL_SURFACE ( 'NONE', #4491, 0.5000000000000004441 ) ;
#5831 = CARTESIAN_POINT ( 'NONE',  ( -25.08061036275547551, 4.000000000000000000, -35.55685435146111928 ) ) ;
#5832 = VECTOR ( 'NONE', #3037, 1000.000000000000000 ) ;
#5833 = VECTOR ( 'NONE', #1050, 999.9999999999998863 ) ;
#5834 = DIRECTION ( 'NONE',  ( 0.000000000000000000, 0.000000000000000000, 1.000000000000000000 ) ) ;
#5835 = DIRECTION ( 'NONE',  ( 0.000000000000000000, 1.000000000000000000, -0.000000000000000000 ) ) ;
#5836 = CARTESIAN_POINT ( 'NONE',  ( -34.86938963724456642, 4.000000000000000000, -27.91670433544451413 ) ) ;
#5837 = CARTESIAN_POINT ( 'NONE',  ( 24.37500000000000711, -15.00000000000000355, -42.93440107675849049 ) ) ;
#5838 = ORIENTED_EDGE ( 'NONE', *, *, #3345, .T. ) ;
#5839 = AXIS2_PLACEMENT_3D ( 'NONE', #3597, #5201, #949 ) ;
#5840 = EDGE_LOOP ( 'NONE', ( #3657, #4303, #3587, #184 ) ) ;
#5841 = AXIS2_PLACEMENT_3D ( 'NONE', #6278, #1424, #381 ) ;
#5842 = CARTESIAN_POINT ( 'NONE',  ( -22.65182007334010805, 4.000000000000000000, -30.80481154926863141 ) ) ;
#5843 = DIRECTION ( 'NONE',  ( 0.000000000000000000, 0.000000000000000000, 1.000000000000000000 ) ) ;
#5844 = ADVANCED_FACE ( 'NONE', ( #6538 ), #5005, .F. ) ;
#5845 = ORIENTED_EDGE ( 'NONE', *, *, #624, .T. ) ;
#5846 = DIRECTION ( 'NONE',  ( 0.000000000000000000, 1.000000000000000000, 0.000000000000000000 ) ) ;
#5847 = ORIENTED_EDGE ( 'NONE', *, *, #6780, .T. ) ;
#5848 = EDGE_CURVE ( 'NONE', #5330, #2280, #6088, .T. ) ;
#5849 = VERTEX_POINT ( 'NONE', #784 ) ;
#5850 = CARTESIAN_POINT ( 'NONE',  ( -25.82275618771047121, 4.000000000000000000, -10.76067898451422700 ) ) ;
#5851 = EDGE_LOOP ( 'NONE', ( #262, #2181, #1334, #4300 ) ) ;
#5852 = CARTESIAN_POINT ( 'NONE',  ( 20.05000000000001137, 0.000000000000000000, -9.000000000000007105 ) ) ;
#5853 = ORIENTED_EDGE ( 'NONE', *, *, #4844, .T. ) ;
#5854 = CARTESIAN_POINT ( 'NONE',  ( -18.04999999999999005, 0.000000000000000000, 4.999999999999990230 ) ) ;
#5855 = CARTESIAN_POINT ( 'NONE',  ( 41.37499999999999289, 0.000000000000000000, -54.62500000000000000 ) ) ;
#5856 = VECTOR ( 'NONE', #3241, 1000.000000000000114 ) ;
#5857 = AXIS2_PLACEMENT_3D ( 'NONE', #5649, #4111, #1357 ) ;
#5858 = ORIENTED_EDGE ( 'NONE', *, *, #3097, .F. ) ;
#5859 = EDGE_LOOP ( 'NONE', ( #4318, #4216, #4861, #1985 ) ) ;
#5860 = LINE ( 'NONE', #2058, #4020 ) ;
#5861 = ORIENTED_EDGE ( 'NONE', *, *, #3150, .F. ) ;
#5862 = DIRECTION ( 'NONE',  ( 0.000000000000000000, 1.000000000000000000, 0.000000000000000000 ) ) ;
#5863 = VECTOR ( 'NONE', #4823, 1000.000000000000000 ) ;
#5864 = LINE ( 'NONE', #4814, #2680 ) ;
#5865 = LINE ( 'NONE', #1087, #3041 ) ;
#5866 = CARTESIAN_POINT ( 'NONE',  ( 24.87500000000001066, -15.00000000000000355, -37.44957351945705426 ) ) ;
#5867 = EDGE_CURVE ( 'NONE', #4999, #3057, #6029, .T. ) ;
#5868 = EDGE_CURVE ( 'NONE', #5720, #6728, #5108, .T. ) ;
#5869 = AXIS2_PLACEMENT_3D ( 'NONE', #6879, #5835, #5634 ) ;
#5870 = EDGE_CURVE ( 'NONE', #431, #5257, #1800, .T. ) ;
#5871 = AXIS2_PLACEMENT_3D ( 'NONE', #2229, #1047, #525 ) ;
#5872 = CARTESIAN_POINT ( 'NONE',  ( -32.75000000000000000, 0.000000000000000000, -46.75000000000000000 ) ) ;
#5873 = CARTESIAN_POINT ( 'NONE',  ( 28.87500000000000711, -15.00000000000000355, -46.10982755730143623 ) ) ;
#5874 = DIRECTION ( 'NONE',  ( 0.000000000000000000, 1.000000000000000000, -0.000000000000000000 ) ) ;
#5875 = DIRECTION ( 'NONE',  ( 0.000000000000000000, 1.000000000000000000, 0.000000000000000000 ) ) ;
#5876 = DIRECTION ( 'NONE',  ( 0.000000000000000000, -0.000000000000000000, 1.000000000000000000 ) ) ;
#5877 = CIRCLE ( 'NONE', #6529, 0.9999999999999974465 ) ;
#5878 = ORIENTED_EDGE ( 'NONE', *, *, #1271, .F. ) ;
#5879 = EDGE_CURVE ( 'NONE', #3066, #2931, #6019, .T. ) ;
#5880 = LINE ( 'NONE', #673, #6449 ) ;
#5881 = ORIENTED_EDGE ( 'NONE', *, *, #3176, .F. ) ;
#5882 = CARTESIAN_POINT ( 'NONE',  ( 1.000000000000011324, -15.00000000000000355, 42.59999999999998721 ) ) ;
#5883 = ORIENTED_EDGE ( 'NONE', *, *, #3209, .F. ) ;
#5884 = VERTEX_POINT ( 'NONE', #5178 ) ;
#5885 = LINE ( 'NONE', #3088, #4787 ) ;
#5886 = ORIENTED_EDGE ( 'NONE', *, *, #1659, .T. ) ;
#5887 = DIRECTION ( 'NONE',  ( 0.000000000000000000, 1.000000000000000000, 0.000000000000000000 ) ) ;
#5888 = VECTOR ( 'NONE', #533, 1000.000000000000000 ) ;
#5889 = ORIENTED_EDGE ( 'NONE', *, *, #5449, .T. ) ;
#5890 = CARTESIAN_POINT ( 'NONE',  ( -23.58299501878236271, 4.000000000000000000, 9.894642192515789247 ) ) ;
#5891 = CARTESIAN_POINT ( 'NONE',  ( 34.37500000000000000, -15.00000000000000355, -38.31559892324150240 ) ) ;
#5892 = ORIENTED_EDGE ( 'NONE', *, *, #2811, .T. ) ;
#5893 = ORIENTED_EDGE ( 'NONE', *, *, #1064, .T. ) ;
#5894 = AXIS2_PLACEMENT_3D ( 'NONE', #5063, #767, #6001 ) ;
#5895 = LINE ( 'NONE', #6871, #5795 ) ;
#5896 = ORIENTED_EDGE ( 'NONE', *, *, #5870, .F. ) ;
#5897 = CARTESIAN_POINT ( 'NONE',  ( 14.00000000000001243, 4.000000000000000000, 29.09999999999998721 ) ) ;
#5898 = CARTESIAN_POINT ( 'NONE',  ( 33.55000000000001137, -15.00000000000000355, 29.59999999999998721 ) ) ;
#5899 = CARTESIAN_POINT ( 'NONE',  ( -25.08061036275546485, 4.000000000000000000, 32.88318964365242181 ) ) ;
#5900 = CARTESIAN_POINT ( 'NONE',  ( -34.12724381228956361, 0.000000000000000000, -10.64885330532327323 ) ) ;
#5901 = EDGE_CURVE ( 'NONE', #6791, #5363, #4135, .T. ) ;
#5902 = CIRCLE ( 'NONE', #6450, 0.5000000000000004441 ) ;
#5903 = LINE ( 'NONE', #4819, #3462 ) ;
#5904 = CARTESIAN_POINT ( 'NONE',  ( 19.55000000000001137, 4.000000000000000000, 10.54999999999999005 ) ) ;
#5905 = DIRECTION ( 'NONE',  ( -0.000000000000000000, -1.000000000000000000, -0.000000000000000000 ) ) ;
#5906 = DIRECTION ( 'NONE',  ( 0.000000000000000000, 1.000000000000000000, 0.000000000000000000 ) ) ;
#5907 = CARTESIAN_POINT ( 'NONE',  ( -32.75000000000000000, 0.000000000000000000, -42.24999999999999289 ) ) ;
#5908 = CIRCLE ( 'NONE', #2561, 0.9999999999999940048 ) ;
#5909 = CIRCLE ( 'NONE', #6005, 0.9999999999999974465 ) ;
#5910 = VERTEX_POINT ( 'NONE', #401 ) ;
#5911 = ADVANCED_FACE ( 'NONE', ( #3118, #4729, #436, #3615, #2564, #3541, #5669, #6717, #6331, #2010, #1519, #5706, #331, #5775, #2978, #3644, #6302, #1550, #889, #370, #5744, #1484, #4588, #6790, #4694, #5250, #3083, #6858 ), #2528, .F. ) ;
#5912 = PLANE ( 'NONE',  #6343 ) ;
#5913 = EDGE_LOOP ( 'NONE', ( #3331, #5976, #2088, #1010 ) ) ;
#5914 = AXIS2_PLACEMENT_3D ( 'NONE', #3505, #1835, #76 ) ;
#5915 = DIRECTION ( 'NONE',  ( 0.000000000000000000, 0.000000000000000000, -1.000000000000000000 ) ) ;
#5916 = VERTEX_POINT ( 'NONE', #5212 ) ;
#5917 = ORIENTED_EDGE ( 'NONE', *, *, #4467, .T. ) ;
#5918 = VECTOR ( 'NONE', #1966, 1000.000000000000000 ) ;
#5919 = DIRECTION ( 'NONE',  ( 0.000000000000000000, 1.000000000000000000, 0.000000000000000000 ) ) ;
#5920 = ORIENTED_EDGE ( 'NONE', *, *, #3132, .T. ) ;
#5921 = VECTOR ( 'NONE', #1429, 1000.000000000000000 ) ;
#5922 = DIRECTION ( 'NONE',  ( 0.000000000000000000, 0.000000000000000000, 1.000000000000000000 ) ) ;
#5923 = VERTEX_POINT ( 'NONE', #4138 ) ;
#5924 = CARTESIAN_POINT ( 'NONE',  ( -18.04999999999999005, -15.00000000000000355, 42.59999999999998721 ) ) ;
#5925 = CARTESIAN_POINT ( 'NONE',  ( -5.150073063952639529, 0.000000000000000000, -24.22918880268649389 ) ) ;
#5926 = ORIENTED_EDGE ( 'NONE', *, *, #2936, .T. ) ;
#5927 = AXIS2_PLACEMENT_3D ( 'NONE', #3667, #3249, #6878 ) ;
#5928 = EDGE_CURVE ( 'NONE', #5551, #3765, #3343, .T. ) ;
#5929 = EDGE_CURVE ( 'NONE', #914, #4550, #4204, .T. ) ;
#5930 = ORIENTED_EDGE ( 'NONE', *, *, #4039, .F. ) ;
#5931 = DIRECTION ( 'NONE',  ( 0.000000000000000000, 1.000000000000000000, 0.000000000000000000 ) ) ;
#5932 = ORIENTED_EDGE ( 'NONE', *, *, #4116, .F. ) ;
#5933 = LINE ( 'NONE', #6383, #6744 ) ;
#5934 = DIRECTION ( 'NONE',  ( 0.000000000000000000, 1.000000000000000000, 0.000000000000000000 ) ) ;
#5935 =( NAMED_UNIT ( * ) PLANE_ANGLE_UNIT ( ) SI_UNIT ( $, .RADIAN. ) );
#5936 = EDGE_CURVE ( 'NONE', #2217, #6872, #3457, .T. ) ;
#5937 = ADVANCED_FACE ( 'NONE', ( #2460 ), #1975, .F. ) ;
#5938 = LINE ( 'NONE', #3774, #6138 ) ;
#5939 = DIRECTION ( 'NONE',  ( -0.000000000000000000, 1.000000000000000000, -0.000000000000000000 ) ) ;
#5940 = FACE_OUTER_BOUND ( 'NONE', #5982, .T. ) ;
#5941 = CARTESIAN_POINT ( 'NONE',  ( 0.000000000000000000, 0.000000000000000000, 43.09999999999998721 ) ) ;
#5942 = FACE_OUTER_BOUND ( 'NONE', #954, .T. ) ;
#5943 = CIRCLE ( 'NONE', #367, 2.250000000000001776 ) ;
#5944 = ORIENTED_EDGE ( 'NONE', *, *, #4301, .T. ) ;
#5945 = CIRCLE ( 'NONE', #3372, 0.9999999999996054267 ) ;
#5946 = DIRECTION ( 'NONE',  ( 1.000000000000000000, 0.000000000000000000, 0.000000000000000000 ) ) ;
#5947 = ORIENTED_EDGE ( 'NONE', *, *, #1896, .F. ) ;
#5948 = CARTESIAN_POINT ( 'NONE',  ( 33.05000000000001137, 4.000000000000000000, -8.500000000000007105 ) ) ;
#5949 = ORIENTED_EDGE ( 'NONE', *, *, #4234, .T. ) ;
#5950 = VECTOR ( 'NONE', #4048, 1000.000000000000000 ) ;
#5951 = EDGE_CURVE ( 'NONE', #4206, #5665, #1230, .T. ) ;
#5952 = EDGE_CURVE ( 'NONE', #5399, #6500, #5385, .T. ) ;
#5953 = CARTESIAN_POINT ( 'NONE',  ( -23.79090670959995535, 4.000000000000000000, -32.14753180528519039 ) ) ;
#5954 = EDGE_CURVE ( 'NONE', #3426, #2668, #121, .T. ) ;
#5955 = VERTEX_POINT ( 'NONE', #5810 ) ;
#5956 = CARTESIAN_POINT ( 'NONE',  ( -18.75250000000000838, 4.000000000000000000, -44.72750000000000625 ) ) ;
#5957 = EDGE_CURVE ( 'NONE', #4041, #1040, #647, .T. ) ;
#5958 = CARTESIAN_POINT ( 'NONE',  ( -35.05841875773189287, -15.00000000000000355, 2.674582838415921593 ) ) ;
#5959 = FACE_OUTER_BOUND ( 'NONE', #6203, .T. ) ;
#5960 = ORIENTED_EDGE ( 'NONE', *, *, #4324, .F. ) ;
#5961 = VERTEX_POINT ( 'NONE', #4892 ) ;
#5962 = LINE ( 'NONE', #2227, #4342 ) ;
#5963 = EDGE_LOOP ( 'NONE', ( #510, #1392, #1139, #5066 ) ) ;
#5964 = DIRECTION ( 'NONE',  ( -0.000000000000000000, 1.000000000000000000, -0.000000000000000000 ) ) ;
#5965 = DIRECTION ( 'NONE',  ( 1.000000000000000000, -0.000000000000000000, 0.000000000000000000 ) ) ;
#5966 = DIRECTION ( 'NONE',  ( 0.000000000000000000, 0.000000000000000000, 1.000000000000000000 ) ) ;
#5967 = VECTOR ( 'NONE', #189, 1000.000000000000000 ) ;
#5968 = DIRECTION ( 'NONE',  ( -0.000000000000000000, 1.000000000000000000, -0.000000000000000000 ) ) ;
#5969 = EDGE_CURVE ( 'NONE', #2956, #5743, #1622, .T. ) ;
#5970 = DIRECTION ( 'NONE',  ( -0.000000000000000000, 1.000000000000000000, -0.000000000000000000 ) ) ;
#5971 = CARTESIAN_POINT ( 'NONE',  ( -18.54999999999999005, 4.000000000000000000, 0.000000000000000000 ) ) ;
#5972 = DIRECTION ( 'NONE',  ( -0.000000000000000000, 1.000000000000000000, -0.000000000000000000 ) ) ;
#5973 = CARTESIAN_POINT ( 'NONE',  ( 14.00000000000001243, 4.000000000000000000, 10.04999999999999005 ) ) ;
#5974 = LINE ( 'NONE', #247, #2819 ) ;
#5975 = LINE ( 'NONE', #2696, #4781 ) ;
#5976 = ORIENTED_EDGE ( 'NONE', *, *, #3136, .T. ) ;
#5977 = VECTOR ( 'NONE', #1649, 1000.000000000000000 ) ;
#5978 = CARTESIAN_POINT ( 'NONE',  ( -18.04999999999999005, -15.00000000000000355, 43.09999999999998721 ) ) ;
#5979 = ORIENTED_EDGE ( 'NONE', *, *, #1693, .F. ) ;
#5980 = ADVANCED_FACE ( 'NONE', ( #2249 ), #3152, .F. ) ;
#5981 = CARTESIAN_POINT ( 'NONE',  ( -23.58299501878243021, 4.000000000000000000, -3.793366606506726413 ) ) ;
#5982 = EDGE_LOOP ( 'NONE', ( #3674, #6586, #2147, #6604 ) ) ;
#5983 = DIRECTION ( 'NONE',  ( -0.000000000000000000, 1.000000000000000000, -0.000000000000000000 ) ) ;
#5984 = CARTESIAN_POINT ( 'NONE',  ( 0.5000000000000108802, 4.000000000000000000, -14.55000000000001492 ) ) ;
#5985 = CARTESIAN_POINT ( 'NONE',  ( -5.049999999999991829, 4.000000000000000000, 23.54999999999998650 ) ) ;
#5986 = EDGE_LOOP ( 'NONE', ( #5148, #1759, #2681, #4056 ) ) ;
#5987 = AXIS2_PLACEMENT_3D ( 'NONE', #620, #4246, #2055 ) ;
#5988 = EDGE_CURVE ( 'NONE', #1787, #1452, #2574, .T. ) ;
#5989 = VERTEX_POINT ( 'NONE', #6399 ) ;
#5990 = LINE ( 'NONE', #6479, #3445 ) ;
#5991 = VERTEX_POINT ( 'NONE', #5416 ) ;
#5992 = CARTESIAN_POINT ( 'NONE',  ( 0.000000000000000000, 4.000000000000000000, -28.05000000000001137 ) ) ;
#5993 = CARTESIAN_POINT ( 'NONE',  ( 0.000000000000000000, 4.000000000000000000, 29.09999999999998721 ) ) ;
#5994 = DIRECTION ( 'NONE',  ( 0.000000000000000000, 0.000000000000000000, 1.000000000000000000 ) ) ;
#5995 = CARTESIAN_POINT ( 'NONE',  ( -18.04999999999999005, 0.000000000000000000, -8.500000000000007105 ) ) ;
#5996 = ORIENTED_EDGE ( 'NONE', *, *, #2064, .F. ) ;
#5997 = DIRECTION ( 'NONE',  ( 1.000000000000000000, 0.000000000000000000, -0.000000000000000000 ) ) ;
#5998 = ADVANCED_FACE ( 'NONE', ( #4371 ), #1066, .F. ) ;
#5999 = CARTESIAN_POINT ( 'NONE',  ( 20.05000000000001137, 0.000000000000000000, 10.04999999999999005 ) ) ;
#6000 = CARTESIAN_POINT ( 'NONE',  ( -34.86938963724456642, 4.000000000000000000, -14.22869553642180307 ) ) ;
#6001 = DIRECTION ( 'NONE',  ( 0.000000000000000000, 0.000000000000000000, 1.000000000000000000 ) ) ;
#6002 = CARTESIAN_POINT ( 'NONE',  ( -34.50481698196104929, 0.000000000000000000, -15.15987048186413055 ) ) ;
#6003 = EDGE_CURVE ( 'NONE', #4722, #3903, #3291, .T. ) ;
#6004 = AXIS2_PLACEMENT_3D ( 'NONE', #2491, #4582, #293 ) ;
#6005 = AXIS2_PLACEMENT_3D ( 'NONE', #1945, #2946, #6093 ) ;
#6006 = VERTEX_POINT ( 'NONE', #2633 ) ;
#6007 = EDGE_CURVE ( 'NONE', #6109, #3161, #1345, .T. ) ;
#6008 = LINE ( 'NONE', #1858, #4014 ) ;
#6009 = ORIENTED_EDGE ( 'NONE', *, *, #4982, .F. ) ;
#6010 = AXIS2_PLACEMENT_3D ( 'NONE', #5150, #375, #1981 ) ;
#6011 = CARTESIAN_POINT ( 'NONE',  ( -25.82275618771045345, 0.000000000000000000, 15.61533861353128394 ) ) ;
#6012 = ORIENTED_EDGE ( 'NONE', *, *, #1145, .F. ) ;
#6013 = DIRECTION ( 'NONE',  ( 0.000000000000000000, 1.000000000000000000, 0.000000000000000000 ) ) ;
#6014 = AXIS2_PLACEMENT_3D ( 'NONE', #3973, #5619, #1324 ) ;
#6015 = PLANE ( 'NONE',  #634 ) ;
#6016 = CARTESIAN_POINT ( 'NONE',  ( 25.37500000000000711, 0.000000000000000000, -42.93440107675849760 ) ) ;
#6017 = LINE ( 'NONE', #1903, #3352 ) ;
#6018 = ORIENTED_EDGE ( 'NONE', *, *, #4287, .F. ) ;
#6019 = CIRCLE ( 'NONE', #6254, 0.9999999999999940048 ) ;
#6020 = ORIENTED_EDGE ( 'NONE', *, *, #3563, .T. ) ;
#6021 = CARTESIAN_POINT ( 'NONE',  ( 0.5000000000000108802, 0.000000000000000000, -8.500000000000007105 ) ) ;
#6022 = ORIENTED_EDGE ( 'NONE', *, *, #2620, .F. ) ;
#6023 = AXIS2_PLACEMENT_3D ( 'NONE', #48, #4329, #3106 ) ;
#6024 = CARTESIAN_POINT ( 'NONE',  ( -25.82275618771046410, 0.000000000000000000, 30.30334741255389730 ) ) ;
#6025 = DIRECTION ( 'NONE',  ( 0.000000000000000000, 1.000000000000000000, 0.000000000000000000 ) ) ;
#6026 = CARTESIAN_POINT ( 'NONE',  ( -25.08061036275547551, -15.00000000000000355, -35.55685435146111928 ) ) ;
#6027 = DIRECTION ( 'NONE',  ( 0.000000000000000000, 0.000000000000000000, 1.000000000000000000 ) ) ;
#6028 = EDGE_CURVE ( 'NONE', #851, #2379, #1899, .T. ) ;
#6029 = CIRCLE ( 'NONE', #25, 0.5000000000000004441 ) ;
#6030 = EDGE_CURVE ( 'NONE', #1532, #4264, #4829, .T. ) ;
#6031 = CARTESIAN_POINT ( 'NONE',  ( 14.00000000000001243, 0.000000000000000000, 10.04999999999999005 ) ) ;
#6032 = ORIENTED_EDGE ( 'NONE', *, *, #4893, .F. ) ;
#6033 = ADVANCED_FACE ( 'NONE', ( #2666 ), #93, .F. ) ;
#6034 = CARTESIAN_POINT ( 'NONE',  ( -18.04999999999999005, -15.00000000000000355, 4.499999999999990230 ) ) ;
#6035 = DIRECTION ( 'NONE',  ( 0.000000000000000000, 0.000000000000000000, 1.000000000000000000 ) ) ;
#6036 = FACE_BOUND ( 'NONE', #1567, .T. ) ;
#6037 = DIRECTION ( 'NONE',  ( 0.9781476007338071321, 0.000000000000000000, -0.2079116908177520151 ) ) ;
#6038 = DIRECTION ( 'NONE',  ( 0.000000000000000000, 1.000000000000000000, 0.000000000000000000 ) ) ;
#6039 = VECTOR ( 'NONE', #6800, 1000.000000000000000 ) ;
#6040 = ORIENTED_EDGE ( 'NONE', *, *, #4220, .T. ) ;
#6041 = ORIENTED_EDGE ( 'NONE', *, *, #4881, .F. ) ;
#6042 = DIRECTION ( 'NONE',  ( -0.000000000000000000, 1.000000000000000000, -0.000000000000000000 ) ) ;
#6043 = VECTOR ( 'NONE', #29, 1000.000000000000000 ) ;
#6044 = ORIENTED_EDGE ( 'NONE', *, *, #1427, .T. ) ;
#6045 = EDGE_CURVE ( 'NONE', #4994, #2463, #2146, .T. ) ;
#6046 = DIRECTION ( 'NONE',  ( 0.3645726552835139023, 0.000000000000000000, -0.9311749454423310368 ) ) ;
#6047 = VERTEX_POINT ( 'NONE', #3257 ) ;
#6048 = CARTESIAN_POINT ( 'NONE',  ( -34.50481698196104929, 0.000000000000000000, -1.471861682841423713 ) ) ;
#6049 = VECTOR ( 'NONE', #5876, 1000.000000000000000 ) ;
#6050 = CARTESIAN_POINT ( 'NONE',  ( -23.58299501878236271, 0.000000000000000000, 9.894642192515789247 ) ) ;
#6051 = CARTESIAN_POINT ( 'NONE',  ( -18.54999999999999005, -15.00000000000000355, 0.000000000000000000 ) ) ;
#6052 = VECTOR ( 'NONE', #4388, 999.9999999999998863 ) ;
#6053 = FACE_OUTER_BOUND ( 'NONE', #3038, .T. ) ;
#6054 = ADVANCED_FACE ( 'NONE', ( #2700 ), #1692, .F. ) ;
#6055 = ORIENTED_EDGE ( 'NONE', *, *, #6584, .F. ) ;
#6056 = ORIENTED_EDGE ( 'NONE', *, *, #2781, .T. ) ;
#6057 = AXIS2_PLACEMENT_3D ( 'NONE', #4647, #5095, #2550 ) ;
#6058 = VECTOR ( 'NONE', #5681, 1000.000000000000000 ) ;
#6059 = CARTESIAN_POINT ( 'NONE',  ( -34.12724381228956361, -15.00000000000000355, 3.039155493699433830 ) ) ;
#6060 = ORIENTED_EDGE ( 'NONE', *, *, #832, .T. ) ;
#6061 = DIRECTION ( 'NONE',  ( -0.000000000000000000, 1.000000000000000000, -0.000000000000000000 ) ) ;
#6062 = LINE ( 'NONE', #3336, #2532 ) ;
#6063 = CARTESIAN_POINT ( 'NONE',  ( 1.000000000000011324, -15.00000000000000355, -14.05000000000001315 ) ) ;
#6064 = VERTEX_POINT ( 'NONE', #612 ) ;
#6065 = LINE ( 'NONE', #4495, #2883 ) ;
#6066 = ORIENTED_EDGE ( 'NONE', *, *, #5009, .F. ) ;
#6067 = DIRECTION ( 'NONE',  ( 0.3645726552835131251, 0.000000000000000000, -0.9311749454423313699 ) ) ;
#6068 = DIRECTION ( 'NONE',  ( -0.000000000000000000, 1.000000000000000000, -0.000000000000000000 ) ) ;
#6069 = PLANE ( 'NONE',  #47 ) ;
#6070 = DIRECTION ( 'NONE',  ( 0.000000000000000000, 1.000000000000000000, -0.000000000000000000 ) ) ;
#6071 = CARTESIAN_POINT ( 'NONE',  ( 29.37500000000000711, -15.00000000000000355, -36.00619784648299770 ) ) ;
#6072 = CIRCLE ( 'NONE', #2835, 0.5000000000000004441 ) ;
#6073 = ADVANCED_FACE ( 'NONE', ( #2735 ), #2214, .F. ) ;
#6074 = ADVANCED_FACE ( 'NONE', ( #5481 ), #1298, .F. ) ;
#6075 = EDGE_CURVE ( 'NONE', #1557, #3087, #3240, .T. ) ;
#6076 = EDGE_LOOP ( 'NONE', ( #234, #4496, #5786, #6432 ) ) ;
#6077 = EDGE_LOOP ( 'NONE', ( #6803, #2119, #1979, #3607 ) ) ;
#6078 = CARTESIAN_POINT ( 'NONE',  ( -9.097867910792269086, 0.000000000000000000, 23.23736169649204442 ) ) ;
#6079 = ORIENTED_EDGE ( 'NONE', *, *, #807, .T. ) ;
#6080 = DIRECTION ( 'NONE',  ( -0.000000000000000000, -1.000000000000000000, -0.000000000000000000 ) ) ;
#6081 = VERTEX_POINT ( 'NONE', #289 ) ;
#6082 = CARTESIAN_POINT ( 'NONE',  ( -41.37499999999999289, 0.000000000000000000, 54.62500000000000000 ) ) ;
#6083 = AXIS2_PLACEMENT_3D ( 'NONE', #498, #2100, #2457 ) ;
#6084 = VECTOR ( 'NONE', #166, 999.9999999999998863 ) ;
#6085 = ORIENTED_EDGE ( 'NONE', *, *, #2407, .F. ) ;
#6086 = CARTESIAN_POINT ( 'NONE',  ( -34.86938963724455931, 4.000000000000000000, 26.83533086064632300 ) ) ;
#6087 = PLANE ( 'NONE',  #1018 ) ;
#6088 = LINE ( 'NONE', #1309, #5139 ) ;
#6089 = EDGE_CURVE ( 'NONE', #3538, #4543, #2342, .T. ) ;
#6090 = VERTEX_POINT ( 'NONE', #6562 ) ;
#6091 = AXIS2_PLACEMENT_3D ( 'NONE', #1913, #4107, #3654 ) ;
#6092 = EDGE_LOOP ( 'NONE', ( #3049, #6271, #2565, #6828 ) ) ;
#6093 = DIRECTION ( 'NONE',  ( 0.000000000000000000, 0.000000000000000000, 1.000000000000000000 ) ) ;
#6094 = DIRECTION ( 'NONE',  ( 0.000000000000000000, 1.000000000000000000, 0.000000000000000000 ) ) ;
#6095 = ORIENTED_EDGE ( 'NONE', *, *, #1574, .F. ) ;
#6096 = DIRECTION ( 'NONE',  ( -0.3645726552835140688, 0.000000000000000000, 0.9311749454423309258 ) ) ;
#6097 = DIRECTION ( 'NONE',  ( 0.000000000000000000, 1.000000000000000000, 0.000000000000000000 ) ) ;
#6098 = CARTESIAN_POINT ( 'NONE',  ( -26.18732884299397767, 4.000000000000000000, 30.23452235799623011 ) ) ;
#6099 = CIRCLE ( 'NONE', #5769, 0.9999999999999974465 ) ;
#6100 = EDGE_CURVE ( 'NONE', #2573, #3365, #6008, .T. ) ;
#6101 = ORIENTED_EDGE ( 'NONE', *, *, #295, .T. ) ;
#6102 = DIRECTION ( 'NONE',  ( 0.3645726552835139023, 0.000000000000000000, -0.9311749454423310368 ) ) ;
#6103 = ORIENTED_EDGE ( 'NONE', *, *, #3260, .T. ) ;
#6104 = DIRECTION ( 'NONE',  ( 0.000000000000000000, 1.000000000000000000, 0.000000000000000000 ) ) ;
#6105 = CARTESIAN_POINT ( 'NONE',  ( -2.366365689299483765, 0.000000000000000000, -11.13287527191552329 ) ) ;
#6106 = CARTESIAN_POINT ( 'NONE',  ( 20.05000000000001137, 4.000000000000000000, -8.500000000000007105 ) ) ;
#6107 = DIRECTION ( 'NONE',  ( 0.000000000000000000, 0.000000000000000000, 1.000000000000000000 ) ) ;
#6108 = CARTESIAN_POINT ( 'NONE',  ( -32.75000000000000000, 0.000000000000000000, -44.50000000000000000 ) ) ;
#6109 = VERTEX_POINT ( 'NONE', #5516 ) ;
#6110 = ORIENTED_EDGE ( 'NONE', *, *, #1195, .F. ) ;
#6111 = ORIENTED_EDGE ( 'NONE', *, *, #3584, .T. ) ;
#6112 = CYLINDRICAL_SURFACE ( 'NONE', #902, 0.5000000000000004441 ) ;
#6113 = ORIENTED_EDGE ( 'NONE', *, *, #2275, .T. ) ;
#6114 = EDGE_CURVE ( 'NONE', #2461, #2938, #2411, .T. ) ;
#6115 = PLANE ( 'NONE',  #918 ) ;
#6116 = ADVANCED_FACE ( 'NONE', ( #5591 ), #4539, .T. ) ;
#6117 = EDGE_LOOP ( 'NONE', ( #1872, #6838, #6332, #825 ) ) ;
#6118 = AXIS2_PLACEMENT_3D ( 'NONE', #6397, #6364, #5741 ) ;
#6119 = FACE_OUTER_BOUND ( 'NONE', #1119, .T. ) ;
#6120 = CIRCLE ( 'NONE', #3222, 0.9999999999999940048 ) ;
#6121 = EDGE_CURVE ( 'NONE', #3230, #4652, #5695, .T. ) ;
#6122 = EDGE_LOOP ( 'NONE', ( #260, #3819, #5329, #4811 ) ) ;
#6123 = CARTESIAN_POINT ( 'NONE',  ( -36.36700498121759750, 4.000000000000000000, 8.759851914714646526 ) ) ;
#6124 = CYLINDRICAL_SURFACE ( 'NONE', #4099, 0.5000000000000004441 ) ;
#6125 = DIRECTION ( 'NONE',  ( -0.000000000000000000, 1.000000000000000000, -0.000000000000000000 ) ) ;
#6126 = CIRCLE ( 'NONE', #3000, 0.9999999999999974465 ) ;
#6127 = VERTEX_POINT ( 'NONE', #4928 ) ;
#6128 = ORIENTED_EDGE ( 'NONE', *, *, #4513, .F. ) ;
#6129 = CARTESIAN_POINT ( 'NONE',  ( -41.37499999999999289, 4.000000000000000000, 54.62500000000000000 ) ) ;
#6130 = CARTESIAN_POINT ( 'NONE',  ( 0.5000000000000108802, 4.000000000000000000, 4.499999999999990230 ) ) ;
#6131 = ORIENTED_EDGE ( 'NONE', *, *, #4748, .T. ) ;
#6132 = CARTESIAN_POINT ( 'NONE',  ( -4.549999999999991829, 4.000000000000000000, -14.55000000000001492 ) ) ;
#6133 = DIRECTION ( 'NONE',  ( 0.000000000000000000, 0.000000000000000000, 1.000000000000000000 ) ) ;
#6134 = DIRECTION ( 'NONE',  ( -0.000000000000000000, 1.000000000000000000, -0.000000000000000000 ) ) ;
#6135 = EDGE_CURVE ( 'NONE', #6360, #892, #5578, .T. ) ;
#6136 = DIRECTION ( 'NONE',  ( 0.000000000000000000, 0.000000000000000000, 1.000000000000000000 ) ) ;
#6137 = DIRECTION ( 'NONE',  ( 0.000000000000000000, 0.000000000000000000, 1.000000000000000000 ) ) ;
#6138 = VECTOR ( 'NONE', #2269, 1000.000000000000114 ) ;
#6139 = ORIENTED_EDGE ( 'NONE', *, *, #6706, .T. ) ;
#6140 = EDGE_CURVE ( 'NONE', #2519, #5243, #774, .T. ) ;
#6141 = VECTOR ( 'NONE', #4970, 1000.000000000000000 ) ;
#6142 = CARTESIAN_POINT ( 'NONE',  ( -34.86938963724456642, -15.00000000000000355, -27.91670433544451413 ) ) ;
#6143 = PLANE ( 'NONE',  #3679 ) ;
#6144 = PLANE ( 'NONE',  #3829 ) ;
#6145 = FACE_OUTER_BOUND ( 'NONE', #4843, .T. ) ;
#6146 = DIRECTION ( 'NONE',  ( -0.000000000000000000, 1.000000000000000000, -0.000000000000000000 ) ) ;
#6147 = EDGE_CURVE ( 'NONE', #449, #5392, #3683, .T. ) ;
#6148 = CIRCLE ( 'NONE', #4914, 1.000000000000007772 ) ;
#6149 = ORIENTED_EDGE ( 'NONE', *, *, #3665, .T. ) ;
#6150 = CARTESIAN_POINT ( 'NONE',  ( -41.37500000000000711, 4.000000000000000000, -54.62500000000000000 ) ) ;
#6151 = ORIENTED_EDGE ( 'NONE', *, *, #1041, .F. ) ;
#6152 = CARTESIAN_POINT ( 'NONE',  ( 33.05000000000001137, 0.000000000000000000, 10.04999999999999005 ) ) ;
#6153 = ORIENTED_EDGE ( 'NONE', *, *, #403, .F. ) ;
#6154 = DIRECTION ( 'NONE',  ( -1.000000000000000000, 0.000000000000000000, 0.000000000000000000 ) ) ;
#6155 = ORIENTED_EDGE ( 'NONE', *, *, #5901, .T. ) ;
#6156 = DIRECTION ( 'NONE',  ( 0.000000000000000000, 0.000000000000000000, 1.000000000000000000 ) ) ;
#6157 = CARTESIAN_POINT ( 'NONE',  ( -33.76267115700605359, 4.000000000000000000, -38.95604584881101573 ) ) ;
#6158 = EDGE_CURVE ( 'NONE', #1167, #654, #1568, .T. ) ;
#6159 = DIRECTION ( 'NONE',  ( 1.000000000000000000, 0.000000000000000000, 0.000000000000000000 ) ) ;
#6160 = VERTEX_POINT ( 'NONE', #2277 ) ;
#6161 = EDGE_CURVE ( 'NONE', #5494, #3610, #5459, .T. ) ;
#6162 = ADVANCED_FACE ( 'NONE', ( #6632 ), #6112, .F. ) ;
#6163 = EDGE_LOOP ( 'NONE', ( #1941, #6335, #2610, #780 ) ) ;
#6164 = DIRECTION ( 'NONE',  ( -0.9311749454423312589, 0.000000000000000000, -0.3645726552835133472 ) ) ;
#6165 = EDGE_CURVE ( 'NONE', #343, #3710, #1755, .T. ) ;
#6166 = CIRCLE ( 'NONE', #1043, 0.9999999999999974465 ) ;
#6167 = DIRECTION ( 'NONE',  ( 0.000000000000000000, 1.000000000000000000, -0.000000000000000000 ) ) ;
#6168 = EDGE_LOOP ( 'NONE', ( #6366, #6337, #863, #3626 ) ) ;
#6169 = DIRECTION ( 'NONE',  ( 1.270278060211849690E-16, 0.000000000000000000, 1.000000000000000000 ) ) ;
#6170 = CARTESIAN_POINT ( 'NONE',  ( -25.08061036275547195, -15.00000000000000355, -21.86884555243841177 ) ) ;
#6171 = CARTESIAN_POINT ( 'NONE',  ( 0.5000000000000108802, 0.000000000000000000, -14.55000000000001492 ) ) ;
#6172 = AXIS2_PLACEMENT_3D ( 'NONE', #4292, #6351, #2202 ) ;
#6173 = DIRECTION ( 'NONE',  ( -0.8660254037844395958, 0.000000000000000000, -0.4999999999999981681 ) ) ;
#6174 = ORIENTED_EDGE ( 'NONE', *, *, #3605, .F. ) ;
#6175 = DIRECTION ( 'NONE',  ( 0.3645726552835066303, 0.000000000000000000, -0.9311749454423339234 ) ) ;
#6176 = ORIENTED_EDGE ( 'NONE', *, *, #1178, .T. ) ;
#6177 = DIRECTION ( 'NONE',  ( -0.2079116908177766343, 0.000000000000000000, -0.9781476007338020251 ) ) ;
#6178 = CARTESIAN_POINT ( 'NONE',  ( 24.37500000000000711, -15.00000000000000355, -42.93440107675849049 ) ) ;
#6179 = DIRECTION ( 'NONE',  ( 0.9781476007338072431, 0.000000000000000000, -0.2079116908177515710 ) ) ;
#6180 = DIRECTION ( 'NONE',  ( -0.000000000000000000, 1.000000000000000000, -0.000000000000000000 ) ) ;
#6181 = CARTESIAN_POINT ( 'NONE',  ( 0.5000000000000108802, 0.000000000000000000, 0.000000000000000000 ) ) ;
#6182 = EDGE_CURVE ( 'NONE', #380, #2527, #2933, .T. ) ;
#6183 = EDGE_LOOP ( 'NONE', ( #4927, #3530, #2364, #3224 ) ) ;
#6184 = CARTESIAN_POINT ( 'NONE',  ( 29.87500000000001066, -15.00000000000000355, -46.10982755730143623 ) ) ;
#6185 = ORIENTED_EDGE ( 'NONE', *, *, #4734, .T. ) ;
#6186 = VECTOR ( 'NONE', #488, 1000.000000000000000 ) ;
#6187 = CARTESIAN_POINT ( 'NONE',  ( 0.000000000000000000, 0.000000000000000000, 29.09999999999998721 ) ) ;
#6188 = ORIENTED_EDGE ( 'NONE', *, *, #1546, .T. ) ;
#6189 = CARTESIAN_POINT ( 'NONE',  ( -36.36700498121759750, -15.00000000000000355, 8.759851914714646526 ) ) ;
#6190 = CIRCLE ( 'NONE', #2843, 1.000000000000000888 ) ;
#6191 = ORIENTED_EDGE ( 'NONE', *, *, #2515, .T. ) ;
#6192 = DIRECTION ( 'NONE',  ( 0.000000000000000000, 1.000000000000000000, 0.000000000000000000 ) ) ;
#6193 = DIRECTION ( 'NONE',  ( 0.000000000000000000, -0.000000000000000000, 1.000000000000000000 ) ) ;
#6194 = DIRECTION ( 'NONE',  ( 0.000000000000000000, 1.000000000000000000, -0.000000000000000000 ) ) ;
#6195 = ORIENTED_EDGE ( 'NONE', *, *, #4120, .T. ) ;
#6196 = EDGE_CURVE ( 'NONE', #2456, #3192, #2832, .T. ) ;
#6197 = EDGE_CURVE ( 'NONE', #1306, #3879, #1130, .T. ) ;
#6198 = ORIENTED_EDGE ( 'NONE', *, *, #6558, .F. ) ;
#6199 = CARTESIAN_POINT ( 'NONE',  ( 20.05000000000001137, -15.00000000000000355, -28.05000000000001137 ) ) ;
#6200 = VECTOR ( 'NONE', #3956, 1000.000000000000000 ) ;
#6201 = AXIS2_PLACEMENT_3D ( 'NONE', #4219, #2994, #420 ) ;
#6202 = DIRECTION ( 'NONE',  ( -0.000000000000000000, 1.000000000000000000, -0.000000000000000000 ) ) ;
#6203 = EDGE_LOOP ( 'NONE', ( #2422, #2980, #577, #1756 ) ) ;
#6204 = CARTESIAN_POINT ( 'NONE',  ( -25.23727132722123301, 0.000000000000000000, -6.271514207239543559 ) ) ;
#6205 = DIRECTION ( 'NONE',  ( 0.000000000000000000, 0.000000000000000000, 1.000000000000000000 ) ) ;
#6206 = EDGE_LOOP ( 'NONE', ( #623, #2969, #2694, #5932, #5803, #2110, #376 ) ) ;
#6207 = CARTESIAN_POINT ( 'NONE',  ( -18.54999999999999005, 4.000000000000000000, 29.59999999999998721 ) ) ;
#6208 = CIRCLE ( 'NONE', #5415, 0.5000000000000004441 ) ;
#6209 = VERTEX_POINT ( 'NONE', #218 ) ;
#6210 = ORIENTED_EDGE ( 'NONE', *, *, #4284, .F. ) ;
#6211 = DIRECTION ( 'NONE',  ( 0.000000000000000000, 0.000000000000000000, 1.000000000000000000 ) ) ;
#6212 = ORIENTED_EDGE ( 'NONE', *, *, #919, .T. ) ;
#6213 = LINE ( 'NONE', #5198, #6682 ) ;
#6214 = LINE ( 'NONE', #2584, #3162 ) ;
#6215 = DIRECTION ( 'NONE',  ( -0.000000000000000000, 1.000000000000000000, -0.000000000000000000 ) ) ;
#6216 = DIRECTION ( 'NONE',  ( -0.000000000000000000, 1.000000000000000000, -0.000000000000000000 ) ) ;
#6217 = EDGE_CURVE ( 'NONE', #6245, #4833, #5767, .T. ) ;
#6218 = ORIENTED_EDGE ( 'NONE', *, *, #1294, .T. ) ;
#6219 = LINE ( 'NONE', #6184, #5918 ) ;
#6220 = EDGE_CURVE ( 'NONE', #2072, #5923, #6219, .T. ) ;
#6221 = VERTEX_POINT ( 'NONE', #1367 ) ;
#6222 = ORIENTED_EDGE ( 'NONE', *, *, #5463, .T. ) ;
#6223 = CIRCLE ( 'NONE', #206, 0.5000000000000004441 ) ;
#6224 = CARTESIAN_POINT ( 'NONE',  ( 14.50000000000001243, 4.000000000000000000, -27.55000000000001137 ) ) ;
#6225 = ORIENTED_EDGE ( 'NONE', *, *, #2384, .T. ) ;
#6226 = CARTESIAN_POINT ( 'NONE',  ( -36.36700498121759750, 0.000000000000000000, -18.61616568333077026 ) ) ;
#6227 = EDGE_CURVE ( 'NONE', #3765, #1974, #3636, .T. ) ;
#6228 = EDGE_LOOP ( 'NONE', ( #6101, #836, #4181, #508 ) ) ;
#6229 = DIRECTION ( 'NONE',  ( -1.000000000000000000, 0.000000000000000000, 0.000000000000000000 ) ) ;
#6230 = ORIENTED_EDGE ( 'NONE', *, *, #6477, .T. ) ;
#6231 = EDGE_CURVE ( 'NONE', #3546, #3156, #5734, .T. ) ;
#6232 = ORIENTED_EDGE ( 'NONE', *, *, #1053, .F. ) ;
#6233 = CIRCLE ( 'NONE', #3671, 0.9999999999999974465 ) ;
#6234 = VECTOR ( 'NONE', #5968, 1000.000000000000000 ) ;
#6235 = CARTESIAN_POINT ( 'NONE',  ( -26.18732884299398123, 0.000000000000000000, 2.858504759950812879 ) ) ;
#6236 = DIRECTION ( 'NONE',  ( -0.3645726552835140688, 0.000000000000000000, 0.9311749454423309258 ) ) ;
#6237 = VERTEX_POINT ( 'NONE', #953 ) ;
#6238 = DIRECTION ( 'NONE',  ( -0.000000000000000000, 1.000000000000000000, -0.000000000000000000 ) ) ;
#6239 = CYLINDRICAL_SURFACE ( 'NONE', #1476, 0.9999999999999940048 ) ;
#6240 = AXIS2_PLACEMENT_3D ( 'NONE', #5322, #5287, #1033 ) ;
#6241 = VERTEX_POINT ( 'NONE', #5239 ) ;
#6242 = DIRECTION ( 'NONE',  ( 0.000000000000000000, 1.000000000000000000, -0.000000000000000000 ) ) ;
#6243 = CARTESIAN_POINT ( 'NONE',  ( 33.55000000000001137, 0.000000000000000000, 0.000000000000000000 ) ) ;
#6244 = DIRECTION ( 'NONE',  ( -0.000000000000000000, 1.000000000000000000, -0.000000000000000000 ) ) ;
#6245 = VERTEX_POINT ( 'NONE', #358 ) ;
#6246 = AXIS2_PLACEMENT_3D ( 'NONE', #1570, #5791, #1013 ) ;
#6247 = CARTESIAN_POINT ( 'NONE',  ( 33.05000000000001137, 4.000000000000000000, 10.04999999999999005 ) ) ;
#6248 = FACE_OUTER_BOUND ( 'NONE', #6377, .T. ) ;
#6249 = CARTESIAN_POINT ( 'NONE',  ( -13.74468576361334549, 0.000000000000000000, 35.10605315722752096 ) ) ;
#6250 = DIRECTION ( 'NONE',  ( 0.000000000000000000, 0.000000000000000000, 1.000000000000000000 ) ) ;
#6251 = FACE_OUTER_BOUND ( 'NONE', #5651, .T. ) ;
#6252 = EDGE_CURVE ( 'NONE', #3375, #4668, #2708, .T. ) ;
#6253 = EDGE_CURVE ( 'NONE', #4891, #3135, #3567, .T. ) ;
#6254 = AXIS2_PLACEMENT_3D ( 'NONE', #3576, #6267, #6827 ) ;
#6255 = EDGE_CURVE ( 'NONE', #4508, #6277, #6666, .T. ) ;
#6256 = VECTOR ( 'NONE', #3446, 1000.000000000000000 ) ;
#6257 = ADVANCED_FACE ( 'NONE', ( #5100 ), #4614, .F. ) ;
#6258 = ORIENTED_EDGE ( 'NONE', *, *, #6252, .F. ) ;
#6259 = CIRCLE ( 'NONE', #4248, 0.9999999999999931166 ) ;
#6260 = CARTESIAN_POINT ( 'NONE',  ( 33.55000000000001137, 0.000000000000000000, 23.54999999999998650 ) ) ;
#6261 = ORIENTED_EDGE ( 'NONE', *, *, #5554, .F. ) ;
#6262 = ORIENTED_EDGE ( 'NONE', *, *, #4185, .F. ) ;
#6263 = LINE ( 'NONE', #5244, #1773 ) ;
#6264 = ORIENTED_EDGE ( 'NONE', *, *, #1490, .F. ) ;
#6265 = DIRECTION ( 'NONE',  ( 0.000000000000000000, 0.000000000000000000, 1.000000000000000000 ) ) ;
#6266 = VERTEX_POINT ( 'NONE', #6150 ) ;
#6267 = DIRECTION ( 'NONE',  ( 0.000000000000000000, 1.000000000000000000, -0.000000000000000000 ) ) ;
#6268 = ORIENTED_EDGE ( 'NONE', *, *, #4924, .F. ) ;
#6269 = EDGE_CURVE ( 'NONE', #2611, #2734, #5489, .T. ) ;
#6270 = AXIS2_PLACEMENT_3D ( 'NONE', #2951, #5221, #4037 ) ;
#6271 = ORIENTED_EDGE ( 'NONE', *, *, #4389, .T. ) ;
#6272 = DIRECTION ( 'NONE',  ( -0.000000000000000000, 1.000000000000000000, -0.000000000000000000 ) ) ;
#6273 = DIRECTION ( 'NONE',  ( 1.000000000000000000, -0.000000000000000000, 0.000000000000000000 ) ) ;
#6274 = ORIENTED_EDGE ( 'NONE', *, *, #1407, .T. ) ;
#6275 = CARTESIAN_POINT ( 'NONE',  ( -25.82275618771047121, -15.00000000000000355, -11.76067898451422344 ) ) ;
#6276 = DIRECTION ( 'NONE',  ( 0.000000000000000000, 0.000000000000000000, 1.000000000000000000 ) ) ;
#6277 = VERTEX_POINT ( 'NONE', #2554 ) ;
#6278 = CARTESIAN_POINT ( 'NONE',  ( 33.05000000000001137, 4.000000000000000000, 42.59999999999998721 ) ) ;
#6279 = VECTOR ( 'NONE', #5454, 1000.000000000000000 ) ;
#6280 = CARTESIAN_POINT ( 'NONE',  ( 1.000000000000011324, 0.000000000000000000, -9.000000000000007105 ) ) ;
#6281 = AXIS2_PLACEMENT_3D ( 'NONE', #6707, #4055, #1402 ) ;
#6282 = CARTESIAN_POINT ( 'NONE',  ( 14.50000000000001243, 0.000000000000000000, 23.54999999999998650 ) ) ;
#6283 = ORIENTED_EDGE ( 'NONE', *, *, #6639, .F. ) ;
#6284 = CARTESIAN_POINT ( 'NONE',  ( -25.08061036275547195, 4.000000000000000000, -8.180836753415702489 ) ) ;
#6285 = AXIS2_PLACEMENT_3D ( 'NONE', #5900, #5235, #7 ) ;
#6286 = FACE_OUTER_BOUND ( 'NONE', #6228, .T. ) ;
#6287 = CARTESIAN_POINT ( 'NONE',  ( 22.43489101437134536, 0.000000000000000000, -38.85837109916178633 ) ) ;
#6288 = AXIS2_PLACEMENT_3D ( 'NONE', #1155, #597, #2720 ) ;
#6289 = DIRECTION ( 'NONE',  ( 0.000000000000000000, 1.000000000000000000, 0.000000000000000000 ) ) ;
#6290 = VECTOR ( 'NONE', #939, 1000.000000000000000 ) ;
#6291 = ORIENTED_EDGE ( 'NONE', *, *, #2448, .T. ) ;
#6292 = EDGE_CURVE ( 'NONE', #1152, #1660, #321, .T. ) ;
#6293 = FACE_OUTER_BOUND ( 'NONE', #1930, .T. ) ;
#6294 = EDGE_CURVE ( 'NONE', #5528, #2635, #3497, .T. ) ;
#6295 = ORIENTED_EDGE ( 'NONE', *, *, #3042, .F. ) ;
#6296 = EDGE_CURVE ( 'NONE', #5276, #6326, #880, .T. ) ;
#6297 = ORIENTED_EDGE ( 'NONE', *, *, #547, .T. ) ;
#6298 = DIRECTION ( 'NONE',  ( -0.9781476007338215650, 0.000000000000000000, 0.2079116908176844580 ) ) ;
#6299 = ORIENTED_EDGE ( 'NONE', *, *, #662, .F. ) ;
#6300 = CARTESIAN_POINT ( 'NONE',  ( -22.65182007334010095, 0.000000000000000000, 23.94722364682220217 ) ) ;
#6301 = VERTEX_POINT ( 'NONE', #4127 ) ;
#6302 = FACE_BOUND ( 'NONE', #5320, .T. ) ;
#6303 = ORIENTED_EDGE ( 'NONE', *, *, #5952, .T. ) ;
#6304 = VECTOR ( 'NONE', #2279, 1000.000000000000000 ) ;
#6305 = ORIENTED_EDGE ( 'NONE', *, *, #4367, .T. ) ;
#6306 = DIRECTION ( 'NONE',  ( -0.3645726552835140688, 0.000000000000000000, 0.9311749454423309258 ) ) ;
#6307 = FACE_OUTER_BOUND ( 'NONE', #5607, .T. ) ;
#6308 = ORIENTED_EDGE ( 'NONE', *, *, #408, .T. ) ;
#6309 = EDGE_CURVE ( 'NONE', #613, #1891, #45, .T. ) ;
#6310 = LINE ( 'NONE', #4737, #1081 ) ;
#6311 = CARTESIAN_POINT ( 'NONE',  ( -18.54999999999999005, 4.000000000000000000, -14.55000000000001492 ) ) ;
#6312 = ORIENTED_EDGE ( 'NONE', *, *, #4898, .F. ) ;
#6313 = VERTEX_POINT ( 'NONE', #6819 ) ;
#6314 = CARTESIAN_POINT ( 'NONE',  ( -7.933780438605799290, 0.000000000000000000, -37.32550233345746449 ) ) ;
#6315 = ORIENTED_EDGE ( 'NONE', *, *, #3605, .T. ) ;
#6316 =( NAMED_UNIT ( * ) PLANE_ANGLE_UNIT ( ) SI_UNIT ( $, .RADIAN. ) );
#6317 = ADVANCED_FACE ( 'NONE', ( #6293 ), #2485, .F. ) ;
#6318 = CIRCLE ( 'NONE', #4082, 0.5000000000000004441 ) ;
#6319 = FACE_OUTER_BOUND ( 'NONE', #2490, .T. ) ;
#6320 = CARTESIAN_POINT ( 'NONE',  ( 33.05000000000001137, 4.000000000000000000, 24.04999999999998650 ) ) ;
#6321 = DIRECTION ( 'NONE',  ( 0.000000000000000000, 1.000000000000000000, 0.000000000000000000 ) ) ;
#6322 = FACE_OUTER_BOUND ( 'NONE', #1445, .T. ) ;
#6323 = CARTESIAN_POINT ( 'NONE',  ( -23.79090670959995535, 0.000000000000000000, -18.45952300626248999 ) ) ;
#6324 = DIRECTION ( 'NONE',  ( 0.000000000000000000, 0.000000000000000000, -1.000000000000000000 ) ) ;
#6325 = DIRECTION ( 'NONE',  ( -1.000000000000000000, 0.000000000000000000, 0.000000000000000000 ) ) ;
#6326 = VERTEX_POINT ( 'NONE', #6260 ) ;
#6327 = EDGE_LOOP ( 'NONE', ( #580, #6511, #4030, #2822 ) ) ;
#6328 = DIRECTION ( 'NONE',  ( -0.000000000000000000, 1.000000000000000000, -0.000000000000000000 ) ) ;
#6329 = CARTESIAN_POINT ( 'NONE',  ( 28.87500000000000711, 4.000000000000000000, -46.10982755730143623 ) ) ;
#6330 = ORIENTED_EDGE ( 'NONE', *, *, #4466, .F. ) ;
#6331 = FACE_BOUND ( 'NONE', #741, .T. ) ;
#6332 = ORIENTED_EDGE ( 'NONE', *, *, #5684, .F. ) ;
#6333 = ADVANCED_FACE ( 'NONE', ( #4650 ), #3108, .T. ) ;
#6334 = EDGE_CURVE ( 'NONE', #4868, #3320, #2369, .T. ) ;
#6335 = ORIENTED_EDGE ( 'NONE', *, *, #5988, .T. ) ;
#6336 = DIRECTION ( 'NONE',  ( -0.000000000000000000, 1.000000000000000000, -0.000000000000000000 ) ) ;
#6337 = ORIENTED_EDGE ( 'NONE', *, *, #878, .T. ) ;
#6338 = FACE_OUTER_BOUND ( 'NONE', #1927, .T. ) ;
#6339 = ORIENTED_EDGE ( 'NONE', *, *, #6309, .F. ) ;
#6340 = LINE ( 'NONE', #1037, #2638 ) ;
#6341 = CARTESIAN_POINT ( 'NONE',  ( 20.05000000000001137, -15.00000000000000355, 29.09999999999998721 ) ) ;
#6342 = VERTEX_POINT ( 'NONE', #3531 ) ;
#6343 = AXIS2_PLACEMENT_3D ( 'NONE', #5383, #3845, #4302 ) ;
#6344 = EDGE_LOOP ( 'NONE', ( #287, #3334, #4916, #2056 ) ) ;
#6345 = CARTESIAN_POINT ( 'NONE',  ( -36.36700498121759750, 4.000000000000000000, 9.759851914714644749 ) ) ;
#6346 = ORIENTED_EDGE ( 'NONE', *, *, #4660, .T. ) ;
#6347 = CIRCLE ( 'NONE', #557, 0.5000000000000004441 ) ;
#6348 = VECTOR ( 'NONE', #3393, 1000.000000000000000 ) ;
#6349 = DIRECTION ( 'NONE',  ( 0.000000000000000000, 0.000000000000000000, 1.000000000000000000 ) ) ;
#6350 = LINE ( 'NONE', #388, #4053 ) ;
#6351 = DIRECTION ( 'NONE',  ( -0.000000000000000000, 1.000000000000000000, -0.000000000000000000 ) ) ;
#6352 = VECTOR ( 'NONE', #103, 1000.000000000000000 ) ;
#6353 = EDGE_CURVE ( 'NONE', #5276, #1197, #2045, .T. ) ;
#6354 = AXIS2_PLACEMENT_3D ( 'NONE', #5762, #3102, #2061 ) ;
#6355 = EDGE_CURVE ( 'NONE', #1671, #2921, #1816, .T. ) ;
#6356 = CARTESIAN_POINT ( 'NONE',  ( -32.75000000000000000, 4.000000000000000000, 44.50000000000000000 ) ) ;
#6357 = DIRECTION ( 'NONE',  ( -0.000000000000000000, 1.000000000000000000, -0.000000000000000000 ) ) ;
#6358 = DIRECTION ( 'NONE',  ( -0.000000000000000000, -1.000000000000000000, -0.000000000000000000 ) ) ;
#6359 = CARTESIAN_POINT ( 'NONE',  ( 33.55000000000001137, -15.00000000000000355, 0.000000000000000000 ) ) ;
#6360 = VERTEX_POINT ( 'NONE', #3252 ) ;
#6361 = AXIS2_PLACEMENT_3D ( 'NONE', #992, #473, #2077 ) ;
#6362 = ORIENTED_EDGE ( 'NONE', *, *, #1789, .T. ) ;
#6363 = CARTESIAN_POINT ( 'NONE',  ( 1.000000000000011324, -15.00000000000000355, -14.55000000000001492 ) ) ;
#6364 = DIRECTION ( 'NONE',  ( -1.000000000000000000, 0.000000000000000000, 0.000000000000000000 ) ) ;
#6365 = CIRCLE ( 'NONE', #3910, 0.9999999999999974465 ) ;
#6366 = ORIENTED_EDGE ( 'NONE', *, *, #6460, .T. ) ;
#6367 = DIRECTION ( 'NONE',  ( 0.000000000000000000, 0.000000000000000000, 1.000000000000000000 ) ) ;
#6368 = ORIENTED_EDGE ( 'NONE', *, *, #4862, .F. ) ;
#6369 = ORIENTED_EDGE ( 'NONE', *, *, #5928, .F. ) ;
#6370 = DIRECTION ( 'NONE',  ( -0.9781476007338215650, 0.000000000000000000, 0.2079116908176844580 ) ) ;
#6371 = EDGE_LOOP ( 'NONE', ( #3007, #5917, #1591, #3795 ) ) ;
#6372 = CARTESIAN_POINT ( 'NONE',  ( -32.75000000000000000, 4.000000000000000000, -42.24999999999999289 ) ) ;
#6373 = VERTEX_POINT ( 'NONE', #5345 ) ;
#6374 = DIRECTION ( 'NONE',  ( -0.000000000000000000, 1.000000000000000000, -0.000000000000000000 ) ) ;
#6375 = FACE_OUTER_BOUND ( 'NONE', #6681, .T. ) ;
#6376 = ADVANCED_FACE ( 'NONE', ( #2624 ), #6851, .T. ) ;
#6377 = EDGE_LOOP ( 'NONE', ( #187, #6464, #4695, #4449 ) ) ;
#6378 = EDGE_CURVE ( 'NONE', #1635, #3641, #3709, .T. ) ;
#6379 = EDGE_CURVE ( 'NONE', #3225, #745, #3269, .T. ) ;
#6380 = ORIENTED_EDGE ( 'NONE', *, *, #6742, .F. ) ;
#6381 = DIRECTION ( 'NONE',  ( 0.8660254037844388186, 0.000000000000000000, -0.4999999999999996669 ) ) ;
#6382 = ORIENTED_EDGE ( 'NONE', *, *, #2695, .F. ) ;
#6383 = CARTESIAN_POINT ( 'NONE',  ( 0.000000000000000000, 4.000000000000000000, -9.000000000000007105 ) ) ;
#6384 = CARTESIAN_POINT ( 'NONE',  ( -18.75250000000000838, -15.00000000000000355, -44.72750000000000625 ) ) ;
#6385 = CARTESIAN_POINT ( 'NONE',  ( 33.55000000000001137, 4.000000000000000000, -14.55000000000001492 ) ) ;
#6386 = EDGE_CURVE ( 'NONE', #6266, #3827, #1542, .T. ) ;
#6387 = FACE_OUTER_BOUND ( 'NONE', #2737, .T. ) ;
#6388 = VECTOR ( 'NONE', #3382, 1000.000000000000000 ) ;
#6389 = CARTESIAN_POINT ( 'NONE',  ( -36.15909329039983078, -15.00000000000000355, 37.11401711349386545 ) ) ;
#6390 = AXIS2_PLACEMENT_3D ( 'NONE', #4122, #5792, #528 ) ;
#6391 = DIRECTION ( 'NONE',  ( 0.000000000000000000, 0.000000000000000000, 1.000000000000000000 ) ) ;
#6392 = DIRECTION ( 'NONE',  ( 0.000000000000000000, 1.000000000000000000, 0.000000000000000000 ) ) ;
#6393 = CARTESIAN_POINT ( 'NONE',  ( -18.54999999999999005, -15.00000000000000355, -14.55000000000001492 ) ) ;
#6394 = DIRECTION ( 'NONE',  ( -1.000000000000000000, 0.000000000000000000, 0.000000000000000000 ) ) ;
#6395 = ORIENTED_EDGE ( 'NONE', *, *, #1646, .F. ) ;
#6396 = VERTEX_POINT ( 'NONE', #5410 ) ;
#6397 = CARTESIAN_POINT ( 'NONE',  ( 33.55000000000001137, -15.00000000000000355, 0.000000000000000000 ) ) ;
#6398 = ORIENTED_EDGE ( 'NONE', *, *, #3209, .T. ) ;
#6399 = CARTESIAN_POINT ( 'NONE',  ( -33.76267115700605359, 0.000000000000000000, -11.58002825076559361 ) ) ;
#6400 = EDGE_LOOP ( 'NONE', ( #2158, #5627, #4894, #931, #2775, #4602, #4807 ) ) ;
#6401 = ORIENTED_EDGE ( 'NONE', *, *, #6806, .T. ) ;
#6402 = DIRECTION ( 'NONE',  ( 0.000000000000000000, 0.000000000000000000, 1.000000000000000000 ) ) ;
#6403 = VERTEX_POINT ( 'NONE', #569 ) ;
#6404 = CARTESIAN_POINT ( 'NONE',  ( 19.55000000000001137, 4.000000000000000000, 42.59999999999998721 ) ) ;
#6405 = ORIENTED_EDGE ( 'NONE', *, *, #5575, .T. ) ;
#6406 = DIRECTION ( 'NONE',  ( 0.000000000000000000, -0.000000000000000000, 1.000000000000000000 ) ) ;
#6407 = PLANE ( 'NONE',  #5987 ) ;
#6408 = AXIS2_PLACEMENT_3D ( 'NONE', #203, #1246, #1804 ) ;
#6409 = ADVANCED_FACE ( 'NONE', ( #1023 ), #2693, .F. ) ;
#6410 = ORIENTED_EDGE ( 'NONE', *, *, #18, .T. ) ;
#6411 = ADVANCED_FACE ( 'NONE', ( #5942 ), #500, .F. ) ;
#6412 = ORIENTED_EDGE ( 'NONE', *, *, #662, .T. ) ;
#6413 = DIRECTION ( 'NONE',  ( -0.000000000000000000, 1.000000000000000000, -0.000000000000000000 ) ) ;
#6414 = EDGE_LOOP ( 'NONE', ( #5318, #3715, #6595, #3868 ) ) ;
#6415 = CARTESIAN_POINT ( 'NONE',  ( -23.79090670959995535, -15.00000000000000355, -18.45952300626248999 ) ) ;
#6416 = CIRCLE ( 'NONE', #6520, 2.250000000000001776 ) ;
#6417 = DIRECTION ( 'NONE',  ( -1.000000000000000000, 0.000000000000000000, 0.000000000000000000 ) ) ;
#6418 = LINE ( 'NONE', #2263, #4936 ) ;
#6419 = DIRECTION ( 'NONE',  ( 1.000000000000000000, 0.000000000000000000, -0.000000000000000000 ) ) ;
#6420 = AXIS2_PLACEMENT_3D ( 'NONE', #4586, #6192, #1055 ) ;
#6421 = PLANE ( 'NONE',  #6579 ) ;
#6422 = DIRECTION ( 'NONE',  ( -1.000000000000000000, 0.000000000000000000, 0.000000000000000000 ) ) ;
#6423 = DIRECTION ( 'NONE',  ( -0.000000000000000000, 1.000000000000000000, -0.000000000000000000 ) ) ;
#6424 = DIRECTION ( 'NONE',  ( -0.000000000000000000, 1.000000000000000000, -0.000000000000000000 ) ) ;
#6425 = LINE ( 'NONE', #6881, #256 ) ;
#6426 = ORIENTED_EDGE ( 'NONE', *, *, #916, .T. ) ;
#6427 = LINE ( 'NONE', #5444, #5443 ) ;
#6428 = EDGE_CURVE ( 'NONE', #104, #4868, #6425, .T. ) ;
#6429 = ORIENTED_EDGE ( 'NONE', *, *, #4797, .F. ) ;
#6430 = CIRCLE ( 'NONE', #3650, 0.5000000000000004441 ) ;
#6431 = DIRECTION ( 'NONE',  ( -0.000000000000000000, 1.000000000000000000, -0.000000000000000000 ) ) ;
#6432 = ORIENTED_EDGE ( 'NONE', *, *, #4624, .F. ) ;
#6433 = ORIENTED_EDGE ( 'NONE', *, *, #2852, .T. ) ;
#6434 = CARTESIAN_POINT ( 'NONE',  ( 0.000000000000000000, 0.000000000000000000, 4.999999999999990230 ) ) ;
#6435 = ORIENTED_EDGE ( 'NONE', *, *, #1574, .T. ) ;
#6436 = CARTESIAN_POINT ( 'NONE',  ( 33.05000000000001137, 0.000000000000000000, 29.09999999999998721 ) ) ;
#6437 = VECTOR ( 'NONE', #330, 1000.000000000000000 ) ;
#6438 = EDGE_LOOP ( 'NONE', ( #677, #6230, #2834, #6833 ) ) ;
#6439 = DIRECTION ( 'NONE',  ( 0.000000000000000000, 0.000000000000000000, 1.000000000000000000 ) ) ;
#6440 = CARTESIAN_POINT ( 'NONE',  ( -25.08061036275547195, 4.000000000000000000, -8.180836753415702489 ) ) ;
#6441 = ADVANCED_FACE ( 'NONE', ( #2102 ), #1095, .F. ) ;
#6442 = VERTEX_POINT ( 'NONE', #5907 ) ;
#6443 = ORIENTED_EDGE ( 'NONE', *, *, #4560, .T. ) ;
#6444 = DIRECTION ( 'NONE',  ( 0.2079116908177514877, 0.000000000000000000, 0.9781476007338073542 ) ) ;
#6445 = VERTEX_POINT ( 'NONE', #4227 ) ;
#6446 = DIRECTION ( 'NONE',  ( 0.000000000000000000, 0.000000000000000000, 1.000000000000000000 ) ) ;
#6447 = DIRECTION ( 'NONE',  ( 0.000000000000000000, 0.000000000000000000, 1.000000000000000000 ) ) ;
#6448 = FACE_OUTER_BOUND ( 'NONE', #3617, .T. ) ;
#6449 = VECTOR ( 'NONE', #3254, 1000.000000000000000 ) ;
#6450 = AXIS2_PLACEMENT_3D ( 'NONE', #1845, #3342, #3409 ) ;
#6451 = DIRECTION ( 'NONE',  ( -0.000000000000000000, 1.000000000000000000, -0.000000000000000000 ) ) ;
#6452 = ADVANCED_FACE ( 'NONE', ( #3181 ), #51, .T. ) ;
#6453 = CARTESIAN_POINT ( 'NONE',  ( -5.049999999999991829, 0.000000000000000000, -9.000000000000007105 ) ) ;
#6454 = AXIS2_PLACEMENT_3D ( 'NONE', #3582, #6167, #6759 ) ;
#6455 = CARTESIAN_POINT ( 'NONE',  ( -35.05841875773188576, -15.00000000000000355, 16.36259163743765299 ) ) ;
#6456 = CARTESIAN_POINT ( 'NONE',  ( -18.54999999999999005, 0.000000000000000000, 4.499999999999990230 ) ) ;
#6457 = DIRECTION ( 'NONE',  ( 0.000000000000000000, 0.000000000000000000, 1.000000000000000000 ) ) ;
#6458 = EDGE_CURVE ( 'NONE', #6221, #3147, #5160, .T. ) ;
#6459 = VECTOR ( 'NONE', #6655, 1000.000000000000227 ) ;
#6460 = EDGE_CURVE ( 'NONE', #68, #6245, #2657, .T. ) ;
#6461 = EDGE_LOOP ( 'NONE', ( #5595, #28, #6782, #868, #896, #3629, #5661, #1597 ) ) ;
#6462 = EDGE_CURVE ( 'NONE', #1262, #2707, #5379, .T. ) ;
#6463 = CARTESIAN_POINT ( 'NONE',  ( 14.00000000000001243, 0.000000000000000000, -14.55000000000001492 ) ) ;
#6464 = ORIENTED_EDGE ( 'NONE', *, *, #3210, .T. ) ;
#6465 = AXIS2_PLACEMENT_3D ( 'NONE', #1641, #6417, #1536 ) ;
#6466 = DIRECTION ( 'NONE',  ( 0.000000000000000000, 0.000000000000000000, 1.000000000000000000 ) ) ;
#6467 = EDGE_LOOP ( 'NONE', ( #3100, #6508, #4775, #1046 ) ) ;
#6468 = AXIS2_PLACEMENT_3D ( 'NONE', #2109, #2767, #6466 ) ;
#6469 = CARTESIAN_POINT ( 'NONE',  ( 0.5000000000000108802, 4.000000000000000000, -27.55000000000001137 ) ) ;
#6470 = ORIENTED_EDGE ( 'NONE', *, *, #4324, .T. ) ;
#6471 = CIRCLE ( 'NONE', #5468, 0.5000000000000004441 ) ;
#6472 = CARTESIAN_POINT ( 'NONE',  ( 0.000000000000000000, 4.000000000000000000, 29.09999999999998721 ) ) ;
#6473 = FACE_OUTER_BOUND ( 'NONE', #2679, .T. ) ;
#6474 = DIRECTION ( 'NONE',  ( 0.9781476007338072431, 0.000000000000000000, -0.2079116908177515433 ) ) ;
#6475 = VERTEX_POINT ( 'NONE', #86 ) ;
#6476 = AXIS2_PLACEMENT_3D ( 'NONE', #4498, #2401, #280 ) ;
#6477 = EDGE_CURVE ( 'NONE', #6559, #1390, #4604, .T. ) ;
#6478 = VERTEX_POINT ( 'NONE', #4858 ) ;
#6479 = CARTESIAN_POINT ( 'NONE',  ( 19.55000000000001137, -15.00000000000000355, 42.59999999999998721 ) ) ;
#6480 = ORIENTED_EDGE ( 'NONE', *, *, #1512, .F. ) ;
#6481 = DIRECTION ( 'NONE',  ( 0.000000000000000000, 0.000000000000000000, 1.000000000000000000 ) ) ;
#6482 = DIRECTION ( 'NONE',  ( 0.3645726552835139023, 0.000000000000000000, -0.9311749454423310368 ) ) ;
#6483 = DIRECTION ( 'NONE',  ( 0.000000000000000000, 0.000000000000000000, 1.000000000000000000 ) ) ;
#6484 = AXIS2_PLACEMENT_3D ( 'NONE', #2545, #4114, #5616 ) ;
#6485 = CYLINDRICAL_SURFACE ( 'NONE', #4338, 0.5000000000000004441 ) ;
#6486 = LINE ( 'NONE', #1125, #5029 ) ;
#6487 = CARTESIAN_POINT ( 'NONE',  ( -24.89158124226813129, -15.00000000000000355, 29.66792006783741797 ) ) ;
#6488 = CARTESIAN_POINT ( 'NONE',  ( -36.15909329039983788, 0.000000000000000000, 9.737999515448448662 ) ) ;
#6489 = PLANE ( 'NONE',  #2627 ) ;
#6490 = CARTESIAN_POINT ( 'NONE',  ( -23.58299501878243376, 0.000000000000000000, -17.48137540552943392 ) ) ;
#6491 = EDGE_CURVE ( 'NONE', #6396, #3290, #3717, .T. ) ;
#6492 = VECTOR ( 'NONE', #3266, 1000.000000000000000 ) ;
#6493 = ORIENTED_EDGE ( 'NONE', *, *, #3493, .T. ) ;
#6494 = VECTOR ( 'NONE', #4682, 1000.000000000000000 ) ;
#6495 = DIRECTION ( 'NONE',  ( 0.000000000000000000, 0.000000000000000000, 1.000000000000000000 ) ) ;
#6496 = ORIENTED_EDGE ( 'NONE', *, *, #5203, .F. ) ;
#6497 = CARTESIAN_POINT ( 'NONE',  ( 25.37500000000000711, 4.000000000000000000, -38.31559892324149530 ) ) ;
#6498 = EDGE_CURVE ( 'NONE', #1967, #2527, #4484, .T. ) ;
#6499 = AXIS2_PLACEMENT_3D ( 'NONE', #4570, #5064, #6662 ) ;
#6500 = VERTEX_POINT ( 'NONE', #3976 ) ;
#6501 = VECTOR ( 'NONE', #5016, 1000.000000000000000 ) ;
#6502 = DIRECTION ( 'NONE',  ( 0.000000000000000000, 0.000000000000000000, 1.000000000000000000 ) ) ;
#6503 = ORIENTED_EDGE ( 'NONE', *, *, #4549, .T. ) ;
#6504 = DIRECTION ( 'NONE',  ( -0.000000000000000000, 1.000000000000000000, -0.000000000000000000 ) ) ;
#6505 = DIRECTION ( 'NONE',  ( 0.000000000000000000, 0.000000000000000000, 1.000000000000000000 ) ) ;
#6506 = CARTESIAN_POINT ( 'NONE',  ( 19.55000000000001137, 0.000000000000000000, 42.59999999999998721 ) ) ;
#6507 = ORIENTED_EDGE ( 'NONE', *, *, #4341, .T. ) ;
#6508 = ORIENTED_EDGE ( 'NONE', *, *, #4160, .T. ) ;
#6509 = EDGE_CURVE ( 'NONE', #3304, #5707, #5045, .T. ) ;
#6510 = CARTESIAN_POINT ( 'NONE',  ( -35.05841875773188576, -15.00000000000000355, 30.05060043646134105 ) ) ;
#6511 = ORIENTED_EDGE ( 'NONE', *, *, #1099, .F. ) ;
#6512 = AXIS2_PLACEMENT_3D ( 'NONE', #3482, #309, #6136 ) ;
#6513 = LINE ( 'NONE', #1182, #3754 ) ;
#6514 = CARTESIAN_POINT ( 'NONE',  ( -32.75000000000000000, 4.000000000000000000, -44.50000000000000000 ) ) ;
#6515 = EDGE_CURVE ( 'NONE', #6791, #1473, #3943, .T. ) ;
#6516 = DIRECTION ( 'NONE',  ( 0.000000000000000000, -0.000000000000000000, 1.000000000000000000 ) ) ;
#6517 = DIRECTION ( 'NONE',  ( 0.000000000000000000, 0.000000000000000000, 1.000000000000000000 ) ) ;
#6518 = ORIENTED_EDGE ( 'NONE', *, *, #4131, .F. ) ;
#6519 = EDGE_CURVE ( 'NONE', #1549, #4102, #5945, .T. ) ;
#6520 = AXIS2_PLACEMENT_3D ( 'NONE', #606, #2762, #13 ) ;
#6521 = LINE ( 'NONE', #6389, #3693 ) ;
#6522 = DIRECTION ( 'NONE',  ( 0.000000000000000000, 0.000000000000000000, 1.000000000000000000 ) ) ;
#6523 = DIRECTION ( 'NONE',  ( 0.000000000000000000, 0.000000000000000000, 1.000000000000000000 ) ) ;
#6524 = FACE_OUTER_BOUND ( 'NONE', #6747, .T. ) ;
#6525 = DIRECTION ( 'NONE',  ( -0.000000000000000000, 1.000000000000000000, -0.000000000000000000 ) ) ;
#6526 = VECTOR ( 'NONE', #4261, 1000.000000000000000 ) ;
#6527 = CIRCLE ( 'NONE', #3523, 0.9999999999999940048 ) ;
#6528 = VERTEX_POINT ( 'NONE', #116 ) ;
#6529 = AXIS2_PLACEMENT_3D ( 'NONE', #5890, #1173, #2219 ) ;
#6530 = CARTESIAN_POINT ( 'NONE',  ( -5.049999999999991829, 4.000000000000000000, -27.55000000000001137 ) ) ;
#6531 = VERTEX_POINT ( 'NONE', #2238 ) ;
#6532 = CARTESIAN_POINT ( 'NONE',  ( 0.000000000000000000, 0.000000000000000000, -33.56750000000000256 ) ) ;
#6533 = ORIENTED_EDGE ( 'NONE', *, *, #6220, .F. ) ;
#6534 = CARTESIAN_POINT ( 'NONE',  ( -4.549999999999991829, -15.00000000000000355, 23.54999999999998650 ) ) ;
#6535 = DIRECTION ( 'NONE',  ( 0.000000000000000000, 1.000000000000000000, 0.000000000000000000 ) ) ;
#6536 = LINE ( 'NONE', #3361, #5581 ) ;
#6537 = ADVANCED_FACE ( 'NONE', ( #735 ), #5586, .F. ) ;
#6538 = FACE_OUTER_BOUND ( 'NONE', #6467, .T. ) ;
#6539 = VERTEX_POINT ( 'NONE', #1851 ) ;
#6540 = EDGE_CURVE ( 'NONE', #6859, #1390, #5974, .T. ) ;
#6541 = ADVANCED_FACE ( 'NONE', ( #4432 ), #4464, .F. ) ;
#6542 = ORIENTED_EDGE ( 'NONE', *, *, #310, .T. ) ;
#6543 = FACE_OUTER_BOUND ( 'NONE', #2646, .T. ) ;
#6544 = ORIENTED_EDGE ( 'NONE', *, *, #1604, .F. ) ;
#6545 = DIRECTION ( 'NONE',  ( 1.000000000000000000, -0.000000000000000000, 0.000000000000000000 ) ) ;
#6546 = PLANE ( 'NONE',  #644 ) ;
#6547 = DIRECTION ( 'NONE',  ( -0.000000000000000000, 1.000000000000000000, -0.000000000000000000 ) ) ;
#6548 = CARTESIAN_POINT ( 'NONE',  ( -18.04999999999999005, -15.00000000000000355, 29.59999999999998721 ) ) ;
#6549 = DIRECTION ( 'NONE',  ( -0.000000000000000000, 1.000000000000000000, -0.000000000000000000 ) ) ;
#6550 = VERTEX_POINT ( 'NONE', #1291 ) ;
#6551 = FACE_OUTER_BOUND ( 'NONE', #828, .T. ) ;
#6552 = DIRECTION ( 'NONE',  ( -0.3645726552835139023, 0.000000000000000000, 0.9311749454423310368 ) ) ;
#6553 = CARTESIAN_POINT ( 'NONE',  ( 33.87499999999999289, -15.00000000000000355, -43.80042648054294574 ) ) ;
#6554 = DIRECTION ( 'NONE',  ( -0.000000000000000000, 1.000000000000000000, -0.000000000000000000 ) ) ;
#6555 = DIRECTION ( 'NONE',  ( 0.3645726552835132916, 0.000000000000000000, -0.9311749454423313699 ) ) ;
#6556 = AXIS2_PLACEMENT_3D ( 'NONE', #118, #2211, #573 ) ;
#6557 = AXIS2_PLACEMENT_3D ( 'NONE', #5577, #1220, #2853 ) ;
#6558 = EDGE_CURVE ( 'NONE', #6442, #5041, #1259, .T. ) ;
#6559 = VERTEX_POINT ( 'NONE', #2828 ) ;
#6560 = AXIS2_PLACEMENT_3D ( 'NONE', #6895, #6861, #1590 ) ;
#6561 = VERTEX_POINT ( 'NONE', #1327 ) ;
#6562 = CARTESIAN_POINT ( 'NONE',  ( 33.05000000000001137, 4.000000000000000000, 4.999999999999990230 ) ) ;
#6563 = ORIENTED_EDGE ( 'NONE', *, *, #4772, .T. ) ;
#6564 = VECTOR ( 'NONE', #6236, 1000.000000000000114 ) ;
#6565 = CARTESIAN_POINT ( 'NONE',  ( -23.79090670959995180, -15.00000000000000355, -4.771514207239781591 ) ) ;
#6566 = ORIENTED_EDGE ( 'NONE', *, *, #788, .T. ) ;
#6567 = DIRECTION ( 'NONE',  ( -0.000000000000000000, 1.000000000000000000, -0.000000000000000000 ) ) ;
#6568 = AXIS2_PLACEMENT_3D ( 'NONE', #4154, #5233, #2548 ) ;
#6569 = DIRECTION ( 'NONE',  ( 0.000000000000000000, 0.000000000000000000, 1.000000000000000000 ) ) ;
#6570 = CARTESIAN_POINT ( 'NONE',  ( -32.75000000000000000, 4.000000000000000000, -46.75000000000000000 ) ) ;
#6571 = DIRECTION ( 'NONE',  ( -1.000000000000000000, 0.000000000000000000, 0.000000000000000000 ) ) ;
#6572 = ORIENTED_EDGE ( 'NONE', *, *, #4004, .F. ) ;
#6573 = AXIS2_PLACEMENT_3D ( 'NONE', #5882, #6431, #507 ) ;
#6574 = ORIENTED_EDGE ( 'NONE', *, *, #1439, .T. ) ;
#6575 = DIRECTION ( 'NONE',  ( 1.000000000000000000, 0.000000000000000000, 0.000000000000000000 ) ) ;
#6576 = ORIENTED_EDGE ( 'NONE', *, *, #425, .F. ) ;
#6577 = ADVANCED_FACE ( 'NONE', ( #2893 ), #4504, .F. ) ;
#6578 = EDGE_CURVE ( 'NONE', #6857, #2194, #3452, .T. ) ;
#6579 = AXIS2_PLACEMENT_3D ( 'NONE', #46, #4295, #1647 ) ;
#6580 = DIRECTION ( 'NONE',  ( 0.000000000000000000, 0.000000000000000000, -1.000000000000000000 ) ) ;
#6581 = CARTESIAN_POINT ( 'NONE',  ( -36.36700498121759750, 4.000000000000000000, -17.61616568333077382 ) ) ;
#6582 = EDGE_CURVE ( 'NONE', #4859, #6209, #4887, .T. ) ;
#6583 = CARTESIAN_POINT ( 'NONE',  ( 14.50000000000001243, -15.00000000000000355, -14.55000000000001492 ) ) ;
#6584 = EDGE_CURVE ( 'NONE', #4620, #4351, #6166, .T. ) ;
#6585 = CARTESIAN_POINT ( 'NONE',  ( -24.89158124226813840, -15.00000000000000355, -25.08411512825341916 ) ) ;
#6586 = ORIENTED_EDGE ( 'NONE', *, *, #5096, .T. ) ;
#6587 = ADVANCED_FACE ( 'NONE', ( #3874 ), #4922, .F. ) ;
#6588 = FACE_OUTER_BOUND ( 'NONE', #5185, .T. ) ;
#6589 = FACE_OUTER_BOUND ( 'NONE', #5820, .T. ) ;
#6590 = CYLINDRICAL_SURFACE ( 'NONE', #491, 1.000000000000007772 ) ;
#6591 = CARTESIAN_POINT ( 'NONE',  ( 3.201049060006632363, 0.000000000000000000, 15.05975178962546046 ) ) ;
#6592 = DIRECTION ( 'NONE',  ( -0.000000000000000000, 1.000000000000000000, -0.000000000000000000 ) ) ;
#6593 = AXIS2_PLACEMENT_3D ( 'NONE', #6763, #6727, #830 ) ;
#6594 = ORIENTED_EDGE ( 'NONE', *, *, #73, .T. ) ;
#6595 = ORIENTED_EDGE ( 'NONE', *, *, #5395, .F. ) ;
#6596 = CARTESIAN_POINT ( 'NONE',  ( 33.05000000000001137, -15.00000000000000355, 24.04999999999998650 ) ) ;
#6597 = VECTOR ( 'NONE', #4177, 1000.000000000000000 ) ;
#6598 = ORIENTED_EDGE ( 'NONE', *, *, #6386, .F. ) ;
#6599 = AXIS2_PLACEMENT_3D ( 'NONE', #6781, #1509, #986 ) ;
#6600 = CARTESIAN_POINT ( 'NONE',  ( -35.05841875773189287, 4.000000000000000000, 2.674582838415921593 ) ) ;
#6601 = EDGE_LOOP ( 'NONE', ( #4664, #4308, #6382, #1633 ) ) ;
#6602 = CARTESIAN_POINT ( 'NONE',  ( -33.76267115700603938, -15.00000000000000355, 15.79598934727884085 ) ) ;
#6603 = AXIS2_PLACEMENT_3D ( 'NONE', #4609, #6741, #1962 ) ;
#6604 = ORIENTED_EDGE ( 'NONE', *, *, #666, .F. ) ;
#6605 = LINE ( 'NONE', #2808, #2299 ) ;
#6606 = LINE ( 'NONE', #4901, #2796 ) ;
#6607 = VECTOR ( 'NONE', #41, 1000.000000000000000 ) ;
#6608 = DIRECTION ( 'NONE',  ( 1.000000000000000000, 0.000000000000000000, -0.000000000000000000 ) ) ;
#6609 = ORIENTED_EDGE ( 'NONE', *, *, #2675, .F. ) ;
#6610 = ORIENTED_EDGE ( 'NONE', *, *, #3391, .F. ) ;
#6611 = VECTOR ( 'NONE', #2172, 999.9999999999998863 ) ;
#6612 = CARTESIAN_POINT ( 'NONE',  ( -24.89158124226813840, 0.000000000000000000, -25.08411512825341916 ) ) ;
#6613 = CIRCLE ( 'NONE', #382, 0.5000000000000004441 ) ;
#6614 = DIRECTION ( 'NONE',  ( -0.9311749454423310368, 0.000000000000000000, -0.3645726552835139023 ) ) ;
#6615 = ORIENTED_EDGE ( 'NONE', *, *, #2803, .F. ) ;
#6616 = ADVANCED_FACE ( 'NONE', ( #4396 ), #2859, .F. ) ;
#6617 = DIRECTION ( 'NONE',  ( -0.000000000000000000, 1.000000000000000000, -0.000000000000000000 ) ) ;
#6618 = DIRECTION ( 'NONE',  ( 0.000000000000000000, 0.000000000000000000, 1.000000000000000000 ) ) ;
#6619 = FACE_OUTER_BOUND ( 'NONE', #3364, .T. ) ;
#6620 = ORIENTED_EDGE ( 'NONE', *, *, #915, .F. ) ;
#6621 = DIRECTION ( 'NONE',  ( 0.000000000000000000, 0.000000000000000000, 1.000000000000000000 ) ) ;
#6622 = EDGE_LOOP ( 'NONE', ( #4040, #1103, #3478, #1140 ) ) ;
#6623 = CARTESIAN_POINT ( 'NONE',  ( 29.37500000000000711, 0.000000000000000000, -35.00619784648299770 ) ) ;
#6624 = LINE ( 'NONE', #4501, #9 ) ;
#6625 = DIRECTION ( 'NONE',  ( 0.2079116908177515988, 0.000000000000000000, 0.9781476007338073542 ) ) ;
#6626 = CARTESIAN_POINT ( 'NONE',  ( 33.55000000000001137, -15.00000000000000355, 23.54999999999998650 ) ) ;
#6627 = DIRECTION ( 'NONE',  ( 0.000000000000000000, 0.000000000000000000, 1.000000000000000000 ) ) ;
#6629 = EDGE_CURVE ( 'NONE', #1893, #5548, #213, .T. ) ;
#6628 = CIRCLE ( 'NONE', #1398, 0.9999999999999974465 ) ;
#6630 = VERTEX_POINT ( 'NONE', #2405 ) ;
#6631 = ORIENTED_EDGE ( 'NONE', *, *, #4418, .F. ) ;
#6632 = FACE_OUTER_BOUND ( 'NONE', #2040, .T. ) ;
#6633 = ORIENTED_EDGE ( 'NONE', *, *, #2358, .F. ) ;
#6634 = CYLINDRICAL_SURFACE ( 'NONE', #4003, 2.250000000000001776 ) ;
#6635 = EDGE_LOOP ( 'NONE', ( #3520, #5947, #2741, #1530 ) ) ;
#6636 = EDGE_CURVE ( 'NONE', #5399, #801, #940, .T. ) ;
#6637 = CARTESIAN_POINT ( 'NONE',  ( -36.36700498121759040, 0.000000000000000000, 36.13586951276006687 ) ) ;
#6638 = CIRCLE ( 'NONE', #2850, 0.5000000000000004441 ) ;
#6639 = EDGE_CURVE ( 'NONE', #2379, #524, #6702, .T. ) ;
#6640 = ORIENTED_EDGE ( 'NONE', *, *, #1007, .T. ) ;
#6641 = CARTESIAN_POINT ( 'NONE',  ( -5.049999999999991829, 4.000000000000000000, 24.04999999999998650 ) ) ;
#6642 = LINE ( 'NONE', #5635, #6437 ) ;
#6643 = CARTESIAN_POINT ( 'NONE',  ( 33.87499999999999289, 0.000000000000000000, -37.44957351945705426 ) ) ;
#6644 = VERTEX_POINT ( 'NONE', #2998 ) ;
#6645 = ORIENTED_EDGE ( 'NONE', *, *, #3830, .T. ) ;
#6646 = DIRECTION ( 'NONE',  ( -0.9311749454423309258, 0.000000000000000000, -0.3645726552835140688 ) ) ;
#6647 = LINE ( 'NONE', #2392, #890 ) ;
#6648 = VERTEX_POINT ( 'NONE', #3634 ) ;
#6649 = ADVANCED_FACE ( 'NONE', ( #6815 ), #2030, .F. ) ;
#6650 = CARTESIAN_POINT ( 'NONE',  ( -25.23727132722122590, 0.000000000000000000, 34.79251218982857097 ) ) ;
#6651 = CYLINDRICAL_SURFACE ( 'NONE', #3089, 0.5000000000000004441 ) ;
#6652 = PLANE ( 'NONE',  #941 ) ;
#6653 = AXIS2_PLACEMENT_3D ( 'NONE', #2396, #1282, #4524 ) ;
#6654 = AXIS2_PLACEMENT_3D ( 'NONE', #4770, #3764, #4841 ) ;
#6655 = DIRECTION ( 'NONE',  ( 0.9781476007338071321, 0.000000000000000000, -0.2079116908177520151 ) ) ;
#6656 = CARTESIAN_POINT ( 'NONE',  ( 0.7849165632094114997, 0.000000000000000000, 3.692742096703025112 ) ) ;
#6657 = ORIENTED_EDGE ( 'NONE', *, *, #2865, .T. ) ;
#6658 = CARTESIAN_POINT ( 'NONE',  ( -25.82275618771046410, 4.000000000000000000, 29.30334741255390085 ) ) ;
#6659 = FACE_OUTER_BOUND ( 'NONE', #4771, .T. ) ;
#6660 = CARTESIAN_POINT ( 'NONE',  ( -5.049999999999991829, -15.00000000000000355, 4.999999999999990230 ) ) ;
#6661 = DIRECTION ( 'NONE',  ( 1.000000000000000000, 0.000000000000000000, -0.000000000000000000 ) ) ;
#6662 = DIRECTION ( 'NONE',  ( 0.000000000000000000, 0.000000000000000000, 1.000000000000000000 ) ) ;
#6663 = EDGE_CURVE ( 'NONE', #5417, #3924, #4156, .T. ) ;
#6664 = ORIENTED_EDGE ( 'NONE', *, *, #5848, .T. ) ;
#6665 = ADVANCED_FACE ( 'NONE', ( #1925 ), #4534, .F. ) ;
#6666 = LINE ( 'NONE', #1892, #2598 ) ;
#6667 = ADVANCED_FACE ( 'NONE', ( #4050 ), #5694, .F. ) ;
#6668 = ORIENTED_EDGE ( 'NONE', *, *, #3578, .F. ) ;
#6669 = EDGE_CURVE ( 'NONE', #3161, #4773, #2441, .T. ) ;
#6670 = DIRECTION ( 'NONE',  ( 0.000000000000000000, 0.000000000000000000, 1.000000000000000000 ) ) ;
#6671 = ORIENTED_EDGE ( 'NONE', *, *, #6003, .T. ) ;
#6672 = VECTOR ( 'NONE', #4619, 1000.000000000000000 ) ;
#6673 = LINE ( 'NONE', #3536, #6672 ) ;
#6674 = AXIS2_PLACEMENT_3D ( 'NONE', #6786, #432, #1446 ) ;
#6675 = ORIENTED_EDGE ( 'NONE', *, *, #6582, .F. ) ;
#6676 = LINE ( 'NONE', #2622, #80 ) ;
#6677 = PLANE ( 'NONE',  #4657 ) ;
#6678 = DIRECTION ( 'NONE',  ( -0.000000000000000000, 1.000000000000000000, -0.000000000000000000 ) ) ;
#6679 = VECTOR ( 'NONE', #5263, 1000.000000000000000 ) ;
#6680 = ORIENTED_EDGE ( 'NONE', *, *, #4116, .T. ) ;
#6681 = EDGE_LOOP ( 'NONE', ( #2276, #91, #5623, #6041 ) ) ;
#6682 = VECTOR ( 'NONE', #3594, 1000.000000000000000 ) ;
#6683 = DIRECTION ( 'NONE',  ( 1.000000000000000000, 0.000000000000000000, 0.000000000000000000 ) ) ;
#6684 = CARTESIAN_POINT ( 'NONE',  ( -34.86938963724455931, -15.00000000000000355, 26.83533086064632300 ) ) ;
#6685 = ORIENTED_EDGE ( 'NONE', *, *, #5449, .F. ) ;
#6686 = LINE ( 'NONE', #2916, #81 ) ;
#6687 = PLANE ( 'NONE',  #34 ) ;
#6688 = LINE ( 'NONE', #6026, #1266 ) ;
#6689 = VECTOR ( 'NONE', #1137, 1000.000000000000000 ) ;
#6690 = EDGE_CURVE ( 'NONE', #3538, #6326, #4163, .T. ) ;
#6691 = CARTESIAN_POINT ( 'NONE',  ( -36.15909329039983078, 4.000000000000000000, 23.42600831447017740 ) ) ;
#6692 = ORIENTED_EDGE ( 'NONE', *, *, #847, .F. ) ;
#6693 = DIRECTION ( 'NONE',  ( -0.000000000000000000, 1.000000000000000000, -0.000000000000000000 ) ) ;
#6694 = VECTOR ( 'NONE', #1508, 1000.000000000000000 ) ;
#6695 = ORIENTED_EDGE ( 'NONE', *, *, #3893, .T. ) ;
#6696 = AXIS2_PLACEMENT_3D ( 'NONE', #1673, #5297, #4285 ) ;
#6697 = CIRCLE ( 'NONE', #5249, 0.5000000000000004441 ) ;
#6698 = PLANE ( 'NONE',  #464 ) ;
#6699 = CARTESIAN_POINT ( 'NONE',  ( -18.54999999999999005, -15.00000000000000355, 4.499999999999990230 ) ) ;
#6700 = FACE_BOUND ( 'NONE', #1990, .T. ) ;
#6701 = DIRECTION ( 'NONE',  ( -0.000000000000000000, 1.000000000000000000, -0.000000000000000000 ) ) ;
#6702 = LINE ( 'NONE', #4679, #710 ) ;
#6703 = VECTOR ( 'NONE', #2825, 1000.000000000000000 ) ;
#6704 = ORIENTED_EDGE ( 'NONE', *, *, #579, .F. ) ;
#6705 = VERTEX_POINT ( 'NONE', #2927 ) ;
#6706 = EDGE_CURVE ( 'NONE', #4722, #4654, #2714, .T. ) ;
#6707 = CARTESIAN_POINT ( 'NONE',  ( 1.000000000000011324, 4.000000000000000000, -8.500000000000007105 ) ) ;
#6708 = EDGE_CURVE ( 'NONE', #4210, #2320, #2481, .T. ) ;
#6709 = ORIENTED_EDGE ( 'NONE', *, *, #6140, .T. ) ;
#6710 = CARTESIAN_POINT ( 'NONE',  ( -23.58299501878242665, 0.000000000000000000, 23.58265099153869215 ) ) ;
#6711 = EDGE_LOOP ( 'NONE', ( #2057, #1229, #991, #4133 ) ) ;
#6712 = CARTESIAN_POINT ( 'NONE',  ( 29.87500000000001421, 4.000000000000000000, -35.14017244269856377 ) ) ;
#6713 = AXIS2_PLACEMENT_3D ( 'NONE', #5816, #5290, #5216 ) ;
#6714 = VERTEX_POINT ( 'NONE', #4013 ) ;
#6715 = CARTESIAN_POINT ( 'NONE',  ( -25.23727132722122946, 0.000000000000000000, 7.416494591783163060 ) ) ;
#6716 = LINE ( 'NONE', #4062, #1987 ) ;
#6717 = FACE_BOUND ( 'NONE', #4511, .T. ) ;
#6718 = EDGE_LOOP ( 'NONE', ( #4452, #6470, #5315, #2495 ) ) ;
#6719 = ORIENTED_EDGE ( 'NONE', *, *, #6296, .F. ) ;
#6720 = ADVANCED_FACE ( 'NONE', ( #2965 ), #912, .F. ) ;
#6721 = DIRECTION ( 'NONE',  ( 0.000000000000000000, 0.000000000000000000, 1.000000000000000000 ) ) ;
#6722 = VECTOR ( 'NONE', #1820, 1000.000000000000000 ) ;
#6723 = DIRECTION ( 'NONE',  ( 0.000000000000000000, 0.000000000000000000, 1.000000000000000000 ) ) ;
#6724 = ORIENTED_EDGE ( 'NONE', *, *, #5348, .T. ) ;
#6725 = AXIS2_PLACEMENT_3D ( 'NONE', #2784, #5337, #6447 ) ;
#6726 = CARTESIAN_POINT ( 'NONE',  ( 0.5000000000000108802, 4.000000000000000000, -0.000000000000000000 ) ) ;
#6727 = DIRECTION ( 'NONE',  ( 0.9311749454423310368, 0.000000000000000000, 0.3645726552835139023 ) ) ;
#6728 = VERTEX_POINT ( 'NONE', #875 ) ;
#6729 = DIRECTION ( 'NONE',  ( 0.000000000000000000, 0.000000000000000000, 1.000000000000000000 ) ) ;
#6730 = AXIS2_PLACEMENT_3D ( 'NONE', #3096, #6242, #344 ) ;
#6731 = ADVANCED_FACE ( 'NONE', ( #1397 ), #3034, .F. ) ;
#6732 = ORIENTED_EDGE ( 'NONE', *, *, #983, .T. ) ;
#6733 = ORIENTED_EDGE ( 'NONE', *, *, #6582, .T. ) ;
#6734 = CARTESIAN_POINT ( 'NONE',  ( -34.86938963724455220, -15.00000000000000355, 13.14732206162371320 ) ) ;
#6735 = ORIENTED_EDGE ( 'NONE', *, *, #600, .F. ) ;
#6736 = EDGE_CURVE ( 'NONE', #6360, #3026, #4087, .T. ) ;
#6737 = FACE_OUTER_BOUND ( 'NONE', #1368, .T. ) ;
#6738 = FACE_OUTER_BOUND ( 'NONE', #6635, .T. ) ;
#6739 = DIRECTION ( 'NONE',  ( 0.000000000000000000, -0.000000000000000000, 1.000000000000000000 ) ) ;
#6740 = CARTESIAN_POINT ( 'NONE',  ( -25.82275618771047121, 4.000000000000000000, -11.76067898451422344 ) ) ;
#6741 = DIRECTION ( 'NONE',  ( -0.000000000000000000, 1.000000000000000000, -0.000000000000000000 ) ) ;
#6742 = EDGE_CURVE ( 'NONE', #3792, #438, #4939, .T. ) ;
#6743 = ORIENTED_EDGE ( 'NONE', *, *, #2428, .F. ) ;
#6744 = VECTOR ( 'NONE', #4849, 1000.000000000000000 ) ;
#6745 = CARTESIAN_POINT ( 'NONE',  ( 33.37500000000000000, -15.00000000000000355, -42.93440107675850470 ) ) ;
#6746 = ORIENTED_EDGE ( 'NONE', *, *, #962, .T. ) ;
#6747 = EDGE_LOOP ( 'NONE', ( #474, #5500, #4929, #4963 ) ) ;
#6748 = CARTESIAN_POINT ( 'NONE',  ( -37.29817992665991966, 0.000000000000000000, -18.98073833861428739 ) ) ;
#6749 = ORIENTED_EDGE ( 'NONE', *, *, #1977, .F. ) ;
#6750 = DIRECTION ( 'NONE',  ( -0.000000000000000000, 1.000000000000000000, -0.000000000000000000 ) ) ;
#6751 = VECTOR ( 'NONE', #4569, 999.9999999999998863 ) ;
#6752 = ORIENTED_EDGE ( 'NONE', *, *, #5954, .T. ) ;
#6753 = DIRECTION ( 'NONE',  ( 0.000000000000000000, 0.000000000000000000, 1.000000000000000000 ) ) ;
#6754 = ORIENTED_EDGE ( 'NONE', *, *, #4797, .T. ) ;
#6755 = ORIENTED_EDGE ( 'NONE', *, *, #2363, .F. ) ;
#6756 = DIRECTION ( 'NONE',  ( 1.000000000000000000, 0.000000000000000000, 0.000000000000000000 ) ) ;
#6757 = VECTOR ( 'NONE', #6357, 1000.000000000000000 ) ;
#6758 = VECTOR ( 'NONE', #3093, 1000.000000000000000 ) ;
#6759 = DIRECTION ( 'NONE',  ( 0.000000000000000000, 0.000000000000000000, 1.000000000000000000 ) ) ;
#6760 = VERTEX_POINT ( 'NONE', #4124 ) ;
#6761 = ADVANCED_FACE ( 'NONE', ( #6251 ), #1472, .F. ) ;
#6762 = DIRECTION ( 'NONE',  ( 0.000000000000000000, 0.000000000000000000, 1.000000000000000000 ) ) ;
#6763 = CARTESIAN_POINT ( 'NONE',  ( -24.89158124226813840, -15.00000000000000355, -11.39610632923070810 ) ) ;
#6764 = EDGE_CURVE ( 'NONE', #2527, #270, #4323, .T. ) ;
#6765 = VERTEX_POINT ( 'NONE', #3773 ) ;
#6766 = FACE_OUTER_BOUND ( 'NONE', #5615, .T. ) ;
#6767 = VECTOR ( 'NONE', #2154, 1000.000000000000000 ) ;
#6768 = EDGE_CURVE ( 'NONE', #1893, #1447, #3048, .T. ) ;
#6769 = EDGE_CURVE ( 'NONE', #3856, #4374, #3104, .T. ) ;
#6770 = LINE ( 'NONE', #5190, #1675 ) ;
#6771 = DIRECTION ( 'NONE',  ( 0.000000000000000000, 1.000000000000000000, 0.000000000000000000 ) ) ;
#6772 = EDGE_LOOP ( 'NONE', ( #6640, #6503, #5262, #5576 ) ) ;
#6773 = DIRECTION ( 'NONE',  ( -0.000000000000000000, 1.000000000000000000, -0.000000000000000000 ) ) ;
#6774 = CARTESIAN_POINT ( 'NONE',  ( 19.55000000000001137, 4.000000000000000000, 23.54999999999998650 ) ) ;
#6775 = CARTESIAN_POINT ( 'NONE',  ( -37.29817992665991966, 0.000000000000000000, 8.395279259431131180 ) ) ;
#6776 = DIRECTION ( 'NONE',  ( 0.9311749454423310368, 0.000000000000000000, 0.3645726552835138468 ) ) ;
#6777 = DIRECTION ( 'NONE',  ( 0.000000000000000000, 1.000000000000000000, 0.000000000000000000 ) ) ;
#6778 = CIRCLE ( 'NONE', #1653, 0.5000000000000004441 ) ;
#6779 = EDGE_LOOP ( 'NONE', ( #970, #4139, #57, #6085 ) ) ;
#6780 = EDGE_CURVE ( 'NONE', #3583, #6894, #3705, .T. ) ;
#6781 = CARTESIAN_POINT ( 'NONE',  ( 0.000000000000000000, -15.00000000000000355, 10.04999999999999005 ) ) ;
#6782 = ORIENTED_EDGE ( 'NONE', *, *, #5430, .F. ) ;
#6783 = ORIENTED_EDGE ( 'NONE', *, *, #3236, .T. ) ;
#6784 = VECTOR ( 'NONE', #6037, 1000.000000000000227 ) ;
#6785 = EDGE_CURVE ( 'NONE', #5743, #2, #1643, .T. ) ;
#6786 = CARTESIAN_POINT ( 'NONE',  ( -34.86938963724456642, -15.00000000000000355, -0.5406867373990952297 ) ) ;
#6787 = ORIENTED_EDGE ( 'NONE', *, *, #1943, .F. ) ;
#6788 = CARTESIAN_POINT ( 'NONE',  ( -5.049999999999991829, 4.000000000000000000, -8.500000000000007105 ) ) ;
#6789 = ORIENTED_EDGE ( 'NONE', *, *, #5588, .T. ) ;
#6790 = FACE_BOUND ( 'NONE', #2971, .T. ) ;
#6791 = VERTEX_POINT ( 'NONE', #5303 ) ;
#6792 = VERTEX_POINT ( 'NONE', #6877 ) ;
#6793 = AXIS2_PLACEMENT_3D ( 'NONE', #6788, #3714, #5843 ) ;
#6794 = AXIS2_PLACEMENT_3D ( 'NONE', #2887, #2266, #6621 ) ;
#6795 = LINE ( 'NONE', #2531, #1774 ) ;
#6796 = CARTESIAN_POINT ( 'NONE',  ( -18.54999999999999005, 4.000000000000000000, -8.500000000000007105 ) ) ;
#6797 = EDGE_LOOP ( 'NONE', ( #4372, #5540, #3166, #5175 ) ) ;
#6798 = AXIS2_PLACEMENT_3D ( 'NONE', #410, #1455, #4553 ) ;
#6799 = CARTESIAN_POINT ( 'NONE',  ( 20.05000000000001137, -15.00000000000000355, 43.09999999999998721 ) ) ;
#6800 = DIRECTION ( 'NONE',  ( -0.000000000000000000, 1.000000000000000000, -0.000000000000000000 ) ) ;
#6801 = AXIS2_PLACEMENT_3D ( 'NONE', #417, #4078, #2544 ) ;
#6802 = VECTOR ( 'NONE', #373, 1000.000000000000000 ) ;
#6803 = ORIENTED_EDGE ( 'NONE', *, *, #1852, .T. ) ;
#6804 = CARTESIAN_POINT ( 'NONE',  ( 14.50000000000001243, -15.00000000000000355, -8.500000000000007105 ) ) ;
#6805 = CARTESIAN_POINT ( 'NONE',  ( -36.15909329039983788, 4.000000000000000000, -3.950009283574258845 ) ) ;
#6806 = EDGE_CURVE ( 'NONE', #2260, #435, #2132, .T. ) ;
#6807 = LINE ( 'NONE', #2434, #5022 ) ;
#6808 = ORIENTED_EDGE ( 'NONE', *, *, #4660, .F. ) ;
#6809 = ADVANCED_FACE ( 'NONE', ( #6448 ), #1052, .F. ) ;
#6810 = AXIS2_PLACEMENT_3D ( 'NONE', #1922, #3489, #5583 ) ;
#6811 = DIRECTION ( 'NONE',  ( -0.000000000000000000, 1.000000000000000000, -0.000000000000000000 ) ) ;
#6812 = ADVANCED_FACE ( 'NONE', ( #6387 ), #4190, .F. ) ;
#6813 = CARTESIAN_POINT ( 'NONE',  ( 14.50000000000001243, 4.000000000000000000, -0.000000000000000000 ) ) ;
#6814 = CARTESIAN_POINT ( 'NONE',  ( 4.842585647671040050, 0.000000000000000000, -12.36871268571469784 ) ) ;
#6815 = FACE_OUTER_BOUND ( 'NONE', #3734, .T. ) ;
#6816 = VECTOR ( 'NONE', #6381, 1000.000000000000114 ) ;
#6817 = EDGE_CURVE ( 'NONE', #5989, #4891, #2268, .T. ) ;
#6818 = ORIENTED_EDGE ( 'NONE', *, *, #4955, .T. ) ;
#6819 = CARTESIAN_POINT ( 'NONE',  ( -33.76267115700605359, 4.000000000000000000, 2.107980548257108122 ) ) ;
#6820 = EDGE_LOOP ( 'NONE', ( #3887, #3656, #3945, #2078, #3692, #5285, #974, #4960 ) ) ;
#6821 = ORIENTED_EDGE ( 'NONE', *, *, #975, .T. ) ;
#6822 = ADVANCED_FACE ( 'NONE', ( #4255 ), #1123, .F. ) ;
#6823 = DIRECTION ( 'NONE',  ( 0.000000000000000000, -0.000000000000000000, 1.000000000000000000 ) ) ;
#6824 = ORIENTED_EDGE ( 'NONE', *, *, #2338, .T. ) ;
#6825 = FACE_OUTER_BOUND ( 'NONE', #72, .T. ) ;
#6826 = ORIENTED_EDGE ( 'NONE', *, *, #3174, .T. ) ;
#6827 = DIRECTION ( 'NONE',  ( 0.000000000000000000, 0.000000000000000000, -1.000000000000000000 ) ) ;
#6828 = ORIENTED_EDGE ( 'NONE', *, *, #391, .F. ) ;
#6829 = ORIENTED_EDGE ( 'NONE', *, *, #3537, .T. ) ;
#6830 = CARTESIAN_POINT ( 'NONE',  ( 33.05000000000001137, -15.00000000000000355, -28.05000000000001137 ) ) ;
#6831 = ADVANCED_FACE ( 'NONE', ( #2617 ), #4747, .F. ) ;
#6832 = DIRECTION ( 'NONE',  ( 0.3645726552835139023, 0.000000000000000000, -0.9311749454423310368 ) ) ;
#6833 = ORIENTED_EDGE ( 'NONE', *, *, #2959, .F. ) ;
#6834 = LINE ( 'NONE', #6726, #526 ) ;
#6835 = FACE_OUTER_BOUND ( 'NONE', #4391, .T. ) ;
#6836 = ORIENTED_EDGE ( 'NONE', *, *, #3666, .F. ) ;
#6837 = VECTOR ( 'NONE', #5983, 1000.000000000000000 ) ;
#6838 = ORIENTED_EDGE ( 'NONE', *, *, #3469, .T. ) ;
#6839 = AXIS2_PLACEMENT_3D ( 'NONE', #1684, #1651, #6457 ) ;
#6840 = FACE_OUTER_BOUND ( 'NONE', #6344, .T. ) ;
#6841 = ORIENTED_EDGE ( 'NONE', *, *, #6075, .T. ) ;
#6842 = CARTESIAN_POINT ( 'NONE',  ( -34.71272867277878049, 4.000000000000000000, 11.23799951544756937 ) ) ;
#6843 = DIRECTION ( 'NONE',  ( 0.000000000000000000, 0.000000000000000000, 1.000000000000000000 ) ) ;
#6844 = DIRECTION ( 'NONE',  ( 0.000000000000000000, 1.000000000000000000, 0.000000000000000000 ) ) ;
#6845 = AXIS2_PLACEMENT_3D ( 'NONE', #2512, #2616, #947 ) ;
#6846 = CARTESIAN_POINT ( 'NONE',  ( -33.76267115700603938, 0.000000000000000000, 15.79598934727884796 ) ) ;
#6847 = EDGE_CURVE ( 'NONE', #3797, #5665, #5338, .T. ) ;
#6848 = LINE ( 'NONE', #4191, #3351 ) ;
#6849 = CARTESIAN_POINT ( 'NONE',  ( -4.549999999999991829, -15.00000000000000355, -27.55000000000001137 ) ) ;
#6850 = CYLINDRICAL_SURFACE ( 'NONE', #537, 0.9999999999999974465 ) ;
#6851 = PLANE ( 'NONE',  #3488 ) ;
#6852 = EDGE_CURVE ( 'NONE', #2019, #3320, #4712, .T. ) ;
#6853 = ORIENTED_EDGE ( 'NONE', *, *, #1815, .T. ) ;
#6854 = ORIENTED_EDGE ( 'NONE', *, *, #3631, .T. ) ;
#6855 = CARTESIAN_POINT ( 'NONE',  ( 0.000000000000000000, 4.000000000000000000, 43.09999999999998721 ) ) ;
#6856 = DIRECTION ( 'NONE',  ( 1.000000000000000000, -0.000000000000000000, 0.000000000000000000 ) ) ;
#6857 = VERTEX_POINT ( 'NONE', #598 ) ;
#6858 = FACE_BOUND ( 'NONE', #4640, .T. ) ;
#6859 = VERTEX_POINT ( 'NONE', #1538 ) ;
#6860 = ORIENTED_EDGE ( 'NONE', *, *, #5436, .F. ) ;
#6861 = DIRECTION ( 'NONE',  ( 0.000000000000000000, 1.000000000000000000, 0.000000000000000000 ) ) ;
#6862 = VERTEX_POINT ( 'NONE', #6846 ) ;
#6863 = CARTESIAN_POINT ( 'NONE',  ( 20.05000000000001137, 4.000000000000000000, 23.54999999999998650 ) ) ;
#6864 = ORIENTED_EDGE ( 'NONE', *, *, #2417, .F. ) ;
#6865 = DIRECTION ( 'NONE',  ( -0.8660254037844395958, 0.000000000000000000, -0.4999999999999981681 ) ) ;
#6866 = CYLINDRICAL_SURFACE ( 'NONE', #2758, 0.9999999999999974465 ) ;
#6867 = ORIENTED_EDGE ( 'NONE', *, *, #1999, .T. ) ;
#6868 = EDGE_CURVE ( 'NONE', #5182, #745, #2063, .T. ) ;
#6869 = ORIENTED_EDGE ( 'NONE', *, *, #1693, .T. ) ;
#6870 = ADVANCED_FACE ( 'NONE', ( #2722 ), #4223, .F. ) ;
#6871 = CARTESIAN_POINT ( 'NONE',  ( 29.87500000000001421, -15.00000000000000355, -35.14017244269856377 ) ) ;
#6872 = VERTEX_POINT ( 'NONE', #5793 ) ;
#6873 = DIRECTION ( 'NONE',  ( 0.000000000000000000, 0.000000000000000000, 1.000000000000000000 ) ) ;
#6874 = VECTOR ( 'NONE', #5905, 1000.000000000000000 ) ;
#6875 = CARTESIAN_POINT ( 'NONE',  ( 0.5000000000000108802, 0.000000000000000000, 42.59999999999998721 ) ) ;
#6876 = DIRECTION ( 'NONE',  ( 0.3645726552835139023, 0.000000000000000000, -0.9311749454423310368 ) ) ;
#6877 = CARTESIAN_POINT ( 'NONE',  ( 20.05000000000001137, 4.000000000000000000, -14.05000000000001315 ) ) ;
#6878 = DIRECTION ( 'NONE',  ( 0.000000000000000000, 0.000000000000000000, 1.000000000000000000 ) ) ;
#6879 = CARTESIAN_POINT ( 'NONE',  ( -36.36700498121759750, 4.000000000000000000, -18.61616568333077026 ) ) ;
#6880 = CARTESIAN_POINT ( 'NONE',  ( 19.55000000000001137, -15.00000000000000355, 0.000000000000000000 ) ) ;
#6881 = CARTESIAN_POINT ( 'NONE',  ( 1.000000000000011324, -15.00000000000000355, -9.000000000000007105 ) ) ;
#6882 = ORIENTED_EDGE ( 'NONE', *, *, #193, .F. ) ;
#6883 = AXIS2_PLACEMENT_3D ( 'NONE', #588, #3127, #4738 ) ;
#6884 = ORIENTED_EDGE ( 'NONE', *, *, #3313, .F. ) ;
#6885 = ADVANCED_FACE ( 'NONE', ( #5269 ), #492, .F. ) ;
#6886 = CARTESIAN_POINT ( 'NONE',  ( 19.55000000000001137, 0.000000000000000000, 0.000000000000000000 ) ) ;
#6887 = ADVANCED_FACE ( 'NONE', ( #2754 ), #2818, .F. ) ;
#6888 = CARTESIAN_POINT ( 'NONE',  ( 0.000000000000000000, 4.000000000000000000, 43.09999999999998721 ) ) ;
#6889 = EDGE_CURVE ( 'NONE', #6266, #5146, #696, .T. ) ;
#6890 = ORIENTED_EDGE ( 'NONE', *, *, #3345, .F. ) ;
#6891 = CARTESIAN_POINT ( 'NONE',  ( -25.82275618771045345, -15.00000000000000355, 16.61533861353128216 ) ) ;
#6892 = EDGE_CURVE ( 'NONE', #2854, #5251, #4723, .T. ) ;
#6893 = ORIENTED_EDGE ( 'NONE', *, *, #2508, .T. ) ;
#6894 = VERTEX_POINT ( 'NONE', #170 ) ;
#6895 = CARTESIAN_POINT ( 'NONE',  ( -25.82275618771046410, 0.000000000000000000, 29.30334741255390085 ) ) ;
#6896 = ORIENTED_EDGE ( 'NONE', *, *, #2116, .T. ) ;
#6897 = DIRECTION ( 'NONE',  ( -0.000000000000000000, 1.000000000000000000, -0.000000000000000000 ) ) ;
#6898 = ORIENTED_EDGE ( 'NONE', *, *, #6227, .F. ) ;
#6899 = CARTESIAN_POINT ( 'NONE',  ( 24.87500000000001066, 0.000000000000000000, -37.44957351945705426 ) ) ;
#6900 = DIRECTION ( 'NONE',  ( 0.000000000000000000, 1.000000000000000000, 0.000000000000000000 ) ) ;
#6901 = EDGE_LOOP ( 'NONE', ( #3084, #328, #3325, #5119 ) ) ;
#6902 = VECTOR ( 'NONE', #470, 1000.000000000000000 ) ;
#6903 = ORIENTED_EDGE ( 'NONE', *, *, #4150, .F. ) ;
ENDSEC;
END-ISO-10303-21;
